{"type":"FeatureCollection","crs":{"type":"name","properties":{"name":"EPSG:4326"}},"features":[{"type":"Feature","id":1,"geometry":{"type":"Polygon","coordinates":[[[77.39355784991608,23.42155154218633],[77.39316920317378,23.42188891068655],[77.3927674135459,23.422035397361796],[77.39235521875993,23.422143227711995],[77.39212880168733,23.422146697350033],[77.39196444402137,23.422002916932037],[77.39183760986009,23.421786906663225],[77.39182285796073,23.421506478247096],[77.39189759992158,23.421164965939596],[77.3920676559766,23.420726451487827],[77.39217323775333,23.42030086722021],[77.39213195256781,23.4201641591271],[77.39195735568855,23.419990678377996],[77.39161898265685,23.419885392306448],[77.39127117510762,23.419795179295168],[77.39103323433315,23.4196973106351],[77.39092353051893,23.41971391860046],[77.39080131725453,23.419754604211388],[77.39050912658342,23.419878506364032],[77.39033225043788,23.419937942939782],[77.39013494544088,23.419940963370415],[77.38984841804933,23.42001999164828],[77.38961919874295,23.42004738579004],[77.38944723432145,23.420020161208523],[77.38921494114336,23.420056559386122],[77.38898647237721,23.420125740116333],[77.38887633890576,23.420118468708665],[77.38887095852428,23.419999123408097],[77.3888252262821,23.4196146704243],[77.38865742572358,23.419458996752184],[77.38838401349587,23.41936763835971],[77.38814995127376,23.41930553305219],[77.38817477240406,23.41906629924016],[77.38831302990911,23.418117722015868],[77.38861229322916,23.417307008556687],[77.38878266282782,23.417065547673033],[77.38901115931034,23.416638084935265],[77.38947214886309,23.41585020679783],[77.38964460662231,23.415602905011717],[77.39000560373907,23.415085238315566],[77.38982196151144,23.41368776358449],[77.38988619779325,23.41330162761634],[77.38990913816052,23.412957922430387],[77.39007267132118,23.412516524005863],[77.39014119055163,23.41182876819495],[77.3903356870772,23.41113012682734],[77.39042112762017,23.41048391096607],[77.39052670915376,23.410058327394182],[77.3906076270572,23.409340524836164],[77.39068121851939,23.40909349698791],[77.39098754129752,23.4084252696617],[77.39120001840544,23.407841957307998],[77.39140209918955,23.407205898916523],[77.39137429490492,23.407098839985117],[77.39130530369567,23.40704018183184],[77.3914292569249,23.406017180528345],[77.39150272131924,23.405424890573624],[77.39152433137471,23.404827423446513],[77.39167949128496,23.404460793714286],[77.39220170329631,23.402918155662178],[77.39221625713691,23.40156840283447],[77.3923282316457,23.400599326665795],[77.3926957098926,23.399375539797017],[77.39273440846894,23.3982893517851],[77.39274802132509,23.39800299577161],[77.39176833525767,23.398209081189922],[77.39095984579853,23.39822145699057],[77.39038709700802,23.398391449122908],[77.38903712195251,23.398513612199835],[77.38868763905992,23.398507013610608],[77.3883037808312,23.398387482669055],[77.38614985084898,23.398414425489676],[77.3850721504626,23.39852776774114],[77.38490392240877,23.398537122980702],[77.38432021181045,23.398569582836593],[77.38361234790233,23.398686562786],[77.38304325459856,23.398948892895273],[77.38299295866591,23.398972077135767],[77.38302139693243,23.399123601198266],[77.38306562915993,23.39935927923362],[77.3818495262709,23.399817210013925],[77.38108832473088,23.400086778396204],[77.37990059488824,23.400238636995347],[77.37836099883853,23.40039584445661],[77.37720525320368,23.400521717431683],[77.37685236596937,23.400469761184876],[77.37623745639988,23.400526887743705],[77.37578710636662,23.400524183362673],[77.37547069581818,23.400486001386323],[77.37507089761183,23.40041564614247],[77.37467169607618,23.40037872058988],[77.37444478631592,23.400425163864455],[77.3741666419462,23.400501048773297],[77.3732881723615,23.400581276238587],[77.37188775806003,23.400707642935362],[77.37051168172383,23.40074763944287],[77.37023283936439,23.4004939042684],[77.36938048015071,23.40029664070277],[77.36844405650515,23.400028989727083],[77.36823691506584,23.400005556144514],[77.3679560771489,23.399973785676412],[77.36789568266282,23.3999612866943],[77.36784717315768,23.399951247552107],[77.36772960078129,23.399932739297853],[77.36701670798067,23.39982051794018],[77.3663192505491,23.399601780586828],[77.3652650221228,23.40027699355338],[77.36494555820553,23.4003875735475],[77.36424573270631,23.40062980829319],[77.36422588072162,23.40063667903444],[77.36404417745105,23.400314581784325],[77.36386042492687,23.400103528046657],[77.36385423222993,23.400096416575106],[77.36369158890541,23.400000469391077],[77.36347443268619,23.3998723624534],[77.36312827978941,23.399691158139465],[77.36292486957475,23.3996118535328],[77.36268950606409,23.39958506200234],[77.36252336036618,23.399487850212605],[77.36181527380305,23.398978522508884],[77.36087972212351,23.398187291601346],[77.36086522586749,23.39817503101267],[77.35927735626363,23.397240063947237],[77.3588149029348,23.39696775713911],[77.35748486478101,23.39611008190266],[77.35748296986249,23.3961088604087],[77.35519269586878,23.396385367710796],[77.3550739087977,23.396370671940396],[77.35192458373747,23.39598102920034],[77.35182799855583,23.39604509034302],[77.34961535524742,23.397512606908325],[77.34801103719974,23.39862354037501],[77.34575172679277,23.40038324556009],[77.34495787091352,23.40086094139508],[77.34284095510402,23.40152568519463],[77.3404843083686,23.402540341676783],[77.33883853339168,23.40056453042512],[77.33881874262384,23.400328352573613],[77.33877488762684,23.399591876953167],[77.3387626232891,23.399424440786536],[77.33876068911457,23.399354990570696],[77.33871755582972,23.399093279714734],[77.33867820135328,23.39884872920796],[77.33864922219823,23.398521684075337],[77.33861337970097,23.398152852292124],[77.33859069915411,23.397897270054738],[77.33855902441066,23.39754570415948],[77.33852627082722,23.39724616273682],[77.33852009285852,23.397087984657677],[77.33849689062565,23.396845018719077],[77.33847758433068,23.396818497585457],[77.33843419039937,23.396746131135014],[77.33839044282767,23.396683792989464],[77.33835139353616,23.396626165824177],[77.33827986843896,23.39651150972156],[77.33819474925616,23.396374679526748],[77.33813648100423,23.396266504691997],[77.33810551748668,23.396200376912628],[77.33807752164563,23.39614507287622],[77.3380003628315,23.396027761761236],[77.33794351855838,23.39593521387803],[77.33788855016356,23.39583854781914],[77.33784596934953,23.395792144437923],[77.33778937570106,23.39572077728016],[77.33772386514761,23.395628762053356],[77.33765582034114,23.395531899765324],[77.3375592106983,23.395386770852582],[77.33746448580958,23.39525253095914],[77.33743873094963,23.395198090043316],[77.33738162394798,23.395075705421235],[77.33733656355663,23.394995438017485],[77.33727261553177,23.394865308027157],[77.33721416846207,23.39475084796006],[77.33718696633932,23.394691492577714],[77.33715453255944,23.394590440274055],[77.33713195235231,23.394520394142337],[77.33711221680879,23.394379155026385],[77.33699002679323,23.394170665956157],[77.33682299270717,23.3938467310374],[77.33674312809947,23.393699258031667],[77.33667668455543,23.393536991666085],[77.33658621571175,23.393301282582737],[77.33652478458536,23.393160295409],[77.33672022426586,23.393099788010083],[77.33798423369207,23.39250164169711],[77.3392489646782,23.391945275825147],[77.3401665203781,23.391513530450293],[77.34103627601668,23.390939178986915],[77.34199031574427,23.390375503601437],[77.3426611319066,23.389893698581183],[77.34357399142861,23.38882902343416],[77.34397273173694,23.38832740660374],[77.34440433323132,23.387855154711183],[77.34544036401182,23.386806537530987],[77.34669516739156,23.385324679854477],[77.34708021577413,23.384781462285645],[77.34746867587965,23.384065018991386],[77.3488951666552,23.381360548891028],[77.34620324917182,23.37874365069297],[77.34523024453684,23.37712205407271],[77.3429028840626,23.376834486032106],[77.33996010627853,23.376496380691044],[77.33838479955071,23.375934740481497],[77.33635804360453,23.375081250138336],[77.33629743212988,23.37494481120197],[77.33621260552106,23.37453404216304],[77.33614437644519,23.374332027618404],[77.3359579618974,23.374030264358236],[77.33556502356487,23.373755471586442],[77.33520049559264,23.373616531661558],[77.33492050304447,23.373520263022385],[77.3347584105087,23.373498797588784],[77.33454085040377,23.373520335895044],[77.33440324973606,23.373533958841495],[77.33420298282225,23.373548891528756],[77.33336279685385,23.373591289774946],[77.33333260002229,23.372236196501067],[77.33338097544225,23.3716741484277],[77.33328769384217,23.370779805201224],[77.33318252525508,23.36994535669481],[77.33330713113726,23.368934302733948],[77.33329085281638,23.368743455400192],[77.33324480245484,23.367221394121778],[77.33350929591525,23.366811380921973],[77.33363183542971,23.366421401120732],[77.33374904328076,23.365726950856878],[77.33439918081935,23.364069095753898],[77.33522192857018,23.362665440098038],[77.33525185495846,23.362527648771042],[77.33549653424022,23.36246427898802],[77.33578836076721,23.362507693867542],[77.3362147269156,23.362477439564376],[77.33720063826466,23.362265649275784],[77.33765912549714,23.362222968765767],[77.33817018092346,23.362227272967296],[77.33868665639264,23.36217177861556],[77.33899984454678,23.361958091585787],[77.33954443466236,23.361754976805713],[77.33982469839455,23.361582227365552],[77.33990238488356,23.361419096972085],[77.34033748745301,23.36114983973385],[77.34103312739458,23.360984169476275],[77.34135873650104,23.36107468569943],[77.34164873692266,23.36111132043397],[77.34168728569277,23.361115648210696],[77.34188781344301,23.361134527715475],[77.34211051886798,23.361157470189976],[77.34217658246197,23.361144086398156],[77.34230223473581,23.3611530429303],[77.342391563871,23.361162412515046],[77.34246162506918,23.361160483912077],[77.342525184618,23.36113206547664],[77.34255474874219,23.36111213306923],[77.34258253229471,23.361058520353282],[77.34259363348656,23.360978868492484],[77.34259238946032,23.36093119294839],[77.34261629329785,23.36087658693305],[77.34264906244111,23.36084487170321],[77.34268735202032,23.36082106238614],[77.34275248807619,23.36079032104751],[77.34278629629189,23.360779111823167],[77.34281313341441,23.360759988484226],[77.34284081664424,23.36072587944868],[77.34287933821564,23.36066438371467],[77.34289017759174,23.360636997859345],[77.3428884440274,23.36060418756233],[77.34288017451824,23.360571666311284],[77.34285103106689,23.360516149383898],[77.34282256851203,23.360489004900234],[77.34278566917898,23.36047269561296],[77.3427126584787,23.360454992005682],[77.3426615619179,23.360449027284055],[77.34260984580914,23.360446827063498],[77.34257965179556,23.360448908157082],[77.34252827978604,23.360437722221366],[77.34248448886667,23.360414991077967],[77.34246610760444,23.360392632683688],[77.34246425565036,23.360357586013823],[77.34244981883303,23.36024114795075],[77.34244253336044,23.360165232582958],[77.34242651373326,23.36012557875788],[77.3424043913355,23.360094417215723],[77.3423681528979,23.36007508981295],[77.34229825162792,23.36005425803344],[77.34228610334098,23.360041341034854],[77.3422630945609,23.360024418564176],[77.34220111970149,23.35998305848707],[77.34216576667617,23.359949490176255],[77.34215002447057,23.359915056466292],[77.34214019767043,23.359884098319686],[77.34213207573414,23.359838864300972],[77.34212653139771,23.359811455035302],[77.3421364973271,23.35978219622668],[77.34219184564992,23.359744623070316],[77.34224574549343,23.359695155532563],[77.34226149640678,23.359683247985824],[77.34227257915299,23.359670704191924],[77.34229974757592,23.35964316360579],[77.34234757843849,23.359606566102016],[77.34245028342444,23.359536204101918],[77.34250698346,23.359486385317812],[77.3425217339216,23.359469065053958],[77.34251877380515,23.359447542151244],[77.34251816448416,23.359397032969227],[77.34250585878824,23.35934287794791],[77.34249673473262,23.35930566693453],[77.342473785576,23.359253603253133],[77.34243549676911,23.359171244163104],[77.34240600637847,23.359113384604797],[77.34236294379072,23.359028926071872],[77.34232271626897,23.358956108996487],[77.34227774548971,23.35886562376539],[77.34222332169837,23.358794943424122],[77.34218552366771,23.35874322663776],[77.34214299028238,23.35868187858231],[77.34209536786977,23.358605684071613],[77.34204911910939,23.358534597949184],[77.34200252564987,23.358450788785138],[77.34196866044931,23.358396496129696],[77.34194751327504,23.35835613552213],[77.3419432684927,23.35833845495178],[77.34194516965533,23.35831289047748],[77.34194284518308,23.358285588120353],[77.34194755090074,23.358240491349317],[77.34196467940625,23.358181551286407],[77.34198819376152,23.358110332165488],[77.34201336645823,23.358048512239733],[77.3420432066987,23.358003483058184],[77.34207051142165,23.35795752019555],[77.34209634620237,23.357937229572233],[77.342122768437,23.35791030485027],[77.34214682072465,23.357886340091234],[77.34218866101978,23.35785997672407],[77.34228491818537,23.357801233063217],[77.34234997756174,23.357769338684],[77.34239599858556,23.3577441560087],[77.34245024592727,23.357708992392823],[77.34250606361003,23.357669122763685],[77.34256183072002,23.357634819989748],[77.34262998756971,23.357603223743478],[77.34268238731359,23.3575814594195],[77.34273140243353,23.357567794825794],[77.34275915780549,23.357561069736523],[77.34282538488176,23.357554567722662],[77.34291385568643,23.357551075339167],[77.34297368863919,23.35754870069469],[77.34299282230165,23.357543396128275],[77.3430066441942,23.357527543452715],[77.34302918125056,23.35751167752904],[77.34305986257142,23.357452791821828],[77.34307341529528,23.35739405092268],[77.34308637677749,23.357356872910813],[77.34308931324372,23.357323707896672],[77.34310591761064,23.357287898192684],[77.34314513249096,23.357221043428755],[77.34318568351797,23.35716689160153],[77.34321487552553,23.357143115317193],[77.34323523276584,23.3571330283004],[77.34327653266055,23.35712177926749],[77.3433186378522,23.357107186165727],[77.34338367132595,23.357072855588402],[77.34343419657584,23.35704600868201],[77.3434657666061,23.357033358522447],[77.34352011733229,23.357025629614956],[77.34354702426674,23.357029323216477],[77.34358125374061,23.357042983469263],[77.34367703985515,23.357088117115758],[77.3437130507085,23.357105448806575],[77.34373750835948,23.357110271022822],[77.34377345430235,23.35711110565706],[77.34381292592514,23.357087700987844],[77.34383376658447,23.35705961591021],[77.34384317332498,23.35703127760128],[77.34385556509957,23.356978258250255],[77.34387125190865,23.3569201748711],[77.34387540988925,23.356882227567382],[77.34389511076668,23.356846717881073],[77.34393583821458,23.356794356195184],[77.34398380608916,23.356752091985364],[77.34400542969404,23.35673665433178],[77.34403200884621,23.35672763564161],[77.34408151368471,23.356716404121748],[77.34413445624014,23.356710639127844],[77.34421413475397,23.356703372237863],[77.34428062286763,23.356693084090924],[77.34434790084171,23.356686994085816],[77.34438991439424,23.35668468980403],[77.34445988315593,23.35667279429371],[77.34459160700217,23.356647078677305],[77.34468224315798,23.35662979330445],[77.34477703081656,23.35661840505823],[77.34479861047703,23.356619093549508],[77.344825457152,23.356637404865896],[77.34484786133342,23.35665832115954],[77.34486834263222,23.35666567204234],[77.34488910364391,23.356661690436024],[77.34491411717754,23.356652288487503],[77.34494685725967,23.35664340063985],[77.34497881751159,23.356636441353444],[77.34499898529585,23.356623536077162],[77.34504829026876,23.356617029041157],[77.34511652074704,23.35661513082681],[77.34514345812622,23.356619294190832],[77.34516740867691,23.356632580621135],[77.34522730753446,23.356653356664946],[77.34527861283316,23.356669368087438],[77.34532801351405,23.356679828867367],[77.34535906681585,23.356684235662904],[77.34541095768967,23.35669222853699],[77.34546477044657,23.356699616920864],[77.34553276087402,23.35670433033429],[77.34561451987624,23.356713488234497],[77.3456977141133,23.356715473300255],[77.34578228015152,23.356720702497856],[77.3458536473471,23.35672994486626],[77.34590347426135,23.356737119404436],[77.34595438974591,23.356739481079227],[77.34601072500267,23.356746255839337],[77.34603148146833,23.35674915571815],[77.34600907769862,23.35665571598082],[77.3459784069341,23.356549806606555],[77.3459722176759,23.356528431308483],[77.34595539305036,23.356414830578995],[77.34593829284097,23.356321952490564],[77.34592947435749,23.35626251203307],[77.34593204897642,23.356224092092358],[77.3459306974818,23.356184294016344],[77.34594220263119,23.356126295341156],[77.34592635825172,23.35610206599735],[77.34589636084384,23.35602920920696],[77.34586229923252,23.355936254674916],[77.34584612211822,23.355877188750082],[77.34583469950668,23.355832773597324],[77.34581140539773,23.355763427013503],[77.3457968535244,23.35570751094015],[77.34578489407359,23.355637090264604],[77.34577497371843,23.35557632800706],[77.34577477643849,23.355510818287954],[77.34577566247921,23.35544741147882],[77.34578486258458,23.355341797263982],[77.34579010850987,23.355260799505707],[77.3458004993634,23.355152610551883],[77.345800034712,23.35507409847642],[77.34579774783364,23.35500100984811],[77.34580380288315,23.354884675724065],[77.34580468535432,23.354796573574856],[77.34579341679982,23.35469601305494],[77.3457834787028,23.354561947054172],[77.3457464507412,23.354549257082844],[77.34563956707369,23.354525304527208],[77.34563489821944,23.35449381778017],[77.34563661599046,23.354462174600833],[77.34561730617544,23.35441773994464],[77.34558474182042,23.35435097501325],[77.34554830115931,23.354232462505855],[77.34549465831708,23.35405091811081],[77.34547214284547,23.353987290071032],[77.3454447211755,23.353870426502656],[77.34542831468545,23.35381916343278],[77.34540417409951,23.353733464780408],[77.34537901854834,23.353622276767382],[77.345380734881,23.35354145238125],[77.34535497062022,23.353473533092973],[77.34531256341509,23.353496322493978],[77.3451946360659,23.353746668865796],[77.34507560083381,23.353852096325134],[77.34488624420698,23.35388682355183],[77.34456739738424,23.35392349209679],[77.3442307237361,23.35392853664999],[77.34393791434796,23.353972786666034],[77.3436206086487,23.354097127961698],[77.34293741719885,23.354529903894772],[77.342315629343,23.35501756557742],[77.3418465678641,23.355351460756484],[77.34123536427686,23.35595057573958],[77.34073428384633,23.35642845353011],[77.34032788166591,23.356888967869068],[77.34008200524802,23.357147766288996],[77.33987859107606,23.357366066469563],[77.3396396672546,23.357529091550017],[77.3393740053128,23.357644679677286],[77.33913312257445,23.357696116710102],[77.33885798772492,23.357764010692545],[77.3386684830978,23.357790761580826],[77.33828891367237,23.35781238001275],[77.33805680326643,23.357871657478054],[77.33782469157494,23.357930934704275],[77.33754885786136,23.357958973986406],[77.33734264416934,23.358017862739725],[77.33713657152435,23.358084721889238],[77.3369757579999,23.35827049283798],[77.33674616056425,23.358473236154484],[77.33636938158156,23.35865425947126],[77.33599106510835,23.35874760774945],[77.33541209555894,23.35872436244879],[77.33502277390384,23.358682337971658],[77.33454767894484,23.358673484456695],[77.33419512136851,23.358758471317675],[77.33400890677909,23.35788186395067],[77.33394892224734,23.35773856605104],[77.33391991748321,23.35764643247976],[77.333851004209,23.357410128746803],[77.33377388355015,23.357169847742593],[77.33368924883568,23.356925601584145],[77.33359496434272,23.356679891880336],[77.33350272672777,23.356435493612043],[77.33341048771011,23.356191096189136],[77.33331273508429,23.35594595317065],[77.33328060087936,23.355854709876084],[77.3332673357856,23.355769882471915],[77.33324439887126,23.355714746249994],[77.33324965682931,23.355500063004193],[77.33324994918304,23.355488188902296],[77.33325856697829,23.35545134448563],[77.33330554332959,23.355250545872533],[77.33335003427172,23.355014588646664],[77.33339177503386,23.354777943156453],[77.33342939688282,23.35453994119063],[77.3334573870805,23.354299841705302],[77.3334833309182,23.354058429747152],[77.33351620247275,23.35381652082395],[77.33355319166989,23.353575964024426],[77.33359219645476,23.353337990284793],[77.3336312003264,23.35310001752155],[77.33367570642761,23.352889565573243],[77.33368201384349,23.35285973559412],[77.33368470010568,23.352845866151327],[77.33372869429708,23.35261873642268],[77.33376777114154,23.35237758540423],[77.33382133384987,23.35213799462134],[77.33381899395405,23.352044164789167],[77.33380363015733,23.351900166023395],[77.33374238278105,23.351661470695138],[77.33370776304837,23.351521443800618],[77.33368322341347,23.35142218090855],[77.33363489027577,23.35119327947263],[77.33344773583292,23.351077336611446],[77.33339527200928,23.350952944854555],[77.33329321666453,23.35071470976421],[77.3331911618121,23.350476474501647],[77.3331026083249,23.35025249525675],[77.33322592260217,23.350016834272818],[77.33335197234065,23.349782499985686],[77.33338758013552,23.349722488963003],[77.33362742927319,23.34969673820131],[77.3337431050241,23.349688230244112],[77.33372274165804,23.349638530965997],[77.33367013346145,23.34953091950654],[77.33364134166533,23.34947202500164],[77.33361191174879,23.349402133076225],[77.33357278637699,23.34930396320232],[77.33355700166022,23.34926197423754],[77.3335470381984,23.349138111657243],[77.33354443365926,23.348972719589895],[77.3335403625474,23.348806846584633],[77.3335353055318,23.348640954695252],[77.33353666121512,23.348474735173234],[77.33354592568531,23.348307315108784],[77.3335586478229,23.348139511516482],[77.3335580055195,23.348060226262415],[77.33356842180697,23.3479499049701],[77.3335670845813,23.347926723453913],[77.33360659055931,23.347916633662656],[77.33359874857331,23.347873826112554],[77.33359279261157,23.34783012205297],[77.33365538923118,23.347815886312258],[77.33378833094618,23.347769612612744],[77.33389994214541,23.34772222526059],[77.33393819329339,23.347704383161123],[77.33402353964927,23.3476587131623],[77.33416611976756,23.347600573432377],[77.33430141499151,23.347549694918357],[77.334393801109,23.347507436043813],[77.33453493488149,23.347447028629855],[77.33462138515364,23.347402240765422],[77.33468344063324,23.347368024906107],[77.33466985551253,23.347191719551226],[77.33464124402119,23.347011641089114],[77.33456584058679,23.346702659648972],[77.33453490599969,23.346568859567128],[77.3344628024791,23.34628078951593],[77.33444237456015,23.346183100658845],[77.33442982943298,23.346126103467288],[77.33436471176648,23.345808060330455],[77.33436372114002,23.345798715683863],[77.33435229010058,23.345690842728036],[77.33433197952381,23.34534126443016],[77.3343264995246,23.345250821461025],[77.33430070961089,23.34481080014254],[77.33427186152127,23.344508470070366],[77.33425858233244,23.344369294389786],[77.33420386551487,23.34392753891798],[77.33413907674452,23.343485583459355],[77.33412060473788,23.343361010484458],[77.33415869884925,23.343257707720138],[77.33422478447984,23.34328315305675],[77.33428969940104,23.34330794193465],[77.33434265138389,23.343297246308044],[77.33438269812869,23.343303673265943],[77.33441478379574,23.343297457101297],[77.33445581114235,23.343272817110936],[77.33449514847665,23.343229051644748],[77.3345167823555,23.34321430646504],[77.3345621480447,23.343209333266515],[77.33465157197739,23.343210133402447],[77.33467168976844,23.343203434245293],[77.334697464278,23.343170657996406],[77.33470431877704,23.343127225028596],[77.33472145184248,23.34307665367427],[77.3347537559594,23.343026138879758],[77.33478092528767,23.343002202262923],[77.33484449118025,23.343016194846125],[77.33489632481346,23.34303093291496],[77.33497142919624,23.34305249672866],[77.3350398152779,23.343053612918794],[77.33506841786948,23.343013549739254],[77.33508536087282,23.342971294985407],[77.33509456759823,23.34291811939346],[77.33507656926582,23.34287884257616],[77.33504140978295,23.342856603574678],[77.33498917721387,23.34283598285441],[77.33491837683023,23.34281254548473],[77.33488080918845,23.342802497459473],[77.33483770153448,23.342778631860224],[77.33480040088362,23.34274533609284],[77.33475639380855,23.342691100660176],[77.33476430011231,23.342648178053782],[77.33478178623244,23.342605446741345],[77.33480625736235,23.3425714194944],[77.33484073763017,23.34253049517889],[77.33488925541243,23.34248103742163],[77.3349451382509,23.342400639497004],[77.33494650119792,23.342364440735828],[77.33493838165185,23.34234714494068],[77.33491945637307,23.34231348019123],[77.33489911517975,23.342271953477766],[77.33493032141078,23.34222288570565],[77.33497348338109,23.342174790243636],[77.33502620305285,23.34212786378744],[77.33510220607134,23.342052271627466],[77.33516100207792,23.341995675479982],[77.33520554420227,23.341933899913524],[77.3352095454491,23.341898731763223],[77.33519495786304,23.341873230604],[77.33519597414585,23.341852200703652],[77.33517977623876,23.3418156529591],[77.33517780105204,23.341785751555165],[77.33518333200372,23.341753551182222],[77.33520175779995,23.341716222529147],[77.3352328115752,23.341697015078577],[77.33530464497747,23.34167543409712],[77.33535679560065,23.34167647191745],[77.33541704262366,23.341695781469365],[77.33549386930665,23.341735004509218],[77.33552923938545,23.341736441482407],[77.3355669838734,23.34171565214729],[77.33561056548172,23.341672460735026],[77.33565927337997,23.341614683587736],[77.33574370345767,23.341566184325973],[77.33578178901008,23.34155372432606],[77.3358481227026,23.341539867371843],[77.3359680107073,23.3415353966326],[77.33602375232631,23.341553883960064],[77.33604187059932,23.341576273279923],[77.33605825848106,23.341604503400116],[77.3360494611974,23.341663073221405],[77.33605548085046,23.341702356319484],[77.33607297738675,23.341728649245532],[77.33610626668077,23.341739590875296],[77.33614759227011,23.341736742175115],[77.33618214240026,23.341715889026855],[77.33622199218794,23.341696119248613],[77.33625087315343,23.34169033019052],[77.33629250768874,23.34170878102698],[77.33630567039681,23.341738415229347],[77.3363118688845,23.34176986923772],[77.33632712516871,23.341801013371313],[77.33635540727599,23.34179814834614],[77.3364268487427,23.341735683607787],[77.33648074318795,23.341683884667248],[77.33653045850167,23.341628575809455],[77.33659792715251,23.34156529728419],[77.33663889844213,23.34155460763963],[77.33666321252026,23.341585441836802],[77.33667405510361,23.341623351645282],[77.33668177618463,23.341681271614505],[77.33669585689618,23.341717286978877],[77.336725785721,23.341805021488202],[77.33677870261397,23.3417957914333],[77.33679966545235,23.34176389802747],[77.33680714202407,23.341728066536383],[77.3368008755618,23.341699548519966],[77.33678565313463,23.341666936492462],[77.33676547933753,23.341618070421244],[77.33676626410319,23.3415838190731],[77.33677881852297,23.341570360391746],[77.33681870121106,23.341549124366892],[77.33685616482201,23.34154056774462],[77.33690823826113,23.34155653431202],[77.33697338312992,23.341548037602934],[77.33700771556765,23.341513472463294],[77.33704996411126,23.341482001624456],[77.3371471356171,23.341400222499335],[77.33718302828878,23.34140215835629],[77.33721213755554,23.341409591693555],[77.33731677023766,23.341443491043698],[77.33740304799043,23.341465276934464],[77.33744561857159,23.341466122019654],[77.33747117942208,23.34144264260563],[77.33745595400231,23.34139852673134],[77.33742052137838,23.341365023009633],[77.3373621505592,23.341333512357377],[77.33731932368688,23.341297413606917],[77.3373337092868,23.341273712038927],[77.33737024796045,23.34122426036249],[77.33742091554281,23.34117386455985],[77.33749045317612,23.341113075359456],[77.33757195896888,23.341110779020102],[77.33765407930164,23.34111657133532],[77.33776910974396,23.34111494052224],[77.33786874189005,23.341111534832095],[77.33790840556594,23.341123093743636],[77.33794252494968,23.341155836492778],[77.33797436811011,23.341183392674672],[77.33804495106405,23.341193117748222],[77.33810992095111,23.34121545942071],[77.33813016788412,23.341237890297613],[77.33813497766428,23.341283513338237],[77.33813084145434,23.341324552304975],[77.33814002095505,23.3413653668172],[77.33815341844587,23.341384724256837],[77.33819168718249,23.3413874435258],[77.3382078357883,23.34134492911539],[77.33822865851013,23.34129589952528],[77.33825078542161,23.34125962317147],[77.3382834269682,23.341205932585535],[77.33831426434952,23.34118451594701],[77.33834743677208,23.341177342313124],[77.33839823571715,23.341167581506713],[77.33845488020623,23.341169930432365],[77.3384833576402,23.341181755487508],[77.338546337823,23.341221191218697],[77.33862059307553,23.341256445210007],[77.33867785117897,23.341266881874756],[77.33874701613075,23.341268745734297],[77.33877590557188,23.341239458910525],[77.33878051652127,23.341200875750506],[77.33874593380388,23.341118681304998],[77.3387113701554,23.341070509349585],[77.33868920116876,23.341015730073487],[77.33868487307629,23.340937562435418],[77.33870019834038,23.34091926339441],[77.33879512608786,23.34088884003019],[77.33886981181406,23.34085899285499],[77.33892394527292,23.340819925679273],[77.33895921593908,23.340779260642428],[77.33899504340245,23.34074913094635],[77.33905217839492,23.340718444965077],[77.3391227839326,23.340727190933233],[77.33923519026263,23.34073554226232],[77.33933407646617,23.340741422702383],[77.33944582836881,23.340766650332316],[77.33956370931962,23.340803259453253],[77.33958281534659,23.34088710419708],[77.33960064122022,23.340968721983003],[77.33962333470028,23.341047009204352],[77.33964023156224,23.341122734219294],[77.33963521594734,23.3411536299206],[77.33970058917305,23.341103032172178],[77.3397435159967,23.341088487692062],[77.34001433930742,23.340996726864997],[77.3400381012685,23.340850865670017],[77.34006472650772,23.340779156029406],[77.3400644521701,23.340734457467022],[77.34012740431001,23.340656108589176],[77.34005466377005,23.340594388050274],[77.34000538113753,23.340556337250927],[77.33990368737659,23.340477818132978],[77.33932776882448,23.340136015185244],[77.3387500123905,23.339808210746483],[77.33850751323489,23.339652787762816],[77.3380489405103,23.339394471162095],[77.33801443212785,23.33938359164717],[77.3378957354201,23.339395770687936],[77.3374620210778,23.33946530809233],[77.33687130520521,23.339567372305652],[77.33661323607369,23.339555847092388],[77.3362473981834,23.339561236362414],[77.33593723858829,23.339605208701855],[77.33532733836903,23.339658164063255],[77.33491336794961,23.339763419286616],[77.3346314492828,23.33984680218268],[77.33444452722968,23.339876655072832],[77.33337301457445,23.339970014850337],[77.33271002037131,23.340065209102058],[77.33223809320144,23.340114142350693],[77.33207469423921,23.340142016433866],[77.33200150809157,23.34017310463343],[77.33186710940004,23.340284523860927],[77.33182973317665,23.340305030728153],[77.33165924044609,23.340337987024803],[77.33149066638086,23.340375854892827],[77.33125518633611,23.340405114467355],[77.33090217187556,23.340387440597368],[77.33069062601564,23.340360995811007],[77.33057287394875,23.340315168091845],[77.33052406522536,23.340309509699875],[77.33039118424914,23.340331849892088],[77.32934351487629,23.340520791651766],[77.32868366700623,23.3406736246317],[77.328417628344,23.340706763200505],[77.3280966966569,23.34074644896746],[77.32773864113074,23.34077640551736],[77.32771387640267,23.340796668342122],[77.32763087051941,23.341024180256777],[77.3276079464622,23.341046057276454],[77.32712197421647,23.3412334757975],[77.32658475419291,23.34143428448143],[77.32587867489642,23.341691880734817],[77.32582335426747,23.341716028556156],[77.32580639169886,23.341810400093763],[77.32579067280811,23.341860121564416],[77.32575164629586,23.341887254686945],[77.32518147808234,23.342136213326306],[77.32481529614077,23.342298767000038],[77.32477412783263,23.342315074310687],[77.32475161282989,23.342323990898254],[77.32471509346419,23.342338457564736],[77.32436195917707,23.342501883827644],[77.32410512959791,23.34262059004634],[77.32369181258116,23.342862043849504],[77.32338740524055,23.34303757283637],[77.32283329785486,23.343318630471284],[77.32249686633627,23.343449470075008],[77.3220002293046,23.34365331837391],[77.32184590047594,23.34378046374569],[77.32141706520099,23.34417619960087],[77.32135594325996,23.344207523154175],[77.32121841929985,23.34426292530542],[77.32064619368948,23.34440714640327],[77.3198941539986,23.344646498087762],[77.3194839104432,23.344758237525316],[77.31901159312419,23.34478728237004],[77.31822679333855,23.3448414400279],[77.31758750549068,23.34488312186154],[77.31757314907489,23.344875148300492],[77.31756251787999,23.344861211083206],[77.31752280851327,23.34466718118748],[77.31750504000328,23.34458035793014],[77.31749748827657,23.34455548947713],[77.31749546709992,23.34457011433017],[77.31748823407483,23.344582302616406],[77.3174818996793,23.344592978422106],[77.31745553365103,23.34461254290007],[77.31743042300056,23.344622799119502],[77.31728263212509,23.344640150917677],[77.31725262273825,23.344642683535245],[77.31724189071399,23.344632246347047],[77.31720982809263,23.344541069874527],[77.31719512776206,23.34453270663652],[77.31713833444553,23.344524600754053],[77.31703077328635,23.34452538749915],[77.3170098369685,23.344521173537185],[77.31699910405922,23.344510737269314],[77.31696870283686,23.344436223291403],[77.31693613636999,23.34431987651742],[77.3169006025768,23.344208817021382],[77.31686707597262,23.34414163618565],[77.31685728589405,23.344127418945387],[77.31684233292607,23.344124052464096],[77.31670555036246,23.344133145640782],[77.31670202312375,23.34413338005102],[77.31658821309566,23.344143974037213],[77.31645075479166,23.344152809000324],[77.3164086418537,23.344159806347083],[77.31638515676067,23.344174827810697],[77.31608299294194,23.344379289066083],[77.31600390952835,23.34443494644831],[77.3157537524971,23.344600817937632],[77.31563226978236,23.344683702501566],[77.31557198887668,23.34472483003103],[77.31539490284271,23.344845709619722],[77.315264139272,23.34496024657354],[77.3150951214728,23.34509637791319],[77.31489694239157,23.345235273080217],[77.31474343687374,23.345342296060018],[77.31458176613474,23.345471598971976],[77.3144503427865,23.34556613264443],[77.31422147549932,23.345730631748943],[77.31407388793237,23.345837385364774],[77.31387573580085,23.345964019501974],[77.31375450152713,23.34605124722719],[77.31361603548007,23.346157376485873],[77.31353518864844,23.34622622103823],[77.31336653919557,23.346338086613684],[77.31319953488392,23.346455685003924],[77.31279760499415,23.3467128099265],[77.31272658570727,23.346779743244056],[77.31261248299505,23.346857176626955],[77.31244593926486,23.346967755092116],[77.31238620573242,23.347008260700502],[77.31235215906192,23.347045188625458],[77.3123190401024,23.3471064025089],[77.31229719674963,23.34714699946877],[77.3122894645707,23.347152787213556],[77.3122522876733,23.347148181933093],[77.31218986494801,23.347137710174028],[77.31216180180007,23.34713635351825],[77.31214915932796,23.347142129383094],[77.31204587631689,23.34720317757679],[77.31188820365163,23.347290121419764],[77.31170556773634,23.347380014865227],[77.31154642452813,23.347454156794225],[77.31124367770268,23.34759989398864],[77.31102619939078,23.34771716441642],[77.3107648735994,23.34785203360456],[77.31056574483107,23.347953722309697],[77.31035923611759,23.348050653386323],[77.31017068254376,23.348129806421213],[77.30987142162351,23.348283937343815],[77.30969392743515,23.348365006135833],[77.30955347693848,23.348416284940534],[77.30933302356704,23.3484738253079],[77.30912548209277,23.348534766341956],[77.30893591708738,23.348585281791916],[77.30873484796321,23.34863459593289],[77.30856564532398,23.34867870840102],[77.30840558156714,23.34871509980328],[77.30830899097637,23.34873823876607],[77.30792428434528,23.348822478588108],[77.30787481178871,23.34883801451381],[77.30769370551258,23.348871773210124],[77.30746483493094,23.348926709313947],[77.30739497129322,23.34893837741341],[77.30732408411107,23.348946592892883],[77.3072665105824,23.348962583967744],[77.30718578552164,23.348977228573695],[77.30712515651838,23.34900172826931],[77.30692922349296,23.34907416362663],[77.30676766869027,23.349148616128105],[77.30675975391301,23.34915248895055],[77.30664786374992,23.349207230847064],[77.30650661087711,23.34930108876354],[77.30641245221999,23.349359575014894],[77.30632048274421,23.34938128940651],[77.30625661787316,23.349386941997935],[77.30618432392518,23.34939644462369],[77.30610748231588,23.3494131339478],[77.30599798239284,23.34943028938437],[77.30588425086822,23.349456467330068],[77.30584391664064,23.34946946889407],[77.30580279598799,23.349482723209974],[77.3057083213625,23.349501957910697],[77.30549629169076,23.34955564015262],[77.30530812972796,23.349604864311125],[77.30516801024345,23.349622092008456],[77.30498411669927,23.34964616270344],[77.30482057111253,23.349670284151752],[77.30470334538974,23.349690000158112],[77.30455176802738,23.34970371514242],[77.30440766851164,23.34972287392761],[77.30430377927466,23.349738022845674],[77.3042493475149,23.349745159790004],[77.30410355803562,23.349770475300588],[77.30397870568977,23.349783061652467],[77.3038401868209,23.349803260722517],[77.30372233036101,23.3498219703523],[77.30361701441822,23.349834582721027],[77.30345280422975,23.349857799371094],[77.30343797773553,23.349858927614136],[77.30338746653722,23.349862774411886],[77.30334078552131,23.349868241558674],[77.30331876846651,23.349870821932566],[77.3032230027972,23.349878318955263],[77.30309624216915,23.349884683340395],[77.3029761609903,23.34989979319901],[77.30279218556977,23.34991064362475],[77.30255233283037,23.349931190602273],[77.30231944060802,23.349955778542657],[77.30222704454289,23.349964323592573],[77.30205838108274,23.349981366448638],[77.30202208562902,23.34998281877147],[77.30198131546469,23.349987339410465],[77.30186540589395,23.350005619977857],[77.3017118185378,23.35002269941737],[77.30158527400971,23.350040398949293],[77.30146348785661,23.350067823692388],[77.30135904247456,23.350081431053244],[77.30132218472288,23.350084420738295],[77.30125575975725,23.350076557200396],[77.30117681356799,23.35006868340039],[77.30101269294823,23.350053904969435],[77.30084994131369,23.350044763082582],[77.30070477999354,23.35004030010816],[77.30058251539657,23.350033838677216],[77.30051026650186,23.350035214170163],[77.30036564392694,23.350038966252026],[77.3001643715799,23.35004669442429],[77.30013343729816,23.350048114738165],[77.3000901026487,23.350050105666526],[77.3000426456708,23.35004844794786],[77.29995490185078,23.35006109447032],[77.2997289474279,23.350083198915154],[77.29957872904993,23.35009155629391],[77.29941988797601,23.35010661821366],[77.29923670697329,23.350123109459474],[77.29915406318334,23.350125987180736],[77.29909865267406,23.35011718399649],[77.29901328707365,23.35009078960762],[77.29890597619264,23.350052956978665],[77.29870717773798,23.34997271968918],[77.2985117084003,23.349896552456233],[77.29842803219367,23.349864514576232],[77.29836717625821,23.349862309788772],[77.29834820991586,23.349855075364452],[77.29834376400808,23.349846335833135],[77.29834438102745,23.34982169231131],[77.29834675661758,23.349762141560817],[77.29836207239993,23.3496777566942],[77.29838073681024,23.34957768490526],[77.29839780045953,23.34946800966352],[77.2984182279167,23.349331488845223],[77.29844593426101,23.34920184347451],[77.29848651884532,23.349041241350363],[77.29851203791611,23.348913132376744],[77.29853915080912,23.348782789627606],[77.29855499802106,23.348692978668765],[77.29856967825182,23.348642497692598],[77.29858434983804,23.34857732867872],[77.29859679364147,23.348510101184925],[77.29859920770035,23.348435326330605],[77.29859812394889,23.348181336539156],[77.2985947534122,23.347955662060674],[77.29858834024203,23.347835504713142],[77.29858624845804,23.3477759422701],[77.29857848111052,23.347755384588222],[77.29857742267828,23.34773125111297],[77.29858536381307,23.347683786182017],[77.29863107683816,23.347504837474123],[77.29865369258185,23.347387318610647],[77.29867424205175,23.347204237346507],[77.29868506072718,23.347115954862673],[77.29868637438265,23.347033808886504],[77.29868694969174,23.34702964129316],[77.29870062816146,23.34693064648325],[77.29873175914648,23.346667298386976],[77.29875739244767,23.34638839842941],[77.29876522985037,23.346208471818006],[77.29877337520709,23.346157970260567],[77.29878480814965,23.346110399694854],[77.29882797583326,23.345956324912624],[77.29887143151547,23.345793416657525],[77.29889784999271,23.345666456215802],[77.2989160190758,23.345540741430295],[77.29894685612076,23.345378666393863],[77.29897422013948,23.3451409354285],[77.2989817804517,23.34503402221819],[77.29898197568772,23.344952283065663],[77.29899185859628,23.34493148994319],[77.29904453354862,23.344798933799357],[77.29904885347487,23.34477487108974],[77.29904591006465,23.344724629644965],[77.29903461754814,23.344609271514297],[77.29903533702335,23.344562805531076],[77.29904092883903,23.34451579161148],[77.29906139103947,23.34439457564423],[77.29908269797653,23.34427059464026],[77.29910144498483,23.344102496524474],[77.29913751982792,23.34380925326678],[77.29917163181534,23.343533741167516],[77.29918984078135,23.343414836380383],[77.2992225973249,23.343317087835594],[77.29926555430652,23.343181761131927],[77.2992889218301,23.343134149997436],[77.29928296277787,23.343069322780842],[77.2993212025274,23.34300930086118],[77.29933097364018,23.34299460471071],[77.29935176334284,23.34289339033464],[77.2993638399,23.342857576458133],[77.29946371164044,23.34258409758302],[77.2995410939501,23.342367045036237],[77.29965558353425,23.34211019171059],[77.29971575062598,23.34196479388972],[77.29975894042889,23.341819744464875],[77.29982836540849,23.341604667282564],[77.29988869797027,23.341363233757466],[77.29993982021774,23.341201613458264],[77.29995705077341,23.341102674197824],[77.30001320753554,23.34074438292309],[77.30004674953818,23.340389868984147],[77.30007328001534,23.340152151786995],[77.30009720616022,23.34004749063178],[77.30012784871681,23.339963582209144],[77.30015970317125,23.339881331828565],[77.30018808506934,23.339799491894365],[77.30023122629318,23.339675177128257],[77.30027452775686,23.33952445785385],[77.30033698917418,23.339335906490916],[77.30039052392131,23.339195458052338],[77.30041097188553,23.33913142579911],[77.30042460162339,23.339088748512506],[77.30047749865527,23.338909940996963],[77.30047915947158,23.33890432636376],[77.30053721877816,23.338691194220342],[77.3005883548478,23.33852335424877],[77.3006338281955,23.338365866806893],[77.30066921778955,23.338234955734585],[77.30069309987216,23.338148958232175],[77.30074199169677,23.337975926453062],[77.30077159342467,23.33785572703717],[77.3007762649191,23.33779796963639],[77.30079805177854,23.33764457231721],[77.30081635758002,23.337532638870684],[77.30083482369139,23.33735331165377],[77.30084417517479,23.337217064581772],[77.30086717188239,23.337029453211933],[77.30088206665063,23.336928917935886],[77.30088079943475,23.33691263003585],[77.30087879158533,23.33688682195481],[77.30087340821659,23.336780015404166],[77.3008544473732,23.336693911191407],[77.30083872710674,23.336666914987955],[77.30083545639158,23.336620248761662],[77.30082679942595,23.336467813708325],[77.30082363688278,23.336355167135828],[77.30081519994886,23.336110453866816],[77.30080307475774,23.33591498702532],[77.30079118310945,23.33570033269039],[77.30078699316594,23.335485869038795],[77.30078615895812,23.335443185416345],[77.30079688867698,23.335323145948905],[77.30080973957574,23.335092340965712],[77.30081754922632,23.33491306339968],[77.30081474311271,23.33456083918928],[77.30080601135387,23.3342963290538],[77.30075069172155,23.3340024407788],[77.3007108541189,23.33390499073388],[77.30061121570907,23.333718537393548],[77.3005330357586,23.333575870307808],[77.30048094093252,23.33344805452191],[77.30044570624206,23.333352019533688],[77.30035840653815,23.333092171050186],[77.30033878433368,23.333059965441834],[77.30030934479343,23.33301165017905],[77.30016217088134,23.332761617559626],[77.29987133982664,23.333210897307374],[77.29931962728932,23.333522698717346],[77.29907306048607,23.33362548703472],[77.29888006547857,23.333721290533713],[77.29873457540876,23.333847385173662],[77.29862955996751,23.333985281385324],[77.29849024736494,23.334080295492118],[77.29843048472627,23.33417076747091],[77.2985552267099,23.33434585292014],[77.29857653040519,23.334413717717418],[77.29852519611259,23.33455082495657],[77.29819342009984,23.334772623874258],[77.29799350014419,23.33485613182716],[77.29763498675166,23.33508451924156],[77.29739597868117,23.335236777461496],[77.29710136764814,23.335278287967764],[77.29684509871286,23.335207672521097],[77.29662962514253,23.335167447311072],[77.29650053100139,23.335076371928665],[77.29637517283271,23.334939262157523],[77.29627543235789,23.334885461596404],[77.29619236859453,23.334850227273435],[77.29615080874589,23.334827528573427],[77.29611471149332,23.33479295015274],[77.2960883384268,23.33474958372333],[77.29605952056768,23.3346988828039],[77.29601125808438,23.334627934605724],[77.29587427008755,23.334496363436152],[77.29565173569866,23.334506214187524],[77.29538385919376,23.334541131427297],[77.2950833915396,23.334632307803282],[77.29480284075127,23.33471079635689],[77.29468961805017,23.334762039305346],[77.29459322524,23.335011369582187],[77.29448373100968,23.335279486020372],[77.29438648466008,23.33547924498652],[77.29412254645332,23.335743427507825],[77.29394999595186,23.3358575184061],[77.29363674176909,23.33598606708066],[77.29337589262838,23.336039472719644],[77.29326863361361,23.336047241407023],[77.29315551675911,23.336104680210745],[77.29299489513967,23.336131824817812],[77.29279401134428,23.336159558361302],[77.29261304628473,23.336174604422293],[77.29245870858861,23.336176864536455],[77.29225090230484,23.336192303727216],[77.29214385641485,23.33621246479467],[77.29209028008455,23.336219447472892],[77.29200304632903,23.336220724700556],[77.29191549319604,23.33620341215246],[77.29185403576994,23.33614233188489],[77.2918110012007,23.336034087886564],[77.29179155958516,23.336016370571784],[77.29174287946786,23.335958387224153],[77.29167244960263,23.335868322696435],[77.2916056025455,23.335760162536403],[77.29157404795711,23.33570347849081],[77.29150694038151,23.335588507507854],[77.29142905394123,23.335495734698178],[77.29138287281904,23.33545250478434],[77.29120259199283,23.335430302530433],[77.29070204579797,23.33540452816103],[77.29042289737018,23.335449591805546],[77.29026509629664,23.33540461581027],[77.29016961859067,23.33541074175188],[77.29009477945652,23.33542602157005],[77.28991590028055,23.33554527158108],[77.28953468721666,23.335710036186466],[77.28944248553745,23.335708232478254],[77.28929551809019,23.3356977725813],[77.28922065191861,23.335711475995115],[77.28910637143935,23.335815595261074],[77.28899620711162,23.335960634107145],[77.2888835201739,23.336157722356727],[77.28873901124837,23.33629065346017],[77.28863380735085,23.336326865430244],[77.28842757269469,23.336344066765665],[77.28828028000287,23.336314696327957],[77.28816803802775,23.336239106436853],[77.28811904370791,23.33616889695121],[77.28799843172241,23.33610288597485],[77.287895128816,23.336050808048217],[77.28779136146697,23.336071237161526],[77.28765606226851,23.336144140552413],[77.28751718333989,23.33630693566924],[77.28742506636361,23.336392564744052],[77.28737386698097,23.33644016010123],[77.28720923970543,23.336592005031715],[77.28719510786661,23.336711764059775],[77.28728670585254,23.336705444713946],[77.28738463678206,23.336753826544925],[77.28740936775483,23.336937775978495],[77.28740310304988,23.337201878877405],[77.28737415848846,23.33740155591123],[77.28732410629219,23.337631215133285],[77.28725982286106,23.337729336973457],[77.28723973630522,23.337751866087427],[77.28720729779593,23.337772821257122],[77.28717981109939,23.33778049991236],[77.28714347418897,23.337783241533685],[77.28708597298514,23.337779845006942],[77.28700544420401,23.337765919288675],[77.2869656596652,23.33776561697524],[77.2869489668999,23.337768448046134],[77.28689015461985,23.33779265323297],[77.28687297382596,23.337798522671214],[77.28684896558391,23.33780672439786],[77.28681616182561,23.337807460750945],[77.28676188235974,23.337804582074867],[77.28663123965843,23.337781858089162],[77.28661193498172,23.337775793874176],[77.28653024036407,23.33777221278897],[77.28647437289001,23.337766364096982],[77.28641586442272,23.337755070792017],[77.28633793373827,23.337734169014386],[77.28630148086218,23.33772156508097],[77.28622796515108,23.337704733570153],[77.2861742873365,23.337694464315643],[77.28616567595743,23.33769538498989],[77.28612085838131,23.337717724145023],[77.28606983570604,23.337753925815512],[77.28600658983005,23.33779338125711],[77.28595356931295,23.33783192957091],[77.28589816372947,23.33787955866934],[77.28581035475565,23.337962218000108],[77.28576383067872,23.337995391756397],[77.28572753955277,23.33801445878995],[77.28567364054386,23.338029826537774],[77.2856353411071,23.338044326392374],[77.28558183615448,23.338057887574493],[77.2854988900148,23.33807500549839],[77.2854411342256,23.338101190579128],[77.28538315932938,23.338132931382802],[77.28532849535549,23.33817491758432],[77.28530409615962,23.33819889146863],[77.28527908923601,23.33823075017975],[77.28526157646216,23.338266609375136],[77.28524628245785,23.33829459656148],[77.28523678935912,23.338335157350823],[77.28522848773065,23.33836270475479],[77.2852262263955,23.338375506993152],[77.28522606641923,23.338394241767634],[77.28522419594245,23.338424304676785],[77.28521846227967,23.338464413179658],[77.28521588099979,23.338514684968523],[77.2852165553728,23.338624150221424],[77.28521227192819,23.338684764111832],[77.28520436727993,23.33872679445251],[77.28519384789185,23.338762214718077],[77.28517182618798,23.33881698210743],[77.28512989964923,23.338878294825772],[77.28510205005813,23.338928373892056],[77.28507854707675,23.33896534142649],[77.28506062778948,23.338985913773143],[77.2850464333823,23.339010951975464],[77.28502679095901,23.33904432928018],[77.28500048844504,23.339092589703142],[77.28498306071869,23.339118589353063],[77.28497646547459,23.339135302990528],[77.2849622969641,23.339157383034923],[77.28492471938037,23.339202188769157],[77.28488188627117,23.33924377244909],[77.28483802102313,23.339280417678196],[77.28478429968816,23.339323557137742],[77.2847366733122,23.339359680790707],[77.28468747324646,23.339391354004245],[77.28463012130861,23.339422102820404],[77.28457936738795,23.339446860986452],[77.28456259435633,23.33945906061449],[77.28453658078573,23.33948302092287],[77.2844980107369,23.339529075823137],[77.28446378570177,23.339570231355964],[77.28444519162721,23.339594975705765],[77.28443213191572,23.339613119757203],[77.28442440683044,23.33963623402686],[77.28440676193512,23.33968737831388],[77.28437217335716,23.339764764591415],[77.28435198091921,23.33979961773176],[77.28432142050025,23.33985214150282],[77.28426466540279,23.339935771132545],[77.28421456920854,23.340009347923573],[77.28417465935377,23.3400743789356],[77.28413961953002,23.34014757694038],[77.28410566054146,23.340220291384206],[77.28407439975433,23.340286370980408],[77.28405133671656,23.340342403654084],[77.28404245074906,23.340375370251415],[77.28402546241296,23.340412713541827],[77.28400199615469,23.34045296590042],[77.28396803278626,23.340516036286047],[77.28393094012576,23.34057787883222],[77.28390327075584,23.340606758436888],[77.28386208312253,23.340644408835043],[77.28381977384669,23.340673356240877],[77.28376629419301,23.34070253189136],[77.28372790209086,23.340727877080134],[77.28369600686868,23.340747849550702],[77.28366502820941,23.3407660145457],[77.28361252455646,23.340806538429025],[77.2835930301411,23.34082265944962],[77.2835648140338,23.340852521456608],[77.2835338935454,23.34088433459531],[77.28351091455431,23.34091544489217],[77.28347078254781,23.34095556890569],[77.28341762295015,23.341009893748858],[77.28338342546238,23.34104759860737],[77.28334545205546,23.341086752960255],[77.28326557048864,23.341172675325268],[77.28321236501392,23.341232424704675],[77.28319437334478,23.341261377051392],[77.2831655821897,23.341295671211487],[77.2831214884707,23.341338984526974],[77.28306349871075,23.34139228416477],[77.28300823612994,23.3414411688022],[77.28293441997725,23.341498524706704],[77.28256568912995,23.341886332761533],[77.2823126283313,23.342043522401372],[77.28204496298783,23.342094655799855],[77.2818002437249,23.341991954037855],[77.28163503152355,23.34198472610906],[77.28159645228558,23.342095094420692],[77.28155497730113,23.342233132124374],[77.28150980260538,23.342355944360893],[77.2814637420765,23.342498643115402],[77.28142981169154,23.34259655194423],[77.28140779248105,23.342660920486306],[77.28138239825171,23.34274699591883],[77.28136447593666,23.342793860168694],[77.28133432319026,23.342891031528715],[77.28132414644286,23.342942714389356],[77.28131089002792,23.342975337145003],[77.28129574821094,23.343000804184523],[77.28126697289792,23.34302735783519],[77.28119239408358,23.34309877739484],[77.28112805551278,23.343296958075246],[77.28096064094208,23.34345194287781],[77.28079215210751,23.343544129672775],[77.28038000804536,23.343595001365514],[77.28011768916362,23.343598822950753],[77.27998729489816,23.343645587936894],[77.27985219721201,23.343701395684718],[77.27977608289916,23.34379672232828],[77.27968669636958,23.343968515252293],[77.27950872070309,23.344074298790492],[77.27922448660313,23.344217522463882],[77.27901583095449,23.34423402062076],[77.27855725110076,23.344411188819368],[77.2784065057109,23.34440441012762],[77.27822822538779,23.34441278631526],[77.27812976409064,23.344417411398094],[77.2780747625904,23.344611136347943],[77.27803387639,23.34477773523774],[77.2780696423235,23.34488040657106],[77.27805816999278,23.34503737796403],[77.2780534352128,23.345041393103486],[77.27803109485892,23.345184062187567],[77.27792166129957,23.34532025296305],[77.2776382822608,23.345389304226977],[77.2772973702054,23.34543411594455],[77.27714303899273,23.345452966384954],[77.27707528629483,23.345487161100934],[77.27696427265779,23.34551534432434],[77.27682033167783,23.34551079570306],[77.27665031372716,23.3454534930069],[77.27652715306598,23.345402150175616],[77.27626919594731,23.34524981927127],[77.27611194797211,23.345308561242653],[77.27591851604299,23.34535454625747],[77.27564320393171,23.345238996464392],[77.27557437386426,23.34524181422818],[77.27551741156373,23.345244146491186],[77.27545376411508,23.345308170150933],[77.27538445431325,23.345461939058147],[77.27533991851439,23.345592102424625],[77.27536540059987,23.34583479274685],[77.27537856343518,23.345960162372325],[77.27529008576137,23.3460444718982],[77.27520762609494,23.34611277294201],[77.27490937428576,23.34612599840784],[77.27467668497985,23.346031588385898],[77.27441784494941,23.346097582264242],[77.27416908507745,23.346190100164076],[77.27399369702103,23.346068184915328],[77.2728864338837,23.34493742433318],[77.27257022551008,23.344801716628705],[77.27225782939298,23.344584968698623],[77.27160010518875,23.34412569209781],[77.27133795004166,23.343758188732632],[77.27079053251413,23.34285849048314],[77.27044170111182,23.34240972933772],[77.27000872218318,23.34178966113904],[77.26988028543035,23.341641501043785],[77.2697815503135,23.341567920269252],[77.26957836877678,23.341524319040246],[77.2691069159563,23.34141767533785],[77.26848928046971,23.341232091463166],[77.26775967374148,23.340914383667684],[77.26690467435331,23.34070791495817],[77.26616294086223,23.340451167518694],[77.26515614066301,23.340092878684867],[77.26457437562654,23.339951340882376],[77.26419446199492,23.33980688112894],[77.26358108952826,23.33961310944376],[77.2632421812721,23.33955721676465],[77.26287653330897,23.339477393821458],[77.26260310131694,23.339400289191207],[77.26197300480605,23.339255386923135],[77.26127318229037,23.339139859620758],[77.26040558641154,23.338965958686735],[77.25959579095453,23.33883579980536],[77.25921705112631,23.33876020939086],[77.25863829550482,23.33861335796296],[77.25771964474366,23.33841673889279],[77.25766999204261,23.33833163361849],[77.25758963485353,23.337976635964843],[77.25756001932407,23.337874076781056],[77.25752125550082,23.337780233705104],[77.25748009839687,23.337544818749286],[77.25741229970532,23.33738273673791],[77.25723445446319,23.337033434614458],[77.25712215932273,23.336713224846527],[77.25710161753605,23.336597662776757],[77.25705820949605,23.336503885727364],[77.25699033930928,23.336337512080874],[77.25683463834429,23.335923525484812],[77.25675667856301,23.335710095764323],[77.25665534603257,23.3354884215676],[77.25650545220078,23.33514300691529],[77.25646786177107,23.334568547623764],[77.256440499985,23.334324351206934],[77.25634497925708,23.333896622811494],[77.25631986612473,23.33378541693144],[77.2562690587646,23.333528685622387],[77.2562406831179,23.33322442953694],[77.25622675142672,23.332950002919286],[77.25620889979608,23.33271854270373],[77.25619823085592,23.33263716623014],[77.25624672932454,23.332207362011935],[77.25623476380231,23.33136171894869],[77.25637183520193,23.33018494774008],[77.256394034142,23.330032057174254],[77.25653818283358,23.32976298067075],[77.25668839884588,23.329364131501837],[77.25691991212996,23.328887824925488],[77.25703696272298,23.328481825049977],[77.2570626496921,23.328046627180044],[77.257133239435,23.327824381859863],[77.25706526515393,23.326246251660407],[77.25704424658049,23.325491329291925],[77.25712323384309,23.324788363708784],[77.25714362726674,23.324528699801366],[77.2570938281143,23.324025932443018],[77.25712893528824,23.323659255869547],[77.2572619815569,23.32322251201083],[77.2574199327828,23.322793036658652],[77.25745413516297,23.322372973181622],[77.2575171184315,23.32170075256212],[77.25765416772353,23.32101220823819],[77.2579026988999,23.320566170001552],[77.25811225669247,23.320258006102637],[77.25831705164848,23.319179428232438],[77.25833486361617,23.318767230820825],[77.25840996779674,23.318323691396618],[77.25858030119899,23.317649923672505],[77.25866392023131,23.31722151899002],[77.25872883099329,23.316663698473466],[77.25889740659548,23.316401224300034],[77.25913928589573,23.31602460995626],[77.25933928817264,23.315640298746843],[77.25942205406267,23.31524497251006],[77.25948049947607,23.31496580672035],[77.25971319221219,23.314213078678794],[77.25977492707725,23.313717232100927],[77.25991435472808,23.31307686804146],[77.26006966266516,23.312487156512343],[77.26012771727078,23.312365817899504],[77.26026800079136,23.312072604066458],[77.26037487551608,23.311876781046124],[77.26040546770236,23.31161267122795],[77.260411901612,23.31137929936764],[77.26041477962235,23.311274857198832],[77.26042386973593,23.311243236413954],[77.26043046820206,23.311137223751583],[77.26056810927483,23.310635597564776],[77.26069224848426,23.310254768110877],[77.26076655303913,23.309919751917988],[77.2608529642485,23.3096044498677],[77.26090318540467,23.30931481404673],[77.2609973180232,23.308941525091495],[77.26110932888487,23.30867069606682],[77.2613313101046,23.307927343582037],[77.26147545860948,23.30743057022384],[77.26151124739614,23.307307228856494],[77.26166139824004,23.306522245835108],[77.2616972891354,23.306334613565916],[77.26174598392856,23.305910358315234],[77.26177200902256,23.305728837857135],[77.26179453080611,23.305531442699255],[77.26179564180838,23.305214920995137],[77.2618166490188,23.304927970628036],[77.2618188713121,23.304677123017242],[77.26186694759167,23.30446144405417],[77.26190199361014,23.304239980471785],[77.26193087912758,23.304036522327817],[77.26196430927797,23.303719534209012],[77.26194006880186,23.3030510414781],[77.26194653265509,23.302668752269078],[77.26199895018789,23.30232760219205],[77.26205348929452,23.302111829006744],[77.26206964752951,23.301920498122918],[77.26207803069327,23.30165164533427],[77.26202076572599,23.301324022613585],[77.26195396699472,23.30122010308142],[77.26206335929533,23.301160958370428],[77.26227901630497,23.30104435846257],[77.26233316904754,23.300991938290966],[77.26270893065931,23.300441231659327],[77.26338292925696,23.299313576493976],[77.26394631023823,23.29837383830373],[77.26430947991149,23.297828741823224],[77.26520499030529,23.296650107148714],[77.26581729808134,23.295241465716746],[77.26606175863787,23.294406657056157],[77.26617720575831,23.29419955774404],[77.26654698321698,23.293740355886605],[77.26674871408306,23.29343645931923],[77.2670476620243,23.292766769950635],[77.26780522045287,23.29177645592585],[77.26841197487207,23.291115409699195],[77.26870498037552,23.290552208627027],[77.26915812309998,23.289825452377144],[77.2695652730798,23.28913160820449],[77.26996018922331,23.288631426500466],[77.27033575301226,23.288124509899312],[77.27050685373035,23.28793078319144],[77.27059361217128,23.28778620334372],[77.27062208264226,23.287635302347823],[77.27071559895597,23.287429976952374],[77.27077502448374,23.28734058330521],[77.27090879499933,23.287139353657434],[77.27113212786858,23.286772939621645],[77.27120528700998,23.286652910409835],[77.27153482202489,23.28616466517096],[77.27194619167203,23.285492253745687],[77.27195121036561,23.285330943116655],[77.27195540958695,23.284664429740634],[77.27215720749585,23.284213622276035],[77.2722230526913,23.283979767676882],[77.27231905466422,23.283465996848612],[77.27247957793575,23.282868880181873],[77.27255316415773,23.282405596301643],[77.27256632500584,23.282165793433023],[77.27251756354522,23.281512015364406],[77.27245216813273,23.280249330646438],[77.27231006179662,23.279494165668925],[77.27222574818032,23.279249349697544],[77.27207546244803,23.27877378254953],[77.27203550136886,23.278552210686634],[77.2719051262087,23.278030970175273],[77.27189873214546,23.277806522225145],[77.27191398073444,23.277486213038003],[77.27187140918826,23.277329095127037],[77.27140405129006,23.276483568265547],[77.27085694327123,23.27544809476663],[77.27063303165401,23.275051942393752],[77.2703955713496,23.274680463443925],[77.27012593162473,23.27418386174714],[77.2700927849203,23.27412656662445],[77.2700365383169,23.274048207607972],[77.2699468336064,23.273855124744856],[77.26990394920573,23.273819027914456],[77.2698662686648,23.27375113516174],[77.26963932507479,23.273417148278213],[77.26958174148815,23.273314789144056],[77.26930794124185,23.27278176392638],[77.26912982448745,23.27240214460359],[77.26898537259983,23.271998076044166],[77.26885342513147,23.271739456351735],[77.2688336162532,23.27171915115578],[77.26882160910607,23.271706841589605],[77.26874490325734,23.27162821111042],[77.2686661306858,23.271596822881367],[77.26845335276992,23.271512035619633],[77.26828051430171,23.271443828118404],[77.26816702133779,23.27143804732204],[77.26792867185944,23.27143171588172],[77.26765747984327,23.27141843770262],[77.26743620677364,23.271299333001625],[77.26728983296013,23.27120589890448],[77.26710692042666,23.271133058447283],[77.2668939049271,23.27107403003697],[77.2665986560075,23.27104485323184],[77.26656561227543,23.270620136770003],[77.26653483126753,23.27032915734467],[77.26651223713392,23.2701417973692],[77.2665075137234,23.270102632247827],[77.26648516815256,23.26994771979159],[77.26647553486991,23.269880932648647],[77.26643469971822,23.269759697320666],[77.26638926125742,23.269671970372254],[77.26628396499137,23.269561222298424],[77.26614966996087,23.26941744903877],[77.26590579778572,23.26906266168817],[77.26568711237037,23.268755111302436],[77.26551911136048,23.268518838020558],[77.26572572097355,23.268199328133836],[77.26586681645287,23.267981130900644],[77.26580142378738,23.26776166541837],[77.26543125338301,23.266519307361236],[77.2654175299153,23.26613171478296],[77.26541027516947,23.266067269385843],[77.26541095493468,23.266030439101954],[77.26537765125775,23.265955422756075],[77.26536408292509,23.265920916453293],[77.26534454695076,23.265825713406578],[77.265432191567,23.26583750991626],[77.2654389994444,23.26582981199899],[77.26541282668572,23.265744077127223],[77.26532658126976,23.265504989136975],[77.26524450577288,23.265247324533156],[77.26521358467191,23.26514017659667],[77.26517237742304,23.26517373778152],[77.26509369220642,23.26517463956257],[77.26508241649945,23.26510249275835],[77.26508371142482,23.265031083942763],[77.26511608680792,23.265038696353198],[77.2651259179348,23.265027006018908],[77.26513330130996,23.265009131770228],[77.26514119587296,23.26497043382379],[77.26515483359066,23.26493471469273],[77.26518497298775,23.264845513541733],[77.26523214066829,23.264758493814234],[77.26525918434284,23.264717239899685],[77.26525837777257,23.264690202878633],[77.26524747839474,23.264628037599678],[77.26523161067179,23.26458888740263],[77.26520962759933,23.264534278997797],[77.26520756767087,23.264503112154586],[77.26521736714795,23.264490381387706],[77.26524465849923,23.264457445012088],[77.26528543261037,23.264383591633337],[77.2653058665092,23.264348224289904],[77.26536859144132,23.264251972916433],[77.26538201186098,23.264208974094092],[77.26539057144196,23.26415464952461],[77.26537091084379,23.264102065923037],[77.26531047042266,23.263933424184646],[77.26527613265354,23.2638437419608],[77.26521722742329,23.263726572122007],[77.26515223678184,23.263594985448403],[77.26513435583017,23.26352622727005],[77.26512549966748,23.26345672518824],[77.26513300632149,23.26336704690415],[77.26514277299852,23.26327731069302],[77.26515161009036,23.263232344194083],[77.26516472169658,23.263178947786184],[77.26516095934201,23.263128571410945],[77.26515321863855,23.26309650486589],[77.26513211745451,23.263033550380133],[77.26508620026217,23.262934788959686],[77.26508067372689,23.26292138554546],[77.26507157012064,23.262899304800325],[77.26495447129214,23.262906401186388],[77.26481096701548,23.262916807504023],[77.26470044416831,23.26292482232555],[77.26455376993503,23.262859843825527],[77.26446755578372,23.26284250701906],[77.26434195073422,23.26284627189],[77.26422869087965,23.26286268677518],[77.26407177994106,23.26288226105711],[77.26399035874813,23.262892418785942],[77.26380185170346,23.262909091923618],[77.26367747507766,23.262966568802067],[77.26359636465932,23.26301251590017],[77.26354893227708,23.263039383430215],[77.26337371672612,23.263145972976343],[77.26330540498365,23.26321426959539],[77.26315607886436,23.26340037308817],[77.26305794297718,23.263531365060654],[77.26299649023888,23.26363159486296],[77.26297672536566,23.26365267138208],[77.26286284960098,23.263743609092437],[77.2627914314977,23.263800639209702],[77.26274800805804,23.26383531630342],[77.26265374918073,23.263899811433177],[77.26248272592616,23.264008963772945],[77.26239214520155,23.264066775270013],[77.26224802980647,23.264144828735592],[77.26198755389356,23.264273739701316],[77.26179622322742,23.26435746082896],[77.26171540692151,23.264391832377406],[77.26153347722853,23.264469209490162],[77.2615006079966,23.26449063504575],[77.26140366457732,23.264601127137137],[77.26139553579895,23.26460950475616],[77.26138278359157,23.26462265101749],[77.26128534152093,23.264666929180194],[77.26116169275302,23.264697808054212],[77.26112041062564,23.26470811913162],[77.26097661017423,23.26473648015107],[77.26077717211884,23.264775813160842],[77.26053164471791,23.264838780303872],[77.26050511445801,23.264848362503812],[77.260490766009,23.264853544178113],[77.26031029300722,23.2649645658492],[77.25984177368613,23.265270862361618],[77.25928234475937,23.26525654891975],[77.25906371295203,23.26527604620698],[77.25874793165283,23.26537828885272],[77.2585165776016,23.265610937974184],[77.25821700122061,23.265937728925607],[77.25820524456019,23.266007171716915],[77.25819346316857,23.266151859904078],[77.2581225738949,23.26631770305223],[77.25796685333191,23.26674275104543],[77.25787124932513,23.26682295462453],[77.25777843623725,23.266838622457637],[77.25762770406884,23.26686945577078],[77.25750514011705,23.266960797392084],[77.2573757267767,23.26710598407668],[77.25713731253268,23.267456974422736],[77.25689349613039,23.267947784442665],[77.25666791860668,23.26837025305973],[77.25650609518351,23.268433493228645],[77.25641406479065,23.2684957298634],[77.25628567475673,23.268701813417938],[77.25610021042348,23.268973213824815],[77.25580382610346,23.269106467185807],[77.25547133622875,23.269168577021603],[77.25522378790875,23.269207966558035],[77.25513727504519,23.269247613087074],[77.25515852779812,23.269311673949076],[77.25517967221013,23.269426354065732],[77.25519350504034,23.26954707242025],[77.25519380671804,23.269601499501594],[77.25518028674831,23.269803270538986],[77.2551475547141,23.26991686140441],[77.25509270082274,23.270025545918784],[77.25494503070188,23.27010028554729],[77.25485741748793,23.270200139183324],[77.25482021655569,23.27024253735649],[77.25471131379254,23.27040844836031],[77.25471875764921,23.270666325520004],[77.25471456470628,23.270707531697123],[77.25442799745132,23.270903644840107],[77.25418399187858,23.271017723741355],[77.25412015198717,23.27104757039892],[77.25412344843953,23.271569580343417],[77.2540782930254,23.27163293575823],[77.25392538215293,23.27176507994718],[77.25368012828,23.271886938418856],[77.25341049993844,23.27202090598065],[77.25334325315616,23.27208111185718],[77.25335035725223,23.27213451795483],[77.25329962896282,23.27230749703094],[77.25316510795348,23.2725575982998],[77.2530333813723,23.27283051366059],[77.2529404917049,23.273022965449666],[77.25250647700838,23.27361364409019],[77.25216419322503,23.274293138951414],[77.2520066892829,23.274767415428308],[77.25195967987355,23.275047095440897],[77.25185819515225,23.27528551679464],[77.25167840296135,23.27566456289513],[77.25148348854067,23.276005607370877],[77.25111197628794,23.276423713452207],[77.25096528090477,23.276679981333338],[77.25091746679662,23.27691189756509],[77.25087344650949,23.277000435599295],[77.2507291205497,23.277151563615707],[77.25053990554608,23.277339644569757],[77.25051571460395,23.27740467732179],[77.250488448205,23.27747797418779],[77.25049294105274,23.277596550735712],[77.25062029569895,23.27808895969902],[77.25068493865314,23.278250701001667],[77.2505953253229,23.27868793311982],[77.25048722601224,23.27917917602926],[77.2503109862632,23.27946238244499],[77.25008769798914,23.279638770137517],[77.24996315774081,23.279921233898325],[77.24967265092154,23.280713687210607],[77.24940829218552,23.281523679285534],[77.24907043191607,23.28219140131398],[77.2488470373642,23.28236181675351],[77.24872715065628,23.282536719990564],[77.24852755828827,23.282969555959244],[77.24812255109177,23.28348894241081],[77.2477301667547,23.283990231664994],[77.24751774323744,23.284429222218606],[77.24725516445949,23.284576310055154],[77.24694208222054,23.28479578296991],[77.24672058673625,23.285079634635583],[77.24671763087366,23.285288691668637],[77.24669598966169,23.285539820306163],[77.2466360686501,23.28582135639926],[77.24662078930614,23.28606642188641],[77.24640820661114,23.28611127076174],[77.24612029551399,23.28612870015531],[77.24596779636535,23.286055638883894],[77.24575306923595,23.285972719364096],[77.24560760323736,23.285856559729144],[77.24551564765227,23.285693052056416],[77.24546331107459,23.285579141798053],[77.2454119371105,23.285522548437854],[77.24527161251478,23.28548155949025],[77.24498410956738,23.285453427455703],[77.24480948418314,23.285448761016546],[77.2444220579933,23.285475805675294],[77.24440919922944,23.2852560581976],[77.24442974343599,23.28493925392532],[77.24443939784061,23.284519415602094],[77.24442192163038,23.2844773043],[77.24435946317115,23.28435900426924],[77.24428328614992,23.2842052810483],[77.24422399676659,23.284085052673195],[77.2441512127349,23.283937817978916],[77.24408282053076,23.28380518319542],[77.24399959293044,23.28365457537103],[77.24393588518993,23.28353200386184],[77.24385569343616,23.28338156082033],[77.24380412025081,23.283283471065108],[77.2437261654156,23.283110034972054],[77.2436981979141,23.28303565328446],[77.24364640278715,23.28291922707975],[77.24360636986403,23.28282923698146],[77.24358647370863,23.282783316271253],[77.24355368814612,23.28270096517319],[77.24350562950325,23.282559988573638],[77.24338667974268,23.282289742834475],[77.24333189978162,23.282170462638884],[77.24327250822496,23.28201625575419],[77.24323320435148,23.28194055163055],[77.24316401174544,23.281808573614846],[77.24312615702915,23.281745907654642],[77.24307320285261,23.281645640220983],[77.2429811026401,23.28146722695274],[77.24291677022276,23.281354426717858],[77.2428478291082,23.281194792782053],[77.24280202321097,23.281066197952256],[77.24275565258755,23.280974600931565],[77.24272634120067,23.28091670172021],[77.24266130362874,23.280767438767093],[77.2426308409732,23.28070137973219],[77.24260181751983,23.280638443681198],[77.2424914875748,23.280364466965242],[77.24237414906426,23.28009290654489],[77.24229368152533,23.279899367603445],[77.24225757203638,23.279821388167736],[77.24219204188904,23.279679802921425],[77.24213108535483,23.2795500260277],[77.24207951398019,23.2794638436189],[77.24206037431674,23.27942987181205],[77.242025174759,23.279278390639927],[77.24193207423974,23.2790088596516],[77.2418073758602,23.27873339335641],[77.24167915144467,23.27845352943706],[77.24165318924634,23.278407276988148],[77.24162361581915,23.2783342072156],[77.24157918213874,23.278267327864516],[77.24151692455686,23.278169701160877],[77.24142756618723,23.2780198040255],[77.24136085174638,23.27789671671537],[77.24129964795824,23.277782686889555],[77.24068837558258,23.276767726172757],[77.24042190044,23.276140901434097],[77.24029194200102,23.275791609557952],[77.24029867336041,23.27553742678553],[77.24029710015216,23.275312839469116],[77.24012816933724,23.27481217027536],[77.24008911817769,23.274332586762302],[77.2401581586891,23.27382279588315],[77.24027085287956,23.273140390548598],[77.24029642499754,23.272678328121867],[77.24023517336983,23.27250580405464],[77.2401760854016,23.27224023724522],[77.24013702406818,23.272113410379564],[77.24010200582349,23.27197104582436],[77.24007556252586,23.271884838377968],[77.24000494065233,23.271704096349158],[77.23988552055,23.27142961628926],[77.23977448795567,23.271166803094538],[77.23967305210896,23.27089681150907],[77.23956876108463,23.27062386124374],[77.2395390050872,23.27053595512313],[77.23951535700216,23.270466087767677],[77.23947852712405,23.270357286244586],[77.23939404923141,23.270095928900368],[77.23890360239233,23.26918834128792],[77.23848016402664,23.268748692429774],[77.23837480884076,23.268698479376884],[77.23803113461203,23.268529075994678],[77.23766909067135,23.26837905606663],[77.23759913007078,23.268360929391367],[77.23603558180302,23.267875196576792],[77.23526171408966,23.267397020073382],[77.23459547964198,23.26713570086102],[77.23412907287332,23.26695015554383],[77.23415811122193,23.266762181318395],[77.23414005253308,23.266623514427643],[77.23409313818098,23.266496406778142],[77.2337422100132,23.266431516327298],[77.23294524211954,23.266268143940795],[77.23190787482739,23.265863584743588],[77.22930510416093,23.26457274196562],[77.22848561242377,23.26419127096067],[77.22860347966596,23.264119843013496],[77.2288694043363,23.263958689922717],[77.22920563839332,23.263709311092455],[77.22924584038181,23.26353883832023],[77.22930278912123,23.26329734877458],[77.22945549397797,23.262814710824838],[77.22958042065893,23.262367410030713],[77.2297206125052,23.26226932472725],[77.22990043648511,23.262205756522917],[77.23004107438584,23.262156040678928],[77.23031279413108,23.26205998670402],[77.23041588962587,23.262013358995258],[77.23047232744757,23.261987833133862],[77.23104967035127,23.260887652436164],[77.23118273499199,23.260361613007237],[77.23118548964413,23.260333493827456],[77.23123930323783,23.259784246313053],[77.2320882911563,23.259667345459015],[77.2327654215801,23.25954149720219],[77.23285176686933,23.25952544943916],[77.23287669713405,23.25951205760868],[77.23362017971219,23.259112669573902],[77.23446624696547,23.258821081907307],[77.2353751254827,23.258327672197897],[77.23596727981266,23.25811831437165],[77.23642374407916,23.257709966006917],[77.23678582798901,23.257311696237355],[77.2371426851942,23.25716683830831],[77.2374138877163,23.25698825797393],[77.23795629015612,23.256631093815006],[77.23859160792759,23.25617651035427],[77.2387896144434,23.25613288093456],[77.23860826729528,23.256168460684734],[77.23861019258943,23.256003415516023],[77.2385946992743,23.25462734681569],[77.23859515566619,23.2545692593191],[77.23859565546853,23.254505849294965],[77.23859656069602,23.25439071238282],[77.23859739772074,23.2542843872391],[77.23859762575945,23.25425533273826],[77.23860024205413,23.254088077101382],[77.23860151845453,23.254006485063776],[77.23861166169506,23.2538981445494],[77.23866732308183,23.25375644588942],[77.23869587348874,23.253659131370362],[77.23874563916715,23.253536683370484],[77.23885472832318,23.253268272410075],[77.23892437821601,23.253035537115757],[77.23894176966506,23.25296659712929],[77.23960050248388,23.251573257675265],[77.23999937266782,23.250689696225205],[77.24024572026195,23.250154681049878],[77.24059995064653,23.249307587975842],[77.24089138453978,23.248183695491385],[77.24116407007065,23.246738067968746],[77.2411858467534,23.2466226174308],[77.24129159379623,23.245757569586665],[77.24131805397116,23.2445568382121],[77.2413996821874,23.24371370472123],[77.24137428692406,23.243645781359568],[77.24129819977229,23.24336548550542],[77.24120050960904,23.24306048213158],[77.24104294184806,23.242523333602406],[77.24092933539733,23.242089132230777],[77.24091113798748,23.241897382180596],[77.24090684259387,23.241852118260983],[77.24087426322846,23.241661176253693],[77.24087214698763,23.241648773171775],[77.24080018494931,23.241291958843103],[77.24080917798956,23.240186511868984],[77.24084361864186,23.23934696715639],[77.2409171902753,23.238664523516793],[77.2415153425159,23.238357987900326],[77.24199801113852,23.238237632344504],[77.2421017001434,23.23816057513185],[77.24227248340847,23.238033655464164],[77.24251256950953,23.237898846287315],[77.24357136724379,23.237450760992495],[77.24370857675044,23.237347278433425],[77.2439844444121,23.237226884878527],[77.24459497244415,23.237024075488616],[77.24482257749511,23.236869732982644],[77.24529768000232,23.23662215477147],[77.24543544691664,23.23650877269993],[77.24561925440143,23.23619044746973],[77.24589032279174,23.23597456107812],[77.24610925839089,23.235906823055906],[77.24643496570465,23.23581473686881],[77.24683688579566,23.23545784039825],[77.2472583714581,23.2351579932638],[77.24760237446377,23.234862120181205],[77.24794567013001,23.234649294118775],[77.24853277664097,23.234504034168765],[77.24859864512837,23.234487736654234],[77.24866121143019,23.234503731724043],[77.24988401256473,23.23419885543466],[77.25043132107454,23.23409641975969],[77.25070926594927,23.234023641072746],[77.25072399252521,23.23396279246163],[77.25074407473964,23.233879817058888],[77.25069485373263,23.233811726962447],[77.25067244945296,23.233770483298652],[77.25072437436225,23.233722441893576],[77.25086005219794,23.233674634412],[77.2511032478665,23.2336568154145],[77.25137561416861,23.233621381325573],[77.25144612187484,23.233571639759987],[77.2515358758205,23.23337495361244],[77.25167117622614,23.233119806346455],[77.25177197883619,23.23296548067339],[77.25202154420305,23.232742137777294],[77.25228408058265,23.23263001639707],[77.25233522238439,23.232595049959528],[77.25235253153934,23.232583214713703],[77.2526236252831,23.232420694169324],[77.25302750488488,23.23223985583278],[77.25316236982779,23.232192725693473],[77.25375808939911,23.231954158939498],[77.25390432554879,23.23190377045842],[77.2540526781774,23.231706962485433],[77.25418694448118,23.231572624682645],[77.25463126739965,23.231211640792736],[77.2547299659778,23.231175423141377],[77.25501477508193,23.231130800462353],[77.25515915556025,23.231101903402383],[77.25522043958864,23.23116458517656],[77.2553536162713,23.231238121343377],[77.25568193234531,23.231290256733505],[77.25617166232004,23.231263753970683],[77.256310115375,23.231247994203393],[77.25670633125567,23.231190847359862],[77.25721001894212,23.23103975767462],[77.25766396078491,23.23086290915459],[77.25773324151874,23.23080873643423],[77.25777972471201,23.230741391784992],[77.25790589626725,23.230508525758694],[77.2580201897784,23.230305446161843],[77.25820986903736,23.23008345275089],[77.25838368159712,23.229986610168837],[77.25867777217361,23.229831603787442],[77.25906778881156,23.22971274233616],[77.25949668583343,23.229595635931254],[77.2599238199872,23.229474481100368],[77.26033593962589,23.22938295753346],[77.26078607081242,23.229335592833454],[77.26094718104926,23.229296491082838],[77.26111248206713,23.229307118229944],[77.2611658860297,23.22934005733093],[77.26121693169098,23.229438292208968],[77.26122940214952,23.22958944158967],[77.26123272429822,23.2297865786373],[77.26121558513825,23.229947326367014],[77.26116279282172,23.230053557650884],[77.26106070119718,23.230178840823758],[77.26100364328097,23.230326405984176],[77.26097704586145,23.230514803306768],[77.26098509620886,23.230698115750958],[77.26102190894098,23.230821400050264],[77.26109802123038,23.23092119052361],[77.26116390327302,23.23100278581357],[77.26123482410796,23.23108889356399],[77.26133558741532,23.231179156869914],[77.26143092593395,23.231241985262205],[77.26152145903042,23.23131405330027],[77.26173182578658,23.231430253333095],[77.26191180907317,23.231510204364454],[77.26228588109468,23.231640885432736],[77.26253663340972,23.231774612667937],[77.26265141466232,23.23188733274716],[77.26292946497769,23.232123792331798],[77.26312580255843,23.232290634902864],[77.2632912921703,23.232393722626586],[77.26341778999577,23.232538642745915],[77.26345026295935,23.232698675397497],[77.26345242801874,23.232827043148255],[77.26343878264966,23.23290061237506],[77.26335994946409,23.23293384734868],[77.26323638945502,23.232963142192485],[77.26312618870912,23.2329649520818],[77.26305306627255,23.232979540804457],[77.26299880524307,23.232998665188195],[77.26298066331081,23.23309981236581],[77.26296833255562,23.233251318257874],[77.26298405060956,23.23339203534939],[77.2630092458155,23.233617585775992],[77.26309341662267,23.23390068763152],[77.26316285978076,23.234193172476793],[77.2632451754443,23.234366244385836],[77.26336391867837,23.234639676065537],[77.26345034425478,23.23476224491456],[77.26352646130387,23.23486203392407],[77.26363730555822,23.234961321998114],[77.263789154451,23.23513797738335],[77.26390061780344,23.235273941367076],[77.26400107726809,23.235345865197047],[77.26409068480496,23.235362916332395],[77.26422440022898,23.235347231748985],[77.26429935815362,23.235378250912703],[77.26459081365653,23.23559416372015],[77.26481188605933,23.23575606126863],[77.26510938755824,23.236036085896668],[77.2654175858129,23.23636181213432],[77.26565548052768,23.2366381092368],[77.26587252359802,23.236855092060342],[77.26608933629024,23.23705832035216],[77.26625738937341,23.23731269520857],[77.2663418795715,23.23761413345184],[77.26640148789812,23.237911342882832],[77.2664810944341,23.238217436766735],[77.26654985078453,23.2384686582872],[77.26655364801685,23.238693302726414],[77.26666610183418,23.23920380648363],[77.26671146445507,23.239325596274554],[77.26677305343945,23.239443563218362],[77.26709309870712,23.23960994569561],[77.26765807754737,23.23983095494752],[77.26803262390136,23.23998234349697],[77.26843581743607,23.24028408510999],[77.26888417469958,23.24055501856778],[77.26923487104628,23.24083942379764],[77.2695584492237,23.24106391285937],[77.26988284562921,23.241336635219557],[77.27008704594735,23.241448266617127],[77.27038921590707,23.241564511093078],[77.27090710522634,23.24170175967026],[77.27125484701031,23.241811312872205],[77.27169464666362,23.24196174807584],[77.27185055279473,23.242030455856522],[77.27192544167494,23.242054558301106],[77.27223845838775,23.242155299390166],[77.27238425937026,23.242229325924185],[77.27248110128146,23.24226780852561],[77.27267408708919,23.242323512940256],[77.27293824722024,23.242387193864836],[77.27318912522792,23.242451500589457],[77.27331789101768,23.242476337814285],[77.27357549174125,23.242520108095167],[77.27360284080395,23.242518784172155],[77.27364214243653,23.242426353971968],[77.27382851851443,23.24206115859765],[77.27389849856479,23.241938275166948],[77.27400859905822,23.241686772964645],[77.27414910463347,23.241322491130095],[77.27417543285358,23.241238744088974],[77.27422139065416,23.24093849849026],[77.27422471033114,23.240897394582035],[77.27426942845983,23.240562967289076],[77.27427554136592,23.240499832123803],[77.2742968587393,23.240399893454228],[77.2743730127458,23.24019177607841],[77.27443811201951,23.240008508255467],[77.27448974159022,23.239818891496466],[77.27461846833843,23.23944629173515],[77.27474934775695,23.23907474822775],[77.27486406098689,23.238695788162797],[77.2749454691066,23.238440089117464],[77.27498309723705,23.2383219053513],[77.27498657364644,23.23831098525444],[77.275026867892,23.238156254941472],[77.27481607935253,23.237924208480973],[77.27472884739154,23.237921121050995],[77.27453835432996,23.23790250799913],[77.27408067548852,23.237864758054766],[77.27391520355317,23.237821678709803],[77.27391425071346,23.23733334367416],[77.27388706725947,23.236963331385404],[77.27418633014902,23.236749801870843],[77.274530747462,23.236471617299262],[77.27452320735688,23.236159982175657],[77.2745282832002,23.235853345034315],[77.274793651497,23.23578925453251],[77.27477811511629,23.235582290763993],[77.27478027652418,23.235504087189796],[77.27477586656813,23.235403088962308],[77.27477090431604,23.23528944448836],[77.27479679248248,23.23499895407836],[77.27480651635523,23.234831721228186],[77.27479276387494,23.234714011289544],[77.27471694110126,23.23441170080266],[77.27471409196858,23.234401808487082],[77.27466873178177,23.234244418043986],[77.27463331586262,23.234121523461333],[77.27462471315043,23.233836572940405],[77.27461940946593,23.233660914994584],[77.27461025480832,23.23350472654255],[77.27460486233048,23.23341269738534],[77.27442395306241,23.233006476527407],[77.27435504764014,23.23280039255368],[77.27436058390555,23.232725892332866],[77.27449201286709,23.232702490768048],[77.274852744674,23.232635159649924],[77.27529232998594,23.23249263619517],[77.27633051192271,23.232178846242878],[77.27642127121325,23.232151413801144],[77.2764118073967,23.23189834578926],[77.2764349747125,23.231740354183696],[77.2768018536124,23.230296792071442],[77.2768645071164,23.230154218567304],[77.27690740358268,23.230066961326827],[77.27693182299066,23.230016593919824],[77.27698073378296,23.229908204627968],[77.27729723119002,23.229408670573562],[77.27733303026902,23.229339409299104],[77.27741158182499,23.22920981966778],[77.27750560549772,23.229106894810396],[77.27757978494813,23.229023700136786],[77.27768765792067,23.2288424984103],[77.27771119431435,23.228753413398323],[77.27776174727907,23.228664748377216],[77.27777109064088,23.228606089611244],[77.27776884607754,23.228549986096453],[77.27772526979109,23.228269455312077],[77.27772457296584,23.22798472949075],[77.27776498082538,23.227893992869973],[77.27807051051421,23.227756745676984],[77.2781070972383,23.227740310226203],[77.27814149410092,23.227695859924072],[77.2784210457151,23.227289689447897],[77.27903315111016,23.227059922936665],[77.27907065051896,23.227004702381617],[77.27911521017747,23.22686637990729],[77.27911821702561,23.226848373135336],[77.2791304947144,23.226774844976443],[77.27914820690826,23.22656573590329],[77.27915695142264,23.226472939900567],[77.27915353653302,23.2264186366297],[77.27918651503737,23.22628186652744],[77.2792540435942,23.226118453842524],[77.2796601298777,23.225611242996518],[77.27970759418785,23.22555195601012],[77.2795185945669,23.22508361725801],[77.27947022085034,23.22494807087695],[77.27941642824037,23.224816750629586],[77.27939585234893,23.22477556845493],[77.27939349581943,23.224747807357037],[77.27942828659674,23.224672118464035],[77.27946473128229,23.224560260788135],[77.2795032580936,23.224412364082077],[77.27968980438649,23.224017697675052],[77.27975360841562,23.223756878414765],[77.27972465739057,23.223634996029126],[77.27959400567279,23.22330689275686],[77.27953525697578,23.223067700669468],[77.27952258841667,23.223021760361117],[77.27949400627944,23.222904746763575],[77.27949912884426,23.222652202764124],[77.2796005318354,23.2224137700827],[77.27970470456498,23.222095036158027],[77.27978697429856,23.22170400331024],[77.2797979824762,23.221278493264233],[77.27980201447572,23.22125031983816],[77.27983015076165,23.221051896249072],[77.2798498990507,23.220815144315306],[77.27985776373626,23.220754805620977],[77.27984151013156,23.22031639894411],[77.27981395984729,23.219838969770908],[77.27983278052659,23.219483708155746],[77.27983350799718,23.219469996940855],[77.27985242229056,23.21934878929845],[77.27985369557456,23.219340634418195],[77.27986641883753,23.219229329357884],[77.27989606469777,23.21902554910091],[77.2799121960738,23.218862594099487],[77.27991676671779,23.21884272073104],[77.27993653491816,23.218756757869087],[77.2798983227267,23.218634280493625],[77.27987728857664,23.218545508662398],[77.27985484850777,23.217980287039303],[77.27993129842909,23.21712496957977],[77.27995524250672,23.216830331143573],[77.27997632548599,23.216732565809536],[77.2799870401552,23.216633039237358],[77.2799669773152,23.216547335847668],[77.27992995508596,23.216437035712765],[77.27992839795724,23.216345331602238],[77.27995564906276,23.21629048743673],[77.27994965757027,23.216229637049885],[77.27994402510387,23.21617241311964],[77.2798593419871,23.215312213463335],[77.27977121843423,23.21511474991843],[77.27966917279062,23.214888822819148],[77.27951331080742,23.21453755125653],[77.27946726614198,23.214261127712174],[77.2794099636571,23.214009904754942],[77.27945428754062,23.21382396780581],[77.2794880959705,23.213682140661255],[77.27959904662326,23.213272235705837],[77.27960017173885,23.21323710036902],[77.27958954387707,23.213109662539086],[77.27958201120394,23.213019338828833],[77.27953520029952,23.212934397829347],[77.2794605430595,23.212799324045466],[77.27947575944361,23.212726587569033],[77.27949161918718,23.21265077234619],[77.27950812434507,23.21255737161331],[77.27943912230671,23.21245087942848],[77.27929090330326,23.21230272724381],[77.27928563773388,23.212281042838853],[77.2792739362331,23.21223285478466],[77.27924724699976,23.2121229390013],[77.27918244329176,23.21195156732747],[77.27913790742282,23.211833790138556],[77.27911974889889,23.21178577307777],[77.27910232880342,23.211641206658353],[77.27905140359599,23.211381573941],[77.27895858123375,23.21124198403929],[77.27892732358544,23.21107522705618],[77.2789375674006,23.210917421745012],[77.27896367816057,23.21078088686248],[77.278942745642,23.21046109932202],[77.27911418546759,23.2095986713833],[77.27918063343415,23.208945585068303],[77.27925650360022,23.2085431790888],[77.27931083272526,23.208394290084353],[77.27960647867793,23.207998252495212],[77.27990975352856,23.20759493726697],[77.28024310726258,23.207289122735588],[77.28053596254009,23.206881179580787],[77.28077908788435,23.206588617357298],[77.28081032326364,23.20644961762587],[77.28074563958825,23.206292900181964],[77.28066717568616,23.206150717644398],[77.28094443572867,23.20597709263917],[77.28110854679123,23.205902976986394],[77.28148044095502,23.20573502122408],[77.28196650645239,23.205443709416276],[77.28228370026234,23.205099906744884],[77.28250715080365,23.204714465294778],[77.28259739120593,23.204573916360683],[77.28275639639256,23.204326262452348],[77.28300328569148,23.20407738943966],[77.2831146400242,23.20396514109436],[77.28324109366106,23.20372682066363],[77.28340868772088,23.203324275210132],[77.28351262659231,23.202977595509537],[77.28357455000663,23.202743795594206],[77.28376766677468,23.20224652463914],[77.28393777305835,23.201763920513603],[77.28389806331282,23.20125211549859],[77.28387842174037,23.20100875048569],[77.28388590627169,23.20076499185166],[77.28395746703269,23.20064212743778],[77.28396931497895,23.20042697025761],[77.28400908211825,23.200257987325987],[77.28401074311667,23.199899653971336],[77.28399140574811,23.199674200668973],[77.2841030541958,23.198945212211843],[77.28412622394346,23.198711974568532],[77.2841181463494,23.19846485954727],[77.28418422567165,23.198019596082375],[77.28436907585531,23.197264463150123],[77.28442809511007,23.19708803422105],[77.28446175446247,23.19701588367178],[77.28452925377003,23.196949117646337],[77.28458087912485,23.196824153946004],[77.28459940367252,23.196697759959275],[77.28458689304013,23.196569905965745],[77.28461062209745,23.19650649836887],[77.28467154230644,23.196320248406522],[77.28467357086359,23.196294201168122],[77.28467847212585,23.196231258292567],[77.28466184647577,23.196130205187067],[77.28465835490425,23.19611022328348],[77.28478662398886,23.195364314099916],[77.28478670596022,23.195278094990115],[77.2846705166212,23.19511516559761],[77.28452145921237,23.19486405926177],[77.28424879253745,23.194423058572653],[77.28424582592253,23.194417461142514],[77.28416817708192,23.19427094463722],[77.28416527625585,23.194265469267002],[77.28389098819272,23.193860476162516],[77.28387447548471,23.193838047522558],[77.28376426227027,23.193688336283635],[77.28360224775452,23.193202802281004],[77.28337731611916,23.19206156094642],[77.2833532010058,23.191891991276524],[77.28331192820762,23.19160106146475],[77.28329031711633,23.191120979148007],[77.28328954590185,23.191112752496196],[77.28327544676765,23.19096226383399],[77.28326495214799,23.190850243939487],[77.28326430399149,23.19084135789962],[77.28325926967193,23.190772374423297],[77.28324831990743,23.19057570170913],[77.28323303952669,23.190205548931747],[77.28321554359088,23.189970893367626],[77.28317308742908,23.18965970389426],[77.28314814193753,23.189470100708085],[77.28308311467521,23.188913362140354],[77.28305593721598,23.188513797262374],[77.28305054817491,23.188434563384828],[77.28303031422759,23.188137068409844],[77.28299952613845,23.187868841781285],[77.28297892720879,23.187689377737687],[77.28296550068742,23.18753491997514],[77.28294658579482,23.187317296925777],[77.28291086800841,23.186957855050597],[77.28289663538051,23.186814622984734],[77.28285324692827,23.186345481160263],[77.28284411229772,23.186052482699193],[77.28284253728233,23.186001925186357],[77.28283759599925,23.185960173205334],[77.28283613259677,23.18590313941952],[77.28283882949441,23.185866157164003],[77.28299186546,23.1857597221225],[77.28335441782134,23.18547208025664],[77.28339074426438,23.185418806632118],[77.28364639302062,23.185129044755456],[77.28466675691675,23.184224837980356],[77.28548202443822,23.183544153472667],[77.28644194322916,23.18286136317234],[77.28713160040122,23.182360465857318],[77.28722618269683,23.182305237928414],[77.28751522287133,23.182149990744207],[77.28780402693582,23.18197535914294],[77.2879072017755,23.181924379893058],[77.28799388676528,23.18186155847182],[77.28836469583975,23.181617525630195],[77.28889927982533,23.181272361693008],[77.28908633622711,23.181147258654367],[77.28946832807334,23.180891780060563],[77.28974972937597,23.180700676395816],[77.28988793737302,23.180605345405024],[77.28998179689472,23.180529818366157],[77.29027160788749,23.180228095110444],[77.29043945751171,23.18001773221944],[77.29063587766738,23.179838721975106],[77.29092547330072,23.179534512090388],[77.29117055050085,23.179267164776743],[77.29126813725742,23.179145868982072],[77.2914154431313,23.1789440358367],[77.29149901955928,23.178798552626187],[77.29158993007017,23.178745114024267],[77.2916225292615,23.178719345141513],[77.29220859904427,23.178256044729636],[77.29254703210592,23.17799551501188],[77.29261114582363,23.177946159004982],[77.29278948537497,23.177920063325015],[77.29279982658551,23.17792600565816],[77.29279750658468,23.177924242798788],[77.29284781237587,23.177811349011026],[77.29288426967805,23.177688452703876],[77.29289087044407,23.17766561682374],[77.29299491231723,23.1773057004584],[77.29304055118631,23.177109447890363],[77.29305710699028,23.17704181734533],[77.29305934804906,23.17703266435743],[77.2930914711863,23.176720698615554],[77.29313184813657,23.17639762259078],[77.29317535718269,23.17612007924083],[77.29320454443302,23.17597156669453],[77.29323034355613,23.17584029501768],[77.29326074290293,23.175685618340562],[77.29329033486601,23.175494687543612],[77.29331191383774,23.175355462955913],[77.29331874000074,23.17531142257356],[77.29333611303802,23.175229202171167],[77.29335245336507,23.175106986594788],[77.29337663503074,23.174926124844536],[77.29339146695698,23.174631180845484],[77.2933945218885,23.174570398645823],[77.29339382727642,23.17426836418199],[77.29339344827711,23.17410345401261],[77.29337682259983,23.173940513983492],[77.29327517247212,23.1735617057155],[77.29310985631025,23.173052138840944],[77.29301152053348,23.1727384700286],[77.29294722904012,23.17258434866794],[77.29294930430994,23.172583106876534],[77.29271638598966,23.172029830127418],[77.29255467260602,23.171485167359602],[77.29244561645571,23.171149946307555],[77.29236523858089,23.170981517450045],[77.29229114556139,23.17072700285051],[77.2920895929483,23.17011842450867],[77.29207117230264,23.169909082179583],[77.29185660590157,23.16944640539642],[77.29152525043229,23.168573372704838],[77.29118868351385,23.167722588396938],[77.29114443387297,23.16756849777954],[77.29105396509135,23.167329383920727],[77.29104304567095,23.167285759745752],[77.29102873857417,23.16709902629342],[77.2909849128472,23.166943190369697],[77.29092854702084,23.16666284520314],[77.29088932252853,23.16649459870564],[77.2908883498108,23.166330771375485],[77.29087470574828,23.166059022294128],[77.29086433535497,23.16594489661895],[77.2908931235597,23.165719068625222],[77.29090517598172,23.165617544084235],[77.29090371660936,23.165515923315755],[77.29088861694764,23.16543079453525],[77.2908962777964,23.165314723906604],[77.2908939100021,23.165040979932037],[77.29088856220393,23.164860532310975],[77.29090549148486,23.164711346545392],[77.29092066978748,23.16449786411204],[77.2909196152064,23.16434440432938],[77.29092547836044,23.164170255997515],[77.29090057644537,23.163898427534985],[77.29090384794861,23.163767808936598],[77.29093550091197,23.16346320167261],[77.29094758652016,23.16335752965729],[77.29101722902463,23.16309051673988],[77.29102485928061,23.162978591827837],[77.29103339458084,23.16275054734533],[77.29105801644943,23.16248114281216],[77.29108749934092,23.16216615128903],[77.29111664148833,23.161894705603316],[77.29115144849584,23.16179008383452],[77.29114937343695,23.1617015465782],[77.2910765987617,23.1612578828516],[77.29105359449211,23.161117645513922],[77.29101580828161,23.16079262257166],[77.29100254774322,23.160678562220802],[77.290995146068,23.160633916608926],[77.29097564579482,23.160516277912713],[77.29096291730318,23.160483891967807],[77.29097202583868,23.160427218987813],[77.29097691381473,23.160306483382264],[77.29097280134322,23.160159069517366],[77.29097702147054,23.159985989499628],[77.29096118472566,23.159923455444027],[77.29095138201252,23.15989951181796],[77.29086649809915,23.159692203624548],[77.29071086267382,23.159266909741614],[77.29067009652881,23.15904035804569],[77.2905732818924,23.15865978954292],[77.29049273039377,23.158477768153983],[77.29038410639683,23.158201522194492],[77.29031161482662,23.158268267252357],[77.29021387803498,23.158293575598464],[77.29010810888639,23.15830228062533],[77.28891807385322,23.158658781640828],[77.28817660069932,23.15880810474072],[77.28783411176407,23.158872798497285],[77.28737519509677,23.158927240133984],[77.28632299222302,23.15918617161029],[77.2861367911085,23.159174542808586],[77.28561617158564,23.15924659541263],[77.2848628599477,23.15930769090638],[77.28440833643747,23.15931667468685],[77.28384009119003,23.159322528177142],[77.28345534146992,23.159332885769462],[77.28297567860761,23.159382838092753],[77.28246739089953,23.159485190137406],[77.28223144279552,23.159501501359188],[77.28213494218262,23.15951184395415],[77.28193487904315,23.15954430462694],[77.28121746512905,23.159688570002224],[77.27997025369328,23.159874800789897],[77.2789604596133,23.160046119806204],[77.27805981679151,23.16019483296363],[77.2780236822534,23.16012134328866],[77.27795065666392,23.159972825555904],[77.27777999053188,23.159535765192174],[77.27772019233306,23.15917736399358],[77.27765057420703,23.15848276902228],[77.27726869611105,23.157932764874825],[77.27690638952052,23.157452133089016],[77.27671951058858,23.157216915634613],[77.27661076705708,23.15716399893191],[77.2764040187597,23.157063389576717],[77.27621615664427,23.15695335628246],[77.27607391351371,23.15685221819774],[77.27580474135033,23.15659739863873],[77.27547743352532,23.15628753888999],[77.2752823744648,23.15587375897264],[77.27508460528409,23.15542179978775],[77.27491227604531,23.155129994149696],[77.2743806683829,23.154367539912872],[77.2739834620216,23.15360887624944],[77.27368989908149,23.15318974839485],[77.27354931097558,23.15289557284969],[77.27343882559389,23.152624849543766],[77.27333540281657,23.15246629696831],[77.27327879129714,23.152173297516484],[77.27297465193335,23.151907757772918],[77.27243281356172,23.15072120083669],[77.27217820307575,23.150022580140284],[77.27200247519457,23.149712187701095],[77.27172635483164,23.149269473958825],[77.27130582305585,23.148535024633592],[77.27113526456716,23.14822455710274],[77.27101478149571,23.14797308654902],[77.27097571984358,23.14795453872509],[77.27094509180806,23.14797647991135],[77.27089089924391,23.14797964882728],[77.27086140278999,23.14791557846713],[77.2708629396902,23.147853448995136],[77.27086241554755,23.14782240234921],[77.27090591670627,23.147797887705643],[77.27097512212663,23.147765836522037],[77.27101563866218,23.147717477466635],[77.27099340751319,23.14762463566677],[77.2709736788501,23.14752698207053],[77.27094559952295,23.147393615930476],[77.27096501123505,23.147319285117117],[77.27098522857628,23.147292717782346],[77.27102650875898,23.1472897335668],[77.27104398308003,23.147253649898758],[77.27102788392902,23.147218050917875],[77.27105064348922,23.14718905789056],[77.27109180283436,23.147178909189837],[77.27113009842068,23.147152080569793],[77.27113986511038,23.147118497383687],[77.2711393010928,23.147085063772483],[77.2711620615766,23.147056070691193],[77.27120596478068,23.147055437355274],[77.27125713227453,23.147026033501277],[77.27127190257912,23.146982823228196],[77.27125071890664,23.1469520747719],[77.27120935803248,23.146950283311757],[77.27116303336933,23.146960505913384],[77.27111884765415,23.14694442155342],[77.27109738341925,23.146896955286532],[77.27113725390925,23.146810386128603],[77.27122381128264,23.14673508692543],[77.27134882662689,23.146642511331294],[77.27143800686596,23.146569562977707],[77.2714839689302,23.146537846925373],[77.27160970682723,23.14648825814307],[77.27166269235845,23.146413442581704],[77.2716947349535,23.146322208504387],[77.27175482287012,23.14620907017064],[77.2717902933072,23.14616795044414],[77.27187026969357,23.14616201965631],[77.27192414073066,23.14613974410149],[77.27196239591481,23.14611052753582],[77.27196961915864,23.14607936923323],[77.2719251121852,23.146044179478118],[77.2719088123418,23.145996639508795],[77.27190304294228,23.145960891986693],[77.27184001552128,23.145899692582383],[77.27180365855902,23.14588827320934],[77.2717383706076,23.145846217137333],[77.27173236056923,23.145796139714427],[77.27174692906996,23.145740989314177],[77.2717983386133,23.14572591523578],[77.27186838749176,23.14574401533038],[77.27193827654189,23.145752562105205],[77.27199206652892,23.14572550998784],[77.27205082006682,23.145686442005225],[77.27212078899434,23.14569976534235],[77.27218757164535,23.14567730416888],[77.27223066937789,23.145628907280145],[77.27224806145108,23.145588047990554],[77.27223458540134,23.145554799166412],[77.27222086776007,23.1455072223142],[77.27223047238303,23.14546408599879],[77.27229168708178,23.1454178165897],[77.27233785022105,23.145398040605947],[77.27236641970288,23.14540718464238],[77.27239280746232,23.145440246054513],[77.27243154570411,23.14543968728435],[77.27244655720426,23.145410805076992],[77.27249308287956,23.14541252331337],[77.27251680860381,23.145440845888114],[77.27254606220207,23.14549058789719],[77.27260558050985,23.145496895263943],[77.27265719062243,23.14549376293514],[77.27274527740994,23.14550921336727],[77.27279934968591,23.145498877762822],[77.27282452992002,23.145460294517633],[77.27279543704721,23.14542010490833],[77.27273862176799,23.1454209242263],[77.272686811012,23.145412117276198],[77.27268100149209,23.145373981072172],[77.272770542681,23.145322525755955],[77.27282154836813,23.14528357025004],[77.27287739665562,23.145225434433932],[77.2729666958708,23.145159649265793],[77.27299978527303,23.145130507415903],[77.27309860586479,23.145169690096278],[77.27316385267986,23.14520935685648],[77.27322853611795,23.14521559007184],[77.27327477989026,23.14520059044458],[77.27332025739021,23.145140215447256],[77.27333204116782,23.14507316014236],[77.27331061484223,23.145028083184975],[77.2732921342965,23.14500446255096],[77.2732586433939,23.145009723190103],[77.27323079934865,23.14504356775831],[77.27319484718767,23.14505603066913],[77.27316091171024,23.145035020539222],[77.27313952641595,23.14499233224988],[77.27318282337325,23.144955875488204],[77.27327696583693,23.144870910787606],[77.27334314332195,23.144812626189637],[77.2733501664402,23.144769527710913],[77.2733316050177,23.144741130498073],[77.27325667221999,23.144739822605924],[77.27320994512111,23.14472616440819],[77.27321180299919,23.144683139859712],[77.27320789030429,23.144604367079147],[77.2732509474581,23.144553583139636],[77.27328165527491,23.144536418407956],[77.2733358869818,23.144535635994142],[77.2733777713904,23.14456847356518],[77.27340335390801,23.14455377151193],[77.2734620655836,23.14451231634015],[77.27346138028231,23.144471717568468],[77.27346735540901,23.144366526117086],[77.27344052222264,23.144307194218165],[77.27345254876506,23.144254468665274],[77.27349080211339,23.14422525202464],[77.27362771434771,23.14422566378628],[77.27365067466734,23.144208610800664],[77.27365785763546,23.144175065591778],[77.27362892682572,23.144144429275485],[77.27362013147254,23.14408244809554],[77.27365043557793,23.144041402212206],[77.27370454712458,23.14403345524079],[77.27374840907025,23.144030432714843],[77.27379202838516,23.144013083147325],[77.27378872088303,23.143970132595253],[77.27372060982725,23.14391378534649],[77.27371701974336,23.143854118995275],[77.27376217405792,23.143774638617362],[77.27382048260789,23.14370930048701],[77.27389242902339,23.143686764108327],[77.27396417353084,23.143652285809093],[77.27398071965546,23.143561274587448],[77.27402781138112,23.143443545454176],[77.27402159813647,23.14338152738894],[77.27395152508997,23.14332547044747],[77.27398203583267,23.143300369527836],[77.27397525444924,23.143277779751052],[77.27395262756579,23.143264296072974],[77.27389485745967,23.143254278912078],[77.2738296056857,23.14324338374422],[77.27380056289766,23.143229006075977],[77.2738151926268,23.14321104018568],[77.27383960482291,23.143203782463946],[77.27390305698229,23.143171301219443],[77.2739038073024,23.143152548008267],[77.27388222897383,23.143138063658846],[77.27383307367994,23.143132853517283],[77.27381889433236,23.143114316414167],[77.27379923309205,23.1430869799934],[77.27381151382741,23.143056223436773],[77.27385473805539,23.143026006883563],[77.27388969657822,23.143011692576653],[77.27390324410835,23.142992755259996],[77.27388371461629,23.142973308220572],[77.2738408426473,23.14296110360066],[77.27381618140645,23.142953568287265],[77.27380635083044,23.142939900520787],[77.27379097199534,23.142913488327856],[77.27379813727809,23.142895629132248],[77.27381373464672,23.142871729984204],[77.27381838273404,23.142831219711372],[77.27381163598133,23.142810601048968],[77.27380068864439,23.142793989819214],[77.27382273366777,23.14277295772035],[77.27384657799496,23.14275179105244],[77.27385066312955,23.142802492799635],[77.27387416626149,23.142855901519713],[77.27391628304373,23.142864251248543],[77.2739409986325,23.142798203839536],[77.27396934611932,23.14275599154609],[77.27398488155697,23.14271993594124],[77.27396793563985,23.14267240622862],[77.27393515110741,23.142643020188174],[77.2738892532557,23.14260187789449],[77.27389162388548,23.142551083324836],[77.27394619881476,23.142532380799334],[77.27404314180147,23.14253695270424],[77.27414331224576,23.14254147949471],[77.27422956312734,23.14248648688091],[77.27432401056653,23.142434510948984],[77.27437401974824,23.1424366276252],[77.27438950434399,23.142397586563902],[77.27442713299715,23.142331352485503],[77.27444544231133,23.14226838345015],[77.27448332247974,23.142217075871855],[77.27455111165777,23.14221609672133],[77.27464805344796,23.142220670146347],[77.27471559198003,23.142204764385088],[77.27469208693162,23.142151357746712],[77.27462006324953,23.142092678778706],[77.27454808835068,23.142036984424283],[77.2745179784755,23.14197471405243],[77.27454642508498,23.141938471878504],[77.27458270345225,23.141887028369485],[77.2746038564224,23.141374843678143],[77.27467230880208,23.140839371880237],[77.27477077022556,23.140360199655845],[77.27501375079396,23.139285012775833],[77.27502198315203,23.13928517488242],[77.27502149881157,23.139284900953783],[77.27467034241135,23.139101077439783],[77.27421924441228,23.13886822861846],[77.27374683110563,23.138585380701176],[77.27351182144409,23.13844467297879],[77.27341424936337,23.138382336233512],[77.27323963632247,23.138270780141863],[77.27298026594036,23.13811140667343],[77.27224365674647,23.13765877954325],[77.27214033039493,23.137479173966756],[77.27210135310314,23.137411422693408],[77.2719119687573,23.137073500827345],[77.27187017262811,23.136991839189662],[77.27174152248683,23.13677807650969],[77.27169238921617,23.13673444218452],[77.27164340786248,23.136687332766112],[77.27152693803671,23.136627238412554],[77.2713556933808,23.136560212397207],[77.27132692611016,23.13656487999203],[77.2711726444128,23.136657238064114],[77.27091062587864,23.136822205477586],[77.27072661771176,23.136944297830347],[77.27059601161848,23.137029133421144],[77.27050372986616,23.137073340492158],[77.27043764242018,23.137098900260902],[77.2703066112549,23.13712388736701],[77.27022115407428,23.137128150561338],[77.27015227803112,23.13712462433867],[77.27008664865949,23.137116545682236],[77.27006082895157,23.137103421675693],[77.27002248935013,23.13707486671519],[77.26997937600352,23.13701621597294],[77.2699196960738,23.136918612224587],[77.26989024019676,23.136872629335947],[77.26984959641591,23.13682716028049],[77.26983548907273,23.13682476035777],[77.26972472655169,23.136850509366315],[77.26963038579778,23.13687220095254],[77.26950361293538,23.136892672096803],[77.26944462709754,23.136895127664513],[77.2693665081393,23.136894057752443],[77.26930071474607,23.136889712721928],[77.2691867669538,23.136872335325737],[77.26908870459091,23.136863035775512],[77.26900864996354,23.13683665147452],[77.26895920329683,23.136806743914562],[77.26881974624219,23.136699593308137],[77.26872049389719,23.136624805912568],[77.26867230496174,23.136589337054627],[77.26860466600449,23.136534436505663],[77.26859036172203,23.136513331356255],[77.26852268390985,23.136358942637145],[77.26841122745712,23.136131072976593],[77.2683878238037,23.136052494756974],[77.26837478548933,23.135970775552938],[77.26837062899126,23.135890566546323],[77.26837120792429,23.135701857241763],[77.26837154939754,23.135606514700427],[77.268377437238,23.1355596468253],[77.26840212669003,23.1354628660073],[77.26842705435388,23.135419068632725],[77.26849420746522,23.135345076122146],[77.26860793092229,23.135229278488765],[77.26880984195816,23.135034683427477],[77.26886514996204,23.134968484602638],[77.26891075236216,23.134919580316954],[77.2689597415196,23.13482253587655],[77.26899023664721,23.134768352673134],[77.26903497326124,23.134709998702604],[77.26907214700935,23.13467843450732],[77.26911253172622,23.134661118700734],[77.26926338541672,23.134631478374263],[77.26943856624418,23.134583579198395],[77.26957018440699,23.1345261401317],[77.26966790369937,23.134483904051265],[77.26978460922669,23.134445915921507],[77.26983668463248,23.134424331589777],[77.26988794858842,23.134392119901396],[77.269895202841,23.13437238007773],[77.26988429463182,23.1343295893628],[77.26985889497409,23.13426741729545],[77.2698396185937,23.134211362667035],[77.26982755731208,23.134107311911542],[77.26985390365988,23.13394349080202],[77.26987658661214,23.133892546011175],[77.26995130359784,23.13379176073408],[77.27000171112861,23.133720669335915],[77.27001667489111,23.13370004163501],[77.27002935353963,23.133644011244204],[77.27002105983328,23.133570711214382],[77.27001785836143,23.133527032770015],[77.27001500727786,23.133504558733794],[77.27002129554626,23.133477718811587],[77.27004060330502,23.13344548300361],[77.2700977924305,23.133394659072408],[77.27015866688036,23.133318075236186],[77.27019850492069,23.13325482595794],[77.27023149926197,23.1332019160102],[77.2702513203854,23.13315792645256],[77.27027156336199,23.133075104455447],[77.27028951266816,23.132986309816296],[77.2703115759068,23.132949468654857],[77.27034696878387,23.132900179776193],[77.27043311899915,23.13280100212835],[77.27047989323064,23.132754495737018],[77.27053917226367,23.132714344551374],[77.27057557209392,23.132700411023098],[77.27063432630112,23.132701444604393],[77.27079249299094,23.132746241101035],[77.2708368495233,23.13275497277884],[77.27085783318066,23.13274281306982],[77.27087111957745,23.132702109293696],[77.27087371239894,23.132584483761914],[77.27087062431077,23.132509025626064],[77.2708794131509,23.132483456242863],[77.27089387173031,23.132445152286333],[77.27094187130336,23.132399869806235],[77.27098471354458,23.132355568212763],[77.27099615790281,23.13232774658806],[77.27097646013615,23.132164546300984],[77.2709724359048,23.132139673453747],[77.27098229377481,23.132118853583375],[77.27100951486885,23.132081029691015],[77.27106338058721,23.132047738821402],[77.27109207160397,23.132034691310558],[77.27115975856289,23.132036060933707],[77.27126664562937,23.13204714566766],[77.27129328940664,23.132051680487557],[77.27131784458028,23.13204553976963],[77.27133765503487,23.13203098207151],[77.27134659841126,23.13200188726386],[77.271352381387,23.131957370259894],[77.27137097743312,23.131912157596076],[77.27139380395118,23.131887117471493],[77.27144982773115,23.131842768816647],[77.27148637659776,23.13182830264737],[77.27143363958128,23.13167510377624],[77.2712825059137,23.131378409644565],[77.27125012445129,23.13131220872053],[77.27103320438096,23.13083645802419],[77.27097560594561,23.130715626547826],[77.27075731799087,23.130306218451178],[77.27068006021895,23.130178996859435],[77.27057049703276,23.129948847609544],[77.27052884181013,23.129779173180474],[77.27050988649451,23.129686637547096],[77.27045479660158,23.129403444771658],[77.27041038196904,23.129315808616003],[77.27036867365258,23.129233510780534],[77.270268224636,23.129040433414417],[77.27025849270768,23.129017465423168],[77.27027179329087,23.128993950078222],[77.27048174365507,23.12871790577067],[77.27057600375747,23.12856182150105],[77.27078260499171,23.1282220817877],[77.27102509234382,23.127903467724913],[77.27108961506997,23.12783102496119],[77.2711824431738,23.127742695346008],[77.27122723398998,23.127700587881776],[77.27142447242457,23.127504585293856],[77.27170339947153,23.127194406132244],[77.27193949745042,23.12691651835444],[77.27220830712122,23.126627149026366],[77.27267926705008,23.126026984549174],[77.27331358729097,23.12522470486549],[77.27362725024823,23.124807956839575],[77.27368070973684,23.12473692675016],[77.27371518061138,23.12465444320454],[77.27359330807757,23.124539668868152],[77.27340774088654,23.12403476125849],[77.27331517569235,23.123834401126803],[77.27277219481708,23.122789133228505],[77.27224999471517,23.121752000257633],[77.2714945188851,23.120262065371953],[77.27152766421968,23.120221737444623],[77.27187221310523,23.119056601899448],[77.2719203819839,23.118982125960972],[77.27191605779842,23.118900348998206],[77.27194886931218,23.11869288126614],[77.27195686524405,23.118642326971052],[77.27210572632401,23.117701090529756],[77.27252959790124,23.11615275551904],[77.27247055360205,23.11542690848764],[77.2725246581589,23.11517379790311],[77.27252851000294,23.115076455859096],[77.27257535792644,23.114977986995477],[77.2724873083444,23.114956470172363],[77.27253989260305,23.114874425551175],[77.27268380020196,23.114704521577472],[77.27273509490051,23.114636240954102],[77.27285607418585,23.114385730804422],[77.2728954302225,23.11418824557795],[77.27294010597366,23.11402500534746],[77.27298853534496,23.11393623889512],[77.2730239322565,23.113845040623346],[77.27310406307537,23.113702930307355],[77.27326625300451,23.113458286703167],[77.27341788767113,23.11327246899281],[77.27348974404495,23.113202970784638],[77.27355404220819,23.11314612461733],[77.27372384885444,23.112997579508797],[77.27401163662923,23.112712979300348],[77.2742559663746,23.112466117866894],[77.27445751505438,23.112236587035742],[77.27462346843066,23.112060409280186],[77.27474109654884,23.111923755712027],[77.27485264050341,23.111695068708013],[77.27492212853896,23.111511467743792],[77.27496414817583,23.111369840911408],[77.2749877535017,23.11130503751424],[77.27505338475922,23.111198799639464],[77.27518024054467,23.111014125882154],[77.27526267933955,23.11087138774381],[77.27530587587684,23.11078981455481],[77.27537436996471,23.110513172585392],[77.27541253855831,23.110342712796715],[77.27541518716119,23.11026753542296],[77.27539339238866,23.110093337072065],[77.27536702924112,23.10992032967247],[77.27537121202771,23.109811024470712],[77.27539626358663,23.109677765965916],[77.27539652104144,23.10955646269727],[77.27538631415229,23.10945074950137],[77.27536573298627,23.1093185897486],[77.27536331134489,23.109230909786003],[77.27537924677864,23.10909446304813],[77.27542299977499,23.10874866497006],[77.27541933427611,23.108630305008408],[77.2754038375849,23.10855940940428],[77.27540688021507,23.10835404064403],[77.27539818745784,23.1081486450202],[77.27537105269919,23.107996402348704],[77.27532972072851,23.107812552126727],[77.27536709636878,23.10740068243912],[77.27537413566708,23.10715265917864],[77.2753732877725,23.106936470707762],[77.27538667263781,23.106771960861323],[77.2754131172138,23.10668109398768],[77.27546689453476,23.106527483450922],[77.27549211994022,23.10631135490242],[77.2755278841853,23.106044806339664],[77.27552858477658,23.10577176106934],[77.27553619608524,23.10560738488734],[77.2755466960157,23.10554814964208],[77.275602272884,23.105343974445695],[77.27563988511662,23.10521980830609],[77.27568256391856,23.105152043922445],[77.27573561619262,23.105086214098392],[77.27582195006073,23.104980317629174],[77.2758659215766,23.10494355796392],[77.27592619518038,23.10489686101397],[77.27597401909719,23.10484917943383],[77.27606552613908,23.104750940079253],[77.27611337203015,23.104692745114406],[77.27622290377126,23.1044601192333],[77.27629491063738,23.10426052367829],[77.27639416839979,23.10398392539731],[77.27652290393263,23.103695569520344],[77.2765490160567,23.10361247672252],[77.27655029502934,23.103497785715305],[77.27652252409052,23.103383030650864],[77.27645112777579,23.10319499222842],[77.2763973857661,23.10309642621908],[77.27632911712593,23.10299973926758],[77.27626495333503,23.102924089490656],[77.27612079708355,23.102765537432475],[77.2759935337983,23.102601813691443],[77.27584146143455,23.10239598057586],[77.2757380224524,23.102250469714715],[77.27573393911632,23.102248065779353],[77.27568808170406,23.102221066814263],[77.27563708772333,23.102191044216244],[77.27554448002827,23.10216080186053],[77.27547305431168,23.102101450368103],[77.27492164710728,23.101579501840323],[77.27471571627557,23.101390891283202],[77.27464586789326,23.101338928947694],[77.27461494796923,23.101252947967126],[77.27456081989345,23.100937297955106],[77.27444844614732,23.100316355153115],[77.27433789164328,23.099754057912996],[77.27433123461736,23.09966945860965],[77.2742708627609,23.099592915799715],[77.27412829529001,23.099311343075826],[77.2737758630483,23.098613433337142],[77.27345882925665,23.09800075240687],[77.27323237024588,23.09756963550673],[77.27304949240548,23.097220736659217],[77.27301625221007,23.097132894569494],[77.27296561867044,23.097061494799195],[77.27281073581048,23.096634419455754],[77.2726097108421,23.096054613843254],[77.27233546460461,23.095247727851742],[77.27230827644522,23.09516219099872],[77.27230635960078,23.09507503193933],[77.27227659377587,23.094218502630746],[77.27225871400456,23.093719969245456],[77.27226285023939,23.093642980660594],[77.27236415350944,23.093638744140044],[77.27263566926565,23.093670395986],[77.27318804012764,23.093755148125624],[77.27408174564971,23.09389282141931],[77.27431732611112,23.09393102803229],[77.27443565639639,23.09395013273098],[77.27476939537783,23.094001490377487],[77.27519383469723,23.09407843704106],[77.27531309929641,23.094028629660016],[77.27537056889017,23.094103527566475],[77.2758082541076,23.094157839469986],[77.2760589902867,23.094191220155924],[77.27651369083469,23.094251087705207],[77.27674663608929,23.094276222332898],[77.27698098634778,23.094339643504618],[77.27716566175442,23.094389433422908],[77.27735859543516,23.09438713110569],[77.27851421501991,23.09438081887449],[77.27921150764705,23.09436850886982],[77.27950625868006,23.09436916627254],[77.2795887127481,23.094367452005706],[77.27964440010561,23.094350484498587],[77.27978114796788,23.0943241288727],[77.28026355716771,23.094283424863185],[77.28075687149742,23.094248411037263],[77.28151452497683,23.094183487145415],[77.28202785804714,23.094139048540065],[77.28294203232484,23.094119253659844],[77.28324757122168,23.094114103988296],[77.2832749647573,23.094114164175455],[77.28342654690145,23.094110604376542],[77.28425032797831,23.09409922569964],[77.28481112584974,23.094100458320643],[77.2856981015808,23.094160980923714],[77.28613193373718,23.09419587212712],[77.28622762721476,23.094213148666906],[77.28629754860948,23.094279205187103],[77.28655146005511,23.09449164931363],[77.2873733549181,23.0952277377331],[77.28753446332371,23.095373423124656],[77.28798899909903,23.095784446470628],[77.28853040922834,23.096266468991473],[77.28882120643907,23.096516895180738],[77.28898874993115,23.096660570977352],[77.28915637781223,23.096762759200082],[77.28953938202599,23.09700564176195],[77.29028203302337,23.09745964166419],[77.29100815515068,23.097905789936977],[77.29192016875643,23.09847238743293],[77.29203062586424,23.098532924091263],[77.2921201661807,23.09858699661706],[77.2922460724725,23.09866112507649],[77.29256690879903,23.09885001599849],[77.2931736337962,23.099224122780512],[77.29364085863435,23.09943415862551],[77.29460650067034,23.09985098622354],[77.2954770520283,23.10022903475441],[77.29629520232879,23.100584513669524],[77.29639422761414,23.100614770546787],[77.29645306787812,23.100586689412392],[77.29650825570745,23.10056035298237],[77.29736530627741,23.100336608437793],[77.29810459883518,23.100142713639563],[77.298653565084,23.100009007680256],[77.29942451512242,23.099801034551092],[77.30000161918672,23.099653547207392],[77.3005035740135,23.099523271798105],[77.30073779730702,23.099486963629598],[77.30123833783837,23.099405592776723],[77.30129167507715,23.099396202939417],[77.30163838420563,23.099335160058153],[77.30209755463561,23.09927381135795],[77.30251448427559,23.099226275805965],[77.30301016953854,23.099169369030207],[77.30324777054112,23.099128766796625],[77.3038669126448,23.099097301054584],[77.30473919678796,23.099052700152512],[77.30538828323066,23.099027538647043],[77.30548581137312,23.09903682209788],[77.30549323330337,23.099107092406015],[77.30551042867137,23.09927486992655],[77.30558359265646,23.100191340365996],[77.30566551509509,23.101224776291673],[77.3053664897343,23.101876667723978],[77.30503413156036,23.10259728839137],[77.30502264064855,23.10262220182226],[77.30487903471668,23.102733428709037],[77.30416961749737,23.1032599900237],[77.30380376453242,23.10352750300867],[77.30374359841569,23.104221528409774],[77.30417890385155,23.104656918186762],[77.30500065943899,23.105489043330156],[77.30554698453095,23.106027709242728],[77.30556057236247,23.106554537056358],[77.30559625395698,23.107255720391475],[77.30563493964215,23.108015953072375],[77.30563431588133,23.108348742837947],[77.30563989856215,23.108789275988574],[77.30564867134471,23.109126524941377],[77.30565297231024,23.10917277625288],[77.30572330613484,23.109304494599815],[77.30580887049364,23.109455167170637],[77.30588341521714,23.10958643439746],[77.30604250386024,23.109884578372316],[77.30619125360455,23.110140684520882],[77.30628263037936,23.110302108938292],[77.30629493496703,23.110324002643285],[77.30640140205973,23.110398732174875],[77.30650944582307,23.110470460907216],[77.30671631418424,23.110614483036116],[77.30678135361924,23.110641224808447],[77.30688822040739,23.110664131314095],[77.30698436992597,23.110690481789174],[77.30711185228391,23.110730768991985],[77.30732353600962,23.110778074650078],[77.30734789064502,23.110793059304374],[77.30745523369347,23.110859100408163],[77.30758813069586,23.110929314950127],[77.3076993523519,23.111001778912453],[77.30771844707746,23.110998230486185],[77.30780390881556,23.110992530674398],[77.30832502115378,23.110947367911066],[77.30859402910642,23.110929641051385],[77.30878922793346,23.11091053785949],[77.30918535397566,23.11087450916274],[77.30955824331053,23.11084113583344],[77.3095783998191,23.110828756271992],[77.30963711375402,23.11081112332631],[77.30996199484966,23.110691259583852],[77.31019176046232,23.11061228623655],[77.31033624476396,23.11071696668276],[77.31048136025906,23.110814357046767],[77.31072502842183,23.111072138651235],[77.31092970289382,23.111306586984238],[77.31109616541809,23.11146875268802],[77.3112219339251,23.111616277264677],[77.3114806022597,23.111913436963928],[77.31174499996904,23.112217687417342],[77.31184113921094,23.112305374419474],[77.31231852585775,23.11274224849251],[77.31248293289883,23.113785089357098],[77.31287295299147,23.116258911822193],[77.31298055335874,23.117413471105255],[77.31317398468886,23.117850157301245],[77.31326807122817,23.118517615702306],[77.3133275733456,23.118975375637227],[77.31321493686737,23.120238268261566],[77.31312558931779,23.120449786008667],[77.31300148492929,23.121044006861705],[77.31297754472868,23.121455217097555],[77.31292049176396,23.12174269905745],[77.31254128861721,23.123124160219714],[77.31241783358551,23.123756590741362],[77.31186205913843,23.125083310842196],[77.31160531627677,23.12577502528375],[77.3115623537919,23.126282062242666],[77.31146463885194,23.126608360086063],[77.31108081336849,23.128324305679623],[77.3106510805369,23.129773389092996],[77.30999224037755,23.130702102509794],[77.30962364000283,23.131612228995188],[77.30937662121579,23.132269759882412],[77.30927454926822,23.13271913957365],[77.30915474539681,23.133264327012828],[77.30915929691488,23.13353000424921],[77.30900486258736,23.133938348246122],[77.30890802274808,23.134127878042616],[77.30873591527464,23.134446903569426],[77.30857754204666,23.134625391346074],[77.30843340232815,23.13506941504708],[77.30827324752062,23.135604001035443],[77.30847295347525,23.13561230972908],[77.30854520091015,23.135628923123292],[77.3089747888982,23.13570216719489],[77.30928511149288,23.13574606400337],[77.30952973304089,23.135763947190302],[77.30966576604892,23.135783268694986],[77.31016926097905,23.13584167558984],[77.31064562068903,23.135891150358805],[77.3108835936806,23.135920569263643],[77.31168139317212,23.136030999878503],[77.31210741688004,23.136096517077362],[77.31280196800415,23.136169458681053],[77.31338060522012,23.136236466129674],[77.31383313298038,23.13628981164207],[77.31428422293384,23.13632948062757],[77.31475154621579,23.136380636770213],[77.31506792737034,23.13640880672271],[77.31560412646814,23.13645684701631],[77.31578469856423,23.13647740889649],[77.31593329804079,23.13648871712701],[77.31604992284458,23.13649077012626],[77.31618171778932,23.136510154508624],[77.31679633834268,23.136576618585515],[77.31683920719509,23.136601316649774],[77.31688029522418,23.136643613527685],[77.31724888885908,23.13644550064028],[77.31746612191206,23.136310927640245],[77.31770220828135,23.136146217943494],[77.31825174348863,23.135809688658373],[77.3184954128539,23.13571055575934],[77.31883293706721,23.135436861176494],[77.31924270413093,23.135233762930042],[77.319732091625,23.134885102111365],[77.31990541237937,23.134808153527008],[77.32053034367718,23.13462113602155],[77.32088561701605,23.134517087518145],[77.32094326540651,23.134500202336667],[77.32097332959903,23.134494402394676],[77.32116147945986,23.134458106690044],[77.32133814529661,23.134452131471722],[77.32173156597044,23.134331364419538],[77.32189962702509,23.134296883567142],[77.32197553151268,23.134290242080947],[77.32224315217185,23.13426682317956],[77.32238235165367,23.134254858470126],[77.32283319594592,23.13415602091035],[77.32305187560426,23.134100324386168],[77.32316961471993,23.134052409657762],[77.32330213252736,23.134053118562925],[77.32378053365903,23.1340230509996],[77.32383180692959,23.13401982908216],[77.32412545207582,23.134021398683622],[77.32428763386991,23.133996747610126],[77.32441635164416,23.133977182787138],[77.3246549871065,23.133964517535524],[77.32474309963618,23.133951285745898],[77.32519909484162,23.133882816010942],[77.32557369539263,23.133837247159704],[77.32614716349799,23.13371846130213],[77.32616773714862,23.133714199063547],[77.32630547208446,23.1336855411531],[77.32672976946888,23.133488076266204],[77.32694305730234,23.133400156487394],[77.32697287833278,23.13338537614274],[77.32704301569126,23.133350614036846],[77.32706652805967,23.13335035884974],[77.32705947345701,23.13334747718728],[77.32717342901464,23.133230017221358],[77.32713478526934,23.132823136022772],[77.32710835632801,23.132489108938636],[77.32703373219536,23.132012725007844],[77.32712480478743,23.131598693813203],[77.32726118695312,23.131168293811275],[77.32727326833954,23.130671268161322],[77.32726112583312,23.130566344527992],[77.32718668384908,23.130443230894503],[77.32687882222136,23.13049629698937],[77.32677433148393,23.130498518922355],[77.3264615871059,23.1305051662156],[77.32610961221587,23.130514710505924],[77.32586599045457,23.13049398429014],[77.32562477473903,23.13033251807427],[77.32530261520996,23.130222613968904],[77.32515245377522,23.13030662263986],[77.32493424849409,23.13042869820672],[77.32470311974988,23.130327592846697],[77.32455091435338,23.130332678218924],[77.32426013591882,23.130235354000774],[77.32412181116297,23.130151989183243],[77.32397522290712,23.130011573843554],[77.32401329031867,23.129903818734018],[77.32413220815498,23.129773934254125],[77.32429675578075,23.129562677637725],[77.32441942647405,23.129330802423915],[77.32459685030045,23.12928518921602],[77.32470832574015,23.129185289268232],[77.32489133407385,23.12928801275597],[77.32495734424907,23.129072055340096],[77.32493678631417,23.128778549254037],[77.32492471740589,23.128527914125833],[77.324799418128,23.12845093583796],[77.32463526001229,23.12861017996043],[77.32449277875054,23.128641775877067],[77.32436937666333,23.12845011170245],[77.32422673352083,23.128265896981937],[77.32425450681167,23.12807916811212],[77.32429727984766,23.127863555729803],[77.32423135848217,23.12763521221435],[77.32415596261389,23.12730668317089],[77.32405180416113,23.127107568648366],[77.32397026792245,23.126872290176024],[77.32350253422385,23.126707198628708],[77.32322746902553,23.12648193757631],[77.32300011557682,23.12632763445827],[77.32280238883754,23.126094066141224],[77.32257367929103,23.12586095492009],[77.3224059512697,23.125569616336094],[77.32227646220701,23.125249048643376],[77.32211613261266,23.125033623800434],[77.32217320877297,23.12486473921099],[77.32242114326479,23.124652131857893],[77.32245604872259,23.12442946805338],[77.32235424013953,23.124366472656156],[77.32219243657346,23.124419019222124],[77.32185219743072,23.1244573558785],[77.3216546289152,23.124233455833668],[77.32141240612484,23.124115198329616],[77.32130837846448,23.123923245520054],[77.32153582553151,23.12363325150215],[77.32156606910357,23.12358980970668],[77.3217231963112,23.12351211995532],[77.32181098346464,23.123264325064646],[77.32213125631479,23.122965798114457],[77.32264051585575,23.12285438610782],[77.32283367018768,23.122812129558994],[77.32321004296755,23.121258301100717],[77.3233367176416,23.120412959326398],[77.32340677124331,23.119981961185665],[77.32333214541744,23.11939782890463],[77.3232648310149,23.11773867406222],[77.32325745583886,23.117321354000072],[77.32353340226203,23.116650843605402],[77.32367967672256,23.116147060973006],[77.32358145092857,23.114942213886362],[77.32333901156939,23.1143605545319],[77.32309003809578,23.114149239753655],[77.32285639962325,23.113328578350426],[77.3226235866937,23.112555679011514],[77.32216001019474,23.112017259953983],[77.32210938194585,23.111913573827167],[77.322018921459,23.111734263036638],[77.32193719005961,23.111527153738198],[77.32185456175918,23.111273639116966],[77.32180144146541,23.111099500597803],[77.32174008974823,23.110929186140304],[77.32168675356434,23.110745440751895],[77.32164002124624,23.110581573722147],[77.32161246500438,23.110430614290554],[77.32161092352064,23.11042216385227],[77.3216004108741,23.110263377417898],[77.32157418296207,23.110092504753077],[77.32154881592135,23.10991407092643],[77.32152099881553,23.109667112389168],[77.32149435322476,23.109427763069494],[77.32146927636929,23.109213168717062],[77.32144242639663,23.10901095629261],[77.32142554707352,23.108842776693173],[77.3213994386279,23.108629030678106],[77.32138111771722,23.10840177356411],[77.32137032204604,23.10820796447502],[77.32133875992277,23.107912741348176],[77.32131918625589,23.10769315493052],[77.32130346951055,23.107438179907174],[77.3212952966684,23.10732292334086],[77.32130201220095,23.107255638096436],[77.32125991768667,23.107121885562545],[77.32121717042155,23.106989875020684],[77.32115138104126,23.10681718240572],[77.3208321435507,23.10616885021722],[77.32079089060441,23.10602634821222],[77.32057631820825,23.105560911680517],[77.32046287954691,23.10531211026007],[77.3204188964297,23.105151761122507],[77.32021487705977,23.104571119839186],[77.32010246237161,23.10425396363401],[77.31988029020705,23.10374735187726],[77.31973628041811,23.103424131857558],[77.31971330534114,23.10335738432929],[77.31964566990504,23.103233136040945],[77.31958258331325,23.103090938612283],[77.31945523298876,23.102737257015093],[77.31936250568886,23.102437749408235],[77.31929596764734,23.102235239210017],[77.31924194101813,23.102054909781412],[77.31913411631146,23.101707660819397],[77.31907741540076,23.101512836852873],[77.31896610219724,23.101103040583684],[77.3189446429747,23.100982616874113],[77.31900912354084,23.10092135301509],[77.31917392037886,23.100870876937066],[77.31932604615763,23.100826272483086],[77.31958177803887,23.100737742968658],[77.3197362548606,23.100688633782134],[77.32010859273018,23.100607414951543],[77.32025617092877,23.100580758697642],[77.32036819652122,23.100547225068922],[77.32060997612078,23.100494658018608],[77.3209844365357,23.10039552201225],[77.32138543029151,23.10028707104046],[77.32179303744039,23.10017890740022],[77.32182687091377,23.100169485344452],[77.32185756940154,23.1001729828841],[77.32200901787064,23.100231222834292],[77.32255908663149,23.10046943808071],[77.32323006139933,23.100771259536923],[77.32376322728827,23.101014178079268],[77.32422625738117,23.101203069894922],[77.32450228070172,23.10130874630106],[77.32473152120814,23.101374836665972],[77.32489915644022,23.101385900715858],[77.3252997788476,23.101398167761506],[77.32602983051349,23.101419598396042],[77.32650881526202,23.101473239785417],[77.32715293267346,23.101533505272187],[77.32756451879199,23.10156126262475],[77.3283000679611,23.101575527457484],[77.32866217710335,23.101606211269416],[77.32966464162968,23.10168632887486],[77.33011405464767,23.10171354826668],[77.3306159597388,23.101760192057398],[77.33128472301226,23.10184244990332],[77.33167587053991,23.101868247744804],[77.33220426902122,23.101903535870438],[77.33258825400532,23.101936140540772],[77.33286317513175,23.1019769838278],[77.33333075414937,23.102022147000344],[77.33340939734985,23.102035478878587],[77.33345059094694,23.102076350836658],[77.33353978807943,23.102325483088038],[77.33373671301368,23.102772066821558],[77.33392110202577,23.10317343064836],[77.33399228430449,23.103362454034315],[77.33409134191437,23.103620389581273],[77.33426328092891,23.10402484825281],[77.33446357492397,23.10452615400702],[77.33461014664104,23.104866137739805],[77.33476193461588,23.105227284737307],[77.3348779392739,23.105482744988265],[77.33497384617573,23.105698247319214],[77.33515043407499,23.10609034216233],[77.3352870369315,23.10641481638934],[77.3353759575514,23.106629090087885],[77.33554972008181,23.106997749259783],[77.3356794373067,23.10724230037101],[77.33577163160736,23.10746794712621],[77.33587743758224,23.10771046466763],[77.33600087017784,23.108035751147565],[77.33621262851521,23.108521643809528],[77.3363467689785,23.108851632578332],[77.3364955474796,23.10924293771655],[77.33671391322736,23.109794407936228],[77.33695602248957,23.11045875379579],[77.33700372731244,23.11058498743375],[77.33704928487491,23.110735691389472],[77.33720181311904,23.111178635288496],[77.33728325581797,23.111397136058283],[77.33732045605518,23.111528436149648],[77.3374513407114,23.11182500930953],[77.33759513284929,23.112108409728684],[77.33779161554895,23.112487108822528],[77.33786659482995,23.112649522889555],[77.33790889581891,23.112770961910762],[77.3379704147656,23.112923834024905],[77.3381087762195,23.113181520103392],[77.33819706308267,23.11334614970046],[77.33828739402009,23.11348142377619],[77.3383778766857,23.113624026445653],[77.33846245089426,23.113737410834165],[77.33863618387319,23.11391585186112],[77.3386998567453,23.11395746606151],[77.33874911248391,23.113989656682257],[77.339125240874,23.114309377983393],[77.33933054748978,23.11448910161079],[77.33960070433591,23.1147263504373],[77.33979805883233,23.114906211325668],[77.3399542524272,23.115261119624762],[77.34004555025565,23.115442799065114],[77.34016886622787,23.11563370175014],[77.34038619341173,23.11599466835032],[77.34053393226604,23.116212027300865],[77.34082660853237,23.11662547522937],[77.34093325988516,23.116780014655287],[77.34121385789726,23.117118016559218],[77.34131439573027,23.117233568327595],[77.34143349440394,23.117348800533925],[77.34162474014187,23.11748967019945],[77.34185430994783,23.117664774225858],[77.34195199431761,23.117770601165628],[77.34208500977769,23.117917356190834],[77.34232135168428,23.118170620789574],[77.34262506398424,23.118490358561644],[77.34274563657935,23.11851282802059],[77.34307537813034,23.11857427764802],[77.34382194136661,23.118735167104457],[77.34433114031836,23.118909136211148],[77.34464624308524,23.119268678885128],[77.34464724117966,23.119264094754637],[77.3447078589015,23.118985639994243],[77.34473546796656,23.118801891626937],[77.34476416185426,23.118722914371634],[77.3447977856885,23.11846883503517],[77.34479306846006,23.118360500352267],[77.34487194540748,23.11783315457673],[77.34492885855954,23.117425060898924],[77.34500135816283,23.117043147816133],[77.34508150637303,23.116708325670274],[77.34555981855851,23.116669677407277],[77.34564383528887,23.1166630635431],[77.34569840131009,23.116658768331952],[77.34614316080025,23.11662375488542],[77.34663960583151,23.116585371979117],[77.3468088625361,23.116571340811266],[77.34726898916519,23.116516017791536],[77.34780413843274,23.116451368275996],[77.34877652466379,23.116413595908607],[77.34960247775258,23.11638280680426],[77.34996535992967,23.11636248199077],[77.35018015707314,23.11635083395366],[77.35067338523704,23.116318154930497],[77.35153327683268,23.11626570741573],[77.35215924828996,23.1162239693381],[77.35268416554221,23.11619269509647],[77.35300183397216,23.116154472592033],[77.35328195829943,23.11614757541864],[77.35384771092562,23.116179894146903],[77.35454821373722,23.11620934860928],[77.35457629876048,23.11621045105731],[77.35498574806392,23.116226537423362],[77.35574194120976,23.116276686156898],[77.35597752012126,23.116298159021845],[77.35645894548627,23.116576086154613],[77.35680042547591,23.11679483985985],[77.35713929425565,23.116882646417537],[77.3574261371603,23.11697763234819],[77.35770785640798,23.117054764930995],[77.35812912985227,23.11716081922021],[77.35827658018711,23.11721306102978],[77.35833550724598,23.11721703527983],[77.35862223353656,23.117719928925663],[77.35904590292618,23.118388606190436],[77.3594314906075,23.11899017301698],[77.35990251024958,23.119672085834832],[77.36013130316411,23.120032163372972],[77.36043616263467,23.1205483003276],[77.36063104796735,23.120889487046686],[77.36074047129031,23.121081057374056],[77.36104501387969,23.121606888432826],[77.36122453739976,23.121910096222628],[77.36133574837318,23.12214063780144],[77.36150579219156,23.122462203573246],[77.36156735400188,23.12255685264323],[77.36167692393647,23.12279150645037],[77.36184150780747,23.123091511413126],[77.36207338051139,23.123497883132895],[77.3623129025955,23.123942825285802],[77.36233715046022,23.124028082288262],[77.36243406893071,23.12423603378246],[77.36258555731101,23.124477436858395],[77.36263108847852,23.12455637541226],[77.36278079913374,23.12480604610956],[77.36282746929871,23.124986212940254],[77.36285454237374,23.125077097836776],[77.36291239222687,23.125328283652],[77.3630072793042,23.125597170363847],[77.36318370844046,23.1261290145546],[77.3633587732985,23.126656660335037],[77.36338784449774,23.126868203712885],[77.36342535025483,23.126962159909343],[77.36348098029744,23.12718971661456],[77.36352700998567,23.12732683537883],[77.36360322191962,23.127553864708737],[77.3637012782687,23.12788228322253],[77.36388923290781,23.128430351676524],[77.36401600045596,23.128781301415174],[77.3640584842482,23.12892090195761],[77.3642708157415,23.12962161589842],[77.36435415952846,23.129949610618777],[77.3646415829216,23.130941752748598],[77.36476069503095,23.130917639733607],[77.36484486422884,23.130910746078797],[77.36494469282495,23.130904641370968],[77.36504295857407,23.130898257851307],[77.36511784879363,23.130902652853482],[77.36520667029227,23.13090357674912],[77.36534057371973,23.130894964347046],[77.36547976146646,23.130883178668665],[77.36556072753667,23.130877391885953],[77.3656362058579,23.130869800112347],[77.3657118894518,23.130867186320675],[77.36577695950716,23.13086494054893],[77.36578324779464,23.130864723801423],[77.36589061461085,23.130868994380887],[77.36596189105494,23.130864538409206],[77.36605163313503,23.130853616245997],[77.3661540583363,23.130843097669917],[77.36625407611169,23.130826680366447],[77.36629716031096,23.13082120395623],[77.36642274259944,23.13082085679582],[77.36658426712802,23.130814218560005],[77.36672590264958,23.130809327154584],[77.36679518227473,23.13080892996014],[77.36685701444259,23.130811781185038],[77.36691864308808,23.13080965249225],[77.3670867757664,23.130790882165364],[77.36721045648142,23.130770654989067],[77.36744637502525,23.130741565455466],[77.36763879943399,23.130725868389163],[77.3677885925092,23.130708727563487],[77.36794246449406,23.130685462355242],[77.36801132485239,23.130672524953415],[77.36813796152374,23.13064521336556],[77.36833045467118,23.130605566756294],[77.36845225871569,23.130592382620677],[77.36859880851586,23.130575353437916],[77.3687208599246,23.13056814639469],[77.36884249747402,23.13056374995831],[77.36894284132954,23.130555297350917],[77.36902439614202,23.130537520520235],[77.3692044349357,23.13049240734678],[77.36936704696583,23.130461492361118],[77.36947375543122,23.130449829033886],[77.36966571394272,23.130431228701966],[77.36986000012368,23.13041653772494],[77.3699966542914,23.130395860602988],[77.37016050149069,23.13037823257831],[77.37027278007828,23.130370364135178],[77.3703395683876,23.130362071787044],[77.37038893287638,23.13035139153822],[77.37044370409764,23.130340522643113],[77.37051319470656,23.130336051622304],[77.37057781996609,23.130327836264005],[77.370673511495,23.130311565078966],[77.37077789348014,23.130295990366115],[77.37089612631576,23.130274950621033],[77.37105041424068,23.130250351175153],[77.37117782851075,23.130241958885122],[77.37121970748653,23.130233530193678],[77.3713314945222,23.130213709904346],[77.37141837254474,23.130193755373206],[77.37152903601498,23.130172976439972],[77.37167717131476,23.13014192854671],[77.37183436809475,23.13012053794758],[77.37189791044935,23.13011235935373],[77.37200653527765,23.130094642662456],[77.37214547400549,23.130076875851323],[77.37227443498607,23.13005346997271],[77.37239462357955,23.13002737601169],[77.3724813836031,23.130015186804034],[77.37266199512909,23.129984011750693],[77.37282135249049,23.129962546816177],[77.37299664077281,23.12993355067871],[77.37315428261417,23.1299089644951],[77.37326506903875,23.129891173526083],[77.37363967570828,23.12983833104937],[77.37383783290794,23.129812532282926],[77.37398125951931,23.12979859733652],[77.37412445392037,23.129769646979042],[77.37429178931473,23.12974098876022],[77.3744250333431,23.12971643667132],[77.37463536483618,23.129705212521383],[77.37476219101995,23.129708804658712],[77.37495313584049,23.129718158419468],[77.37501364123153,23.129715068097862],[77.37516516945766,23.129713816559924],[77.37539178205512,23.129706853731157],[77.37549120855613,23.129702417340667],[77.37567584341099,23.129690047731916],[77.3759120430621,23.129671289782568],[77.37616264487093,23.129665267943974],[77.37637372109664,23.129663949793688],[77.37658938672043,23.12966267722126],[77.37674530978627,23.129657979935295],[77.37690420140642,23.12965148551058],[77.37725358526228,23.12964338668695],[77.37740066549111,23.12963929457985],[77.37748952674279,23.129641207309437],[77.37760138126805,23.12964930485055],[77.37770213643093,23.12965080430182],[77.37782263838983,23.129658602154226],[77.37790156375864,23.129655871816734],[77.37800751883867,23.129652205262655],[77.37840272472927,23.129642514428053],[77.37848630488358,23.12964760082168],[77.37867243146626,23.129645149780874],[77.37880537316455,23.12963955163012],[77.37888242493273,23.129643865482898],[77.3789659630252,23.129647955009926],[77.37908123024862,23.12964798471028],[77.37925746166019,23.12964188510413],[77.37941614642735,23.12963040939889],[77.3795119073121,23.129642054931857],[77.37954758532972,23.12964081881536],[77.37971676823592,23.1296379230016],[77.38010187073336,23.129629579090754],[77.38034113823976,23.129629275053265],[77.38047041386119,23.129639758200444],[77.3805699639811,23.129638306671303],[77.38076165869742,23.129629631004743],[77.38085620980321,23.129635594813955],[77.38112800011722,23.129638886271252],[77.38134864001815,23.12963324309883],[77.38150818859167,23.129642676825835],[77.38162686878738,23.129641559808743],[77.38170907902675,23.12963971148059],[77.38185017795959,23.1296218600301],[77.38210271769158,23.129602146204096],[77.38228608427538,23.129601777938664],[77.38250519179354,23.129585214430612],[77.38272105459717,23.129568763372994],[77.38380664038371,23.12945625372435],[77.38393201119507,23.12953557159568],[77.3843756795586,23.129796386683765],[77.38469787539255,23.12990616593547],[77.38490397487394,23.129937403273576],[77.3851277556699,23.129971320197008],[77.38533981784792,23.129987220012172],[77.38551124472245,23.13004195256117],[77.38567911188807,23.130187506160144],[77.38592773695048,23.130518149839606],[77.38604545548297,23.13079679990987],[77.38609612669141,23.130871814797697],[77.38628125154956,23.131152237210056],[77.38650323329333,23.131495186021972],[77.38663396250543,23.131661043517436],[77.38690296691146,23.131845590304213],[77.38729497695958,23.132105387329965],[77.38787169859705,23.13240418449586],[77.38834397839408,23.132638875621513],[77.3884641911257,23.132681840651408],[77.3888453071911,23.13269099276783],[77.38920711076062,23.132703423072428],[77.38933103467453,23.132776946017085],[77.38951235024297,23.13286671439451],[77.3895963701652,23.132926323391402],[77.38993264712197,23.13307982695452],[77.39024080174714,23.133161741131982],[77.39045694309311,23.133152490627086],[77.39060075409962,23.133069693879197],[77.39086916577489,23.13254908406736],[77.39110096221292,23.13214845999951],[77.39153122877588,23.132016528740333],[77.39188789585224,23.131921543353105],[77.39234197157612,23.131857921766272],[77.39299958825984,23.13162101968367],[77.39336233821308,23.13150503836167],[77.39368117259708,23.13146138140972],[77.39402006291668,23.131456233809715],[77.39434223133456,23.131418496420626],[77.39449270483313,23.131347538153964],[77.39478661390572,23.131172883346128],[77.39507962010394,23.13094748463922],[77.39548870999022,23.130714348946398],[77.39572552936973,23.130597291402516],[77.39605361862786,23.130529603340936],[77.39623753241382,23.13052382063471],[77.3964044012306,23.130556044421454],[77.39655274786733,23.130585720694363],[77.39669740464379,23.130646811806354],[77.3969155659639,23.130710410557647],[77.39698745248361,23.130729045369893],[77.39723301063113,23.13071844790146],[77.39730361848743,23.130705344102655],[77.3974113858392,23.1306384135529],[77.39754570787449,23.130567099811874],[77.3978253619664,23.130462524207708],[77.39794874519521,23.1304295950604],[77.39814616025227,23.130420621118034],[77.39830941952117,23.13045157668958],[77.39844371004675,23.130523579611776],[77.3985197499366,23.130577138571766],[77.3988931610011,23.130516516536286],[77.39932807205959,23.13042868456087],[77.39961085760585,23.130355110182382],[77.40008394401526,23.1302356421293],[77.40036384891766,23.130145389249762],[77.40050991595037,23.130081060705432],[77.40060383314523,23.129988863910846],[77.40065571588522,23.12985669992723],[77.40065103835467,23.129594025132903],[77.40065719935279,23.129359848172633],[77.40069265475223,23.12917538483912],[77.40077895364173,23.12909046932572],[77.40107861811401,23.128949753947573],[77.40139428433005,23.128837457864044],[77.40168472601526,23.12875898600689],[77.40193750237952,23.128740802949153],[77.40228115547468,23.12874989716376],[77.4025565442497,23.128841244377284],[77.40309177030669,23.129073136726394],[77.40323770852964,23.129154596651386],[77.40336935382724,23.12917831091021],[77.40348546655437,23.129193136977218],[77.40372734888606,23.129206279734873],[77.40388431458851,23.129191492132016],[77.40402341692545,23.12915346239944],[77.40419138553374,23.129087975101665],[77.40440628588809,23.128971940587437],[77.40458175907796,23.12883367718182],[77.4046646984313,23.12876562872028],[77.40482106561893,23.128614050709214],[77.40502452854305,23.12837441672533],[77.40508474695743,23.128298552034856],[77.40516777798808,23.128209545184177],[77.4052605352311,23.128087484261002],[77.4053125387629,23.127972976355963],[77.40535958532442,23.1278959529541],[77.40542376829835,23.12773516370264],[77.40547359205276,23.127571005772612],[77.40548702294635,23.127512596303568],[77.40550680208966,23.127371478941523],[77.40550612633564,23.12725233859844],[77.4055076908369,23.127168507666255],[77.40549059395612,23.126969874006814],[77.4054555420891,23.126768959454154],[77.40545331083021,23.12673144394564],[77.40543572186151,23.126645327422985],[77.40542764708293,23.12657469443127],[77.40543152533127,23.126509625076817],[77.4054177906472,23.126363956303113],[77.40540774978997,23.12619513651327],[77.40537997175596,23.12597439692115],[77.40535879489478,23.12588716125314],[77.4052894938994,23.125575791570956],[77.40527073208385,23.12548415397329],[77.40519917122047,23.12525246805212],[77.4051981802151,23.125020349947388],[77.40516684193882,23.124856014876272],[77.40504663832894,23.124487615814548],[77.40501178078846,23.124270784964914],[77.40502717039293,23.124120067734957],[77.4050710733825,23.124036024616423],[77.40514057198268,23.124006777255516],[77.40519826013136,23.12398249972358],[77.40527378489685,23.123966268328036],[77.40539349593269,23.12397890230866],[77.40549640314144,23.1240002896298],[77.40555260061134,23.1240214827677],[77.40561594662604,23.12405153151397],[77.40569707791204,23.12412246847548],[77.40570687179161,23.124131661776957],[77.40578582202374,23.124299580617635],[77.40581715832236,23.124434774543364],[77.405883267562,23.124550328686183],[77.40596007930712,23.1246867403162],[77.40608736884646,23.12475741092774],[77.40629717686252,23.12482108987611],[77.4066645609325,23.12480019374998],[77.40690151291871,23.124764091060733],[77.40705354073367,23.124715908723175],[77.40723518711643,23.124590838810093],[77.40756640405627,23.12428004077168],[77.40776483116647,23.124053436620166],[77.40805849156837,23.123722190677086],[77.40841355088416,23.123474085678353],[77.40907424721011,23.12310283478617],[77.40950241252885,23.122899471602334],[77.40976427998494,23.122758507036508],[77.4095989388714,23.12243714060478],[77.4093205295099,23.121858100205124],[77.40919703321326,23.121591745286292],[77.40907588314,23.12135557768591],[77.4090677339218,23.12133962840294],[77.40885941877978,23.120931901125658],[77.40880901050112,23.12076046236483],[77.40876382885786,23.12064835593511],[77.40877320212658,23.120196575675404],[77.40891354635802,23.11923421388059],[77.40903049915168,23.118697381811653],[77.40908057803348,23.118464922779395],[77.40906944553684,23.118130689509876],[77.40926175540474,23.117764683210698],[77.40929534007876,23.117620854928106],[77.40922875031796,23.117507219864752],[77.40916826182672,23.117446040830746],[77.40908839959148,23.117456814519507],[77.40902454517837,23.117485617049347],[77.40885271443071,23.117563125382475],[77.4086798012296,23.117713859237057],[77.40857907135195,23.117713010780307],[77.40843479376599,23.117731933356357],[77.40830367964675,23.117764988499104],[77.40814958661382,23.117812725033176],[77.40803718431201,23.117881322956592],[77.40797176397935,23.11797786555054],[77.40795569542513,23.11809037547216],[77.40791846158916,23.118174544584992],[77.40781672592406,23.118262087601],[77.4076702919912,23.11830492973702],[77.40751255050587,23.11829300738517],[77.40740648629027,23.11828268347072],[77.40736110477908,23.118199776183573],[77.40730313824285,23.117990464046155],[77.40717967380932,23.117583898590485],[77.40717519909855,23.11733316355716],[77.40726328288605,23.11705951867927],[77.40734642922764,23.116943298798503],[77.40740178303808,23.11686592522153],[77.40762011004453,23.115297799239993],[77.40764788488026,23.115098304629537],[77.40769534531668,23.114834207001817],[77.40778338416465,23.114203037262296],[77.40786822394358,23.113626972307134],[77.40791049802895,23.113378409562408],[77.40800466701623,23.11293702309659],[77.40809325829052,23.112444042715182],[77.40819629887893,23.1118866473687],[77.40823791878641,23.111612392503314],[77.40833316346013,23.111226325381164],[77.40836868365403,23.110983345399642],[77.40845182696675,23.11080589502328],[77.40876769724731,23.11042092744325],[77.40913549382397,23.110064197777852],[77.4095824842504,23.109671931354026],[77.40995066906186,23.10938232757797],[77.41017726090148,23.10924358628632],[77.41030361858827,23.109022886146526],[77.41066572875668,23.108468498755485],[77.41091351861297,23.10825975447081],[77.41102810087534,23.108131234345613],[77.41131016303113,23.107766009679498],[77.41133473340192,23.10773419613845],[77.41137673568092,23.107679809596664],[77.41142885779247,23.10761232047357],[77.41160958437823,23.107335414028114],[77.41163465726008,23.107296997993537],[77.41165700851388,23.107262753713382],[77.41191796543319,23.10686291983131],[77.41215694852677,23.106459910100632],[77.41231929720693,23.106186134004407],[77.41247177371329,23.105921334600353],[77.41306742050675,23.104960115619928],[77.41312348553909,23.10488000339875],[77.41329083027563,23.10458041558161],[77.41336489928591,23.104485409247296],[77.41361398509724,23.10432804380298],[77.4137028619631,23.10427324711414],[77.41387924711154,23.10418727295339],[77.41390468976668,23.104183726288447],[77.4140045254844,23.104169812941898],[77.4140301977296,23.104012864480012],[77.41447008476027,23.10395123900592],[77.41501898112652,23.10391976272434],[77.41530500482516,23.10396488998637],[77.41542684330815,23.104020482501586],[77.41548506857839,23.10411613158778],[77.4154696192242,23.104266865413535],[77.41538910719055,23.10449784821117],[77.41512349109402,23.104911331137977],[77.41505891553217,23.10504107339337],[77.4150736700828,23.105250269887094],[77.41520701971272,23.105671205155392],[77.41528737389933,23.105848342197188],[77.41549289009998,23.1061244517145],[77.41565981882368,23.106197672650126],[77.41579616360242,23.106190532120245],[77.41598541341591,23.106110267523043],[77.4162403093474,23.1058817628689],[77.4163693652753,23.10573976309995],[77.41658650591815,23.105583587193653],[77.41676379624457,23.105477994341427],[77.4170748689263,23.105264645580977],[77.41724372633158,23.10513080531201],[77.4173872973982,23.105114746379765],[77.41774914241361,23.105067787881993],[77.41803298837549,23.104976759590595],[77.4185569455992,23.104854368117486],[77.41887188771818,23.104863823411346],[77.41905363196022,23.104913041367862],[77.41916168012965,23.105046718034178],[77.41918956453085,23.105202696126124],[77.41918545707759,23.105273604770563],[77.4190394930939,23.10541785856492],[77.41879214996452,23.105458139902375],[77.41839938431438,23.105468867173673],[77.4183568570531,23.105498361117792],[77.41823990263208,23.105639848098726],[77.4181361729573,23.106037123538062],[77.41817371880913,23.106313249321474],[77.41827669507852,23.106621365384736],[77.41846168711412,23.107020124930294],[77.4185478467995,23.107213007328287],[77.41847523131442,23.107680123289477],[77.41850014490696,23.107833648663856],[77.4186086611117,23.108046190036724],[77.41870452395548,23.108113512849393],[77.41883596810816,23.10813180361395],[77.41899957930957,23.10808512906243],[77.41940055371731,23.107702117364447],[77.41957262627845,23.10751278161993],[77.41987325338047,23.107363837227517],[77.42002970318532,23.107328318973106],[77.42030493370092,23.107444013129626],[77.42049205233693,23.10752462953127],[77.42064216689585,23.10753746839927],[77.42093403897134,23.107459022396192],[77.42120501675097,23.107313043792278],[77.42148526267853,23.107052566076796],[77.42167755262827,23.106840849715315],[77.42183072714839,23.106627460413797],[77.42198390215039,23.106414070159182],[77.42209084915305,23.106198703522917],[77.42222685959102,23.106043667813815],[77.42240407380865,23.105919939553264],[77.4226252292002,23.105844047463197],[77.4231539195283,23.105889636952117],[77.42326500404003,23.10580575488315],[77.42344195853896,23.1055441408359],[77.42361965900945,23.105410583377285],[77.42383288517057,23.10535076472565],[77.42399078038528,23.10540019239526],[77.42418080748992,23.10551992979978],[77.42445258667536,23.10571538135219],[77.42456539814383,23.105739900792674],[77.42482837250876,23.105754428106632],[77.42503751833097,23.105776500771768],[77.4251431854799,23.105872933866493],[77.4253082224356,23.106208258795018],[77.4253983591172,23.106330289614743],[77.42562962541197,23.106409113390995],[77.42577101455879,23.106503790664824],[77.42576742463578,23.1065758560913],[77.42559079990802,23.106830922083642],[77.42554933453081,23.107019545946642],[77.42561138511086,23.107061590857796],[77.42569754347107,23.107048860602827],[77.4258870201427,23.106965044662648],[77.4260047256393,23.106891291706873],[77.42627934982313,23.106886617274764],[77.4264857580063,23.106892157004864],[77.42656239082835,23.106856040970175],[77.4265289827596,23.10673971855409],[77.42658972830446,23.106450153905772],[77.42664946207215,23.106252463405056],[77.42677734413651,23.106188993149832],[77.4268722128408,23.106216026757746],[77.42709744422588,23.106416049628344],[77.42728303963548,23.106696445249025],[77.42744821449573,23.107100710142856],[77.42759427093912,23.107244825622708],[77.42771031290872,23.107276045971577],[77.427832387844,23.107186064930307],[77.42791476001065,23.106963079590223],[77.42794669637436,23.10675106998817],[77.42791097003145,23.106395012031054],[77.42789553693187,23.106203955870367],[77.4279639154299,23.106190464919486],[77.42816317922538,23.106267916495998],[77.42837842914933,23.106382161146445],[77.42853306413376,23.106497097644922],[77.4285166885825,23.106611291876998],[77.42833390486311,23.106918619402308],[77.42821206080829,23.107218703220287],[77.42823594203543,23.10731163892035],[77.42839707025065,23.1073677646134],[77.42850166014897,23.107342689994333],[77.42861313197511,23.107107817047083],[77.42878381049975,23.10675729649164],[77.42890092557501,23.106552209123926],[77.4289822533264,23.106493312771985],[77.42909992580154,23.106491775923686],[77.42918572603807,23.10655781249086],[77.4292037702616,23.106696456944043],[77.42922514422933,23.10698296415926],[77.42932605289562,23.107246606732158],[77.42944933931601,23.107347072691365],[77.4295306373182,23.107360393749172],[77.42962961413708,23.107233314269568],[77.42980926621586,23.10706044297961],[77.43011422347786,23.106804291000888],[77.4303743572091,23.106661116468917],[77.43055554730586,23.106672139848204],[77.43076968825245,23.106737094179913],[77.4309497063097,23.106843263436513],[77.43126688092572,23.107129273712868],[77.43162707582037,23.107385756694537],[77.4316581380056,23.107411298756997],[77.43169506084011,23.107441659920042],[77.43137633174044,23.10809626485582],[77.43124235239455,23.108255976045157],[77.431094602728,23.108654756501682],[77.43106637701744,23.108808060061456],[77.43100734587952,23.108971392541665],[77.43098944802834,23.109124537492086],[77.43099224370208,23.10927975153543],[77.43103044912495,23.109393813557915],[77.43102210168824,23.109503817303388],[77.4309910437827,23.109714889082557],[77.43099801333116,23.109958415263403],[77.43103628422641,23.11021937482385],[77.43106625065445,23.110377752746274],[77.43111435220221,23.110539433838728],[77.43102337444695,23.11057785932465],[77.43105108413533,23.110682529089505],[77.43108987075307,23.110757171712727],[77.43112663957177,23.110828010382786],[77.43114502060102,23.110902251292718],[77.4311609481204,23.111012357040327],[77.4311844401687,23.111112315556664],[77.43119246922511,23.111213944580445],[77.43118467309579,23.11129718812697],[77.43115255787112,23.1114066018372],[77.4310401822988,23.111704994529497],[77.43108647006017,23.11195221506521],[77.43107885364311,23.112303452177805],[77.43152345437085,23.1129013847677],[77.43173865622323,23.113150298898585],[77.43162555802812,23.113580553032676],[77.43164536171439,23.11433551375121],[77.43160429192402,23.114979628124456],[77.43161074707267,23.115079849028156],[77.43169415953115,23.11532362972682],[77.43170335184449,23.115403743434324],[77.43170534056448,23.115686042451422],[77.43171148716804,23.116113023879254],[77.43172697799896,23.116198773095057],[77.43176436069447,23.11629565067093],[77.4318178027477,23.11650979809328],[77.4318791699344,23.116647866374027],[77.4319521548504,23.116828749531],[77.43206216099341,23.11700046351348],[77.43213803698269,23.117083848281407],[77.4322096564136,23.117360772840822],[77.4323257823685,23.11761408159324],[77.43242729691991,23.117830352473216],[77.43246057120739,23.11790241930413],[77.43248604833731,23.117895720285272],[77.43278727470752,23.117816511815043],[77.43295061371568,23.117787628019208],[77.43299067191482,23.11778054366882],[77.43316366069257,23.11771447675638],[77.4333820797738,23.117654378356253],[77.43370338897205,23.11757179087321],[77.43400183911712,23.11747462683451],[77.43420243683966,23.117374017525528],[77.43429740040396,23.117302952871555],[77.4344272939366,23.117228110896903],[77.43459914388677,23.117151003035207],[77.43478493174443,23.11707044221563],[77.43498634700718,23.11698316544004],[77.43508092957322,23.116891063906124],[77.43519323024209,23.116892063387006],[77.43521394481316,23.11689224683179],[77.43525013601185,23.116883315375343],[77.43529561573398,23.11687267241806],[77.43530478101076,23.11687052736015],[77.4354715104476,23.11680823822288],[77.43574149092757,23.116736172219102],[77.43574457189617,23.116735350006678],[77.43592808422645,23.116708628679845],[77.43637497442883,23.11660916747253],[77.43688619055894,23.11649676807258],[77.43690854967251,23.11649600920709],[77.43704748792612,23.116491289706403],[77.43710684640222,23.116467085307058],[77.43710837166535,23.116466463425628],[77.43711695629588,23.11646396493632],[77.43754186625428,23.116340334264795],[77.43764689640606,23.116300435465693],[77.4377630768582,23.1162563004455],[77.43791332017447,23.11621971699215],[77.43810708158178,23.116172537132073],[77.43811659649873,23.11617022067887],[77.43812415078395,23.116169185215252],[77.43827048824681,23.116149127061185],[77.43831301454159,23.11614329725827],[77.43837827057173,23.116142288178363],[77.43842273361064,23.116141601428048],[77.4385425115061,23.11616064823548],[77.43860715338073,23.116155043329144],[77.43862630731134,23.116153381971277],[77.43876141114066,23.11612740632186],[77.43893195884651,23.116097898099543],[77.43910855775033,23.116069746451853],[77.43911864261743,23.11606813887363],[77.43923744910524,23.116033457909765],[77.43940094878073,23.115971214568866],[77.4395292204642,23.11592444465328],[77.43970151145801,23.115834644831878],[77.43975946163704,23.115804440554225],[77.43985485994268,23.115767624492285],[77.44004155135808,23.11569557527933],[77.44035616269755,23.115601087466235],[77.44039791597181,23.115588547009857],[77.44050397549888,23.115563020814232],[77.44062868916271,23.115537935379304],[77.44069694959265,23.115524204839804],[77.44080322499674,23.115510617606724],[77.44187991716514,23.115431248070482],[77.44200587835563,23.115435268360656],[77.44207375389081,23.11544018879579],[77.44228356379301,23.115439925185132],[77.44238983956542,23.11542633687817],[77.44249272590622,23.115403843078145],[77.44264686677093,23.115359656207485],[77.44264824385913,23.11535920633183],[77.44274313623275,23.11532830798955],[77.44295191952978,23.11527132971933],[77.44308696809996,23.115242367285862],[77.44314299331454,23.11523815120803],[77.44318689723991,23.115234847626265],[77.44327391772755,23.1152275279938],[77.4433147348624,23.115244427292247],[77.44336542136772,23.115271499986395],[77.44341460568783,23.115307881605247],[77.44345051783391,23.115350660883138],[77.44352424094137,23.11544857070709],[77.44359595549267,23.1155279391749],[77.44367232389075,23.115587116123333],[77.4437364223337,23.11561552761588],[77.44381208930994,23.115636023042043],[77.44388747621426,23.115641045113026],[77.44393735156012,23.115623247945205],[77.44399088115146,23.11562241866921],[77.44402603493828,23.115621873603576],[77.44406281068218,23.11562130384211],[77.44411143329873,23.115626741324014],[77.44417369035295,23.115645895723603],[77.44423608796318,23.11567278671635],[77.44423625856075,23.115673832731055],[77.44436879863645,23.116484149972386],[77.44439278006173,23.116630764195076],[77.44446552797433,23.116940148377697],[77.44451450767852,23.11707792509458],[77.44460049532589,23.117262899648832],[77.44462001727352,23.117285103832405],[77.44465850276876,23.117328879763363],[77.44467461180652,23.117347114351986],[77.44473759675019,23.11741841856389],[77.44483743010956,23.11751241181059],[77.44486027496583,23.11759128819361],[77.44487048726378,23.117626551064806],[77.44506707018256,23.11792923735275],[77.44514737634901,23.118085636092932],[77.44523440481346,23.118327918927953],[77.4456525860172,23.119211124468194],[77.44584099719016,23.11960904631498],[77.44611229806723,23.120044330747618],[77.44621841307087,23.12020360563478],[77.44631478075031,23.12013475296676],[77.44656228926578,23.120030589816654],[77.44658944539016,23.12001775985603],[77.44675546511986,23.119939316456787],[77.44716153471867,23.119832352036216],[77.4475416621328,23.119704754950085],[77.44773913246517,23.119665039243795],[77.4481340438446,23.119654153163125],[77.44830657308063,23.11962696546957],[77.44833894098845,23.11956739727025],[77.44830122814462,23.119486671243585],[77.4482446434656,23.119417105620794],[77.4482460103658,23.119357515428206],[77.44838521099719,23.119308741757656],[77.44858333159827,23.119326266087626],[77.44884611920071,23.11943570810818],[77.4489908302258,23.119496847615938],[77.44908245895176,23.119568921367243],[77.44906490480491,23.119666986662807],[77.44896783122664,23.119762512551247],[77.44886243343953,23.119791705727945],[77.44860359879445,23.119957881346988],[77.448546942206,23.12010682072807],[77.44855903209654,23.120230978507745],[77.44863583541967,23.12029683345025],[77.44895799221177,23.12021512708632],[77.44934132609158,23.120077511551134],[77.44959069009924,23.120021823627138],[77.44975243583838,23.119995866963226],[77.44996459465935,23.119770926775942],[77.45004550084361,23.119653044010356],[77.45027869454584,23.11958244455557],[77.45040138550266,23.119454656990023],[77.45054612425831,23.119440749455556],[77.45070109060576,23.11954514475307],[77.45083584626154,23.119628420178838],[77.45091941846034,23.11959868406122],[77.4510529152898,23.11939393155509],[77.45134858493927,23.11932950258558],[77.45149549657934,23.11932712268151],[77.45155617159078,23.11925019311774],[77.45155487321802,23.119085072980578],[77.45153249390609,23.11881893793612],[77.45154326069687,23.118726778693357],[77.45177294807623,23.11847259186678],[77.45183052563358,23.11824422159888],[77.45185860173717,23.118161239151206],[77.45190723694895,23.118099060687],[77.45211465480472,23.118072654488007],[77.45232489176368,23.118200775991397],[77.45248878026908,23.11845914565742],[77.45248185652974,23.118693114201562],[77.45250365038993,23.118825175170556],[77.45260357808262,23.11905132976035],[77.45260536551598,23.11915265054568],[77.45250623439054,23.119288867972685],[77.45248072710984,23.11946720588266],[77.45255343937366,23.119508286270392],[77.4528725402857,23.11943398411108],[77.45307748635214,23.119357748664697],[77.45317022954977,23.119293336870662],[77.4532539714587,23.118919099066584],[77.4532504488544,23.11881902677991],[77.4533104624033,23.11876547772013],[77.45352907103418,23.118761166836485],[77.4535725380592,23.118673807784255],[77.45358951188636,23.118542174638282],[77.45349853471737,23.11819008619094],[77.45345290923983,23.118095253169965],[77.45338973401257,23.118029357441515],[77.45332174226097,23.117982644351088],[77.45323420299894,23.117855025324847],[77.45321751663633,23.117647482255734],[77.45326628334233,23.11748908001416],[77.45334221271467,23.117404299071218],[77.45355566283725,23.11735559480767],[77.45369992981601,23.11733662982952],[77.45375086699318,23.117297620875412],[77.45376668030083,23.117173170562513],[77.45374140492848,23.1170613027371],[77.45376052376473,23.11700389806005],[77.45377719729714,23.11695383871361],[77.45415259847917,23.116721212694117],[77.45426965562011,23.11673562746905],[77.45457801684634,23.116773599571097],[77.45463056212697,23.116822939909234],[77.45470562780275,23.11697463832481],[77.45471115009659,23.11721217815222],[77.45471750819476,23.117485601416334],[77.4547574059526,23.117549471023104],[77.45480452730915,23.1175845662214],[77.45485138805137,23.117605332200863],[77.45492890140109,23.11760770906203],[77.45517836627171,23.1175676971308],[77.4554006144208,23.117532051776756],[77.45603274613964,23.117539893563453],[77.45606260234946,23.11746823820276],[77.45621943972581,23.11734541215248],[77.4569139842416,23.117254337056977],[77.45706886933046,23.117258934991582],[77.45709127674948,23.116789307450503],[77.45749500604663,23.116774233095935],[77.45850002585716,23.116610705913356],[77.45934984661022,23.11653034637602],[77.45996777714579,23.11642994233963],[77.4604723764637,23.116345636343297],[77.4607615520637,23.116239125584023],[77.46084755263928,23.116239785990977],[77.46086358583405,23.116239909566364],[77.46104384028966,23.1161523329437],[77.46116900421805,23.11609967830302],[77.46118795149401,23.11607887520243],[77.46119907024324,23.116066667529306],[77.46121668172502,23.115914812734346],[77.46123989855072,23.11579402813352],[77.46134599270329,23.115617989264386],[77.46135132353773,23.115506403534393],[77.46132848094729,23.115399348519517],[77.46136614560129,23.11519180373929],[77.46139810548253,23.115073377998588],[77.46131335510182,23.1148452862452],[77.4613205858064,23.114760607630153],[77.46139990525569,23.114557456537813],[77.4613927521916,23.114429484883605],[77.4614539396411,23.11425122122888],[77.46162157603928,23.114049142374267],[77.46167103000587,23.11394293222164],[77.46161760962984,23.11388204306275],[77.46146307463103,23.113777992058687],[77.46141541529626,23.113665770003767],[77.46144267279226,23.11354102348565],[77.4613164961633,23.11341407666034],[77.46128415172363,23.11330019613308],[77.46163217291831,23.113114433336705],[77.4618496688801,23.112997830872],[77.46214701928015,23.112996079243313],[77.46227426191565,23.113015965300143],[77.46245615298984,23.113004868839084],[77.46256926589454,23.11292377007481],[77.4624653842621,23.112430531983122],[77.46249737348506,23.112355039915585],[77.46262826383614,23.112267567750404],[77.46312572741532,23.11212594598982],[77.46337615937274,23.112141206739537],[77.46375442678537,23.112268996077535],[77.46411401398358,23.11232181670305],[77.46444338026394,23.11233089975394],[77.46479882021009,23.11239679310867],[77.46506373376927,23.112445040096247],[77.465284625637,23.112369824140703],[77.46554760088792,23.1120984768703],[77.46568879180062,23.11214451899551],[77.46569458538815,23.112182580214625],[77.46571149049875,23.112290246079162],[77.46575065620961,23.11241771809386],[77.46583391957496,23.11251163295924],[77.46602999625233,23.11266314058992],[77.4662667654546,23.112815615666285],[77.46654825865171,23.112983807857947],[77.46658846871259,23.112990200307255],[77.46662240213394,23.11299559446164],[77.46672078606741,23.112997220551303],[77.46674779545623,23.112999331274168],[77.4667797469422,23.11300182748942],[77.46696813881441,23.113031585974866],[77.46724743532059,23.113111290739184],[77.46743965198627,23.113173249011876],[77.46762419985467,23.113267133179647],[77.46782504328753,23.11340125084863],[77.4681754596046,23.113618877495977],[77.46836756079796,23.113753301002742],[77.46857215631115,23.113897169971427],[77.46875742003981,23.11402255296222],[77.46888314330604,23.114062678964967],[77.46908069522381,23.114093796593348],[77.46938022110078,23.114075730147004],[77.46962922957516,23.11405272368197],[77.47000907464871,23.114020237088486],[77.47020798901669,23.114008987840197],[77.47036268921688,23.11401638543274],[77.47036850126909,23.11401730109063],[77.47059255035292,23.114052578660612],[77.47068060578476,23.114066442664658],[77.47101107694685,23.114107429968612],[77.4711590116156,23.114125614248],[77.47127907589115,23.114160295894468],[77.47137182271027,23.114182414244663],[77.47139823060341,23.11417474817724],[77.47153834349508,23.11413407249154],[77.47177976880968,23.114373354122574],[77.47200651258721,23.11448149134381],[77.4722539466197,23.114447607972533],[77.47244097007425,23.114256237754734],[77.47299347481098,23.11358913538818],[77.47329862195849,23.113389032057704],[77.47344830630071,23.113358282039023],[77.47367112444394,23.113402289791782],[77.4740326544721,23.113614960430713],[77.47433379047277,23.113731437831568],[77.47450512931125,23.11391458379749],[77.47473803737222,23.11439871369939],[77.47494346721722,23.114682073673784],[77.47526393499153,23.114884957332865],[77.47539725692901,23.114903762944984],[77.47554292680046,23.114813627351932],[77.47556731346172,23.114747594592934],[77.47540616140805,23.114290822464845],[77.474995975001,23.11368852623246],[77.47501804039153,23.113472367773653],[77.47525828354783,23.11334575129526],[77.4753325768089,23.113306595573864],[77.47537680246032,23.113164670338882],[77.4752865180587,23.112889711546284],[77.47526360909718,23.112696601265334],[77.47534223149121,23.112548473246903],[77.47535962845564,23.11241036828384],[77.47532750699132,23.11234141022787],[77.47525484692078,23.112144570485135],[77.47517520756664,23.11191199910802],[77.4750958582639,23.111752482874095],[77.47499244326136,23.111510524258463],[77.47493498786825,23.111231487376187],[77.47492455797249,23.111123228329994],[77.47491908932358,23.110995826425206],[77.47490952921675,23.110752254472267],[77.47490527260882,23.11069284842719],[77.47490140325941,23.110638846012254],[77.47487175345442,23.110497917489518],[77.474843233431,23.110358025112458],[77.4748170498756,23.110275849705737],[77.47474527884143,23.109993534122832],[77.47469741804717,23.10978214598838],[77.47467116369681,23.109672941968135],[77.4746528330371,23.10954754739619],[77.47465921413267,23.109370006264882],[77.47468261357322,23.10923211542666],[77.47470726792284,23.109110163309033],[77.47475870717085,23.108893456805742],[77.47483718696205,23.108655982708935],[77.47484508097742,23.108592190863405],[77.47485796044467,23.10828846877451],[77.47486561083704,23.108174439904733],[77.47490136329652,23.107993556414613],[77.47492371302803,23.107891946406998],[77.47490850488911,23.107792906132495],[77.47490070546714,23.107742112358686],[77.47485949328686,23.10747370720658],[77.47483981043763,23.107278426569472],[77.47483280693184,23.107172711007024],[77.47482441359577,23.106944238080317],[77.47483298502083,23.106734846024242],[77.47485837506574,23.106478240246517],[77.47486014682526,23.106255383423562],[77.47486789039523,23.106180271001712],[77.4748030444491,23.105941956995405],[77.47477449073598,23.10581007360431],[77.47470749080357,23.105618406731825],[77.47465164978374,23.105455239393788],[77.4746277098094,23.105344362715712],[77.47456872234784,23.105148541001086],[77.47483777349701,23.105106103296347],[77.47538395004727,23.10517993750788],[77.47579526593945,23.105186320244368],[77.47664038516368,23.105158125887595],[77.47699160197205,23.10512573936694],[77.47735200502224,23.105066338254968],[77.47771055008235,23.10508160632526],[77.47796846585284,23.105065612973657],[77.47889507258563,23.105080910404713],[77.4796723197637,23.105047793505868],[77.48008916433828,23.105074082584135],[77.48040784622941,23.10520342496666],[77.48076224363025,23.105344148400313],[77.48094715164557,23.10539498198114],[77.4812213653975,23.105387683118074],[77.48160490197235,23.10535776415234],[77.48180501041891,23.10535760211577],[77.4822129454682,23.105425823502014],[77.48239096175526,23.105452878447764],[77.48269214150568,23.105507850994677],[77.48287967299375,23.105525798410483],[77.48308874877141,23.105486680048223],[77.48344958732822,23.105451143699735],[77.48386902906935,23.10579385876614],[77.48409780893823,23.105948493667444],[77.48423052884833,23.106117030527546],[77.48435558888063,23.106275839471692],[77.48454462123343,23.106550525857944],[77.48481979767634,23.10705427945589],[77.48495446423087,23.10729716531533],[77.4850354166359,23.107360380050004],[77.48506894000076,23.10737203361397],[77.48510927565843,23.107374980211027],[77.48521417363155,23.107350397503726],[77.48532829819291,23.10732208771581],[77.48541051420989,23.107285681015963],[77.48549111370735,23.107257572516655],[77.48566632076692,23.107178506085365],[77.48572979756861,23.107143922018892],[77.48577472026192,23.107119577398546],[77.48581564295303,23.1070975534313],[77.48594159757052,23.107035234464796],[77.4861283305156,23.10695376113515],[77.48626826654274,23.10690609471256],[77.48641310030868,23.106848798466675],[77.48659692179783,23.106794977667544],[77.48681282953639,23.106744383024612],[77.4869126606107,23.106712297070384],[77.48709296890237,23.106655697026795],[77.48727213329768,23.106605324607603],[77.4874509449219,23.106565944643968],[77.4874802721307,23.106557429734963],[77.48754002920205,23.10654864672532],[77.48761025302242,23.106545837161264],[77.48771880658649,23.10653771826217],[77.48789346295452,23.106524260756732],[77.4880656016596,23.10651512233092],[77.48826367652872,23.106515315259706],[77.48837971299962,23.106505444879158],[77.48860876681348,23.106476227882666],[77.48868809383357,23.106456224529843],[77.4887617543501,23.106422508540813],[77.48880866993072,23.106396701585673],[77.48908837403145,23.10617457287984],[77.4894564545684,23.105971712928508],[77.49014197284181,23.105760258146056],[77.49055081905107,23.10566781710387],[77.49080117776889,23.1055922086125],[77.49115002668768,23.105554747549807],[77.49136537040253,23.10552085367866],[77.49148910246474,23.1055107648831],[77.49160434428036,23.105493258189426],[77.49169400264493,23.105485466141246],[77.49181982714646,23.10549038945869],[77.4918687545402,23.105491295386017],[77.49194342071206,23.105472716686435],[77.4921561108906,23.105414170740655],[77.49273591641139,23.105060061586222],[77.49355535731455,23.104578963884947],[77.49362929336283,23.104444039430277],[77.49442719431465,23.104139072785635],[77.49478541584124,23.10407417257672],[77.49501431730897,23.104053355219982],[77.49538041021435,23.103967311026494],[77.49557228237475,23.103954721203493],[77.49581923814436,23.103904954702877],[77.49594652873128,23.103862813784694],[77.49633295345095,23.103759249381458],[77.49650577960202,23.10372211945988],[77.49711478582383,23.103702926689177],[77.49724115317268,23.10371911875029],[77.49728310990002,23.10371797717046],[77.49743568596703,23.103714245971727],[77.49755212716313,23.103705290447476],[77.49757975698824,23.1036978502538],[77.4978148096333,23.103579106258277],[77.49810364455574,23.10344842034539],[77.49850356596392,23.103293044494425],[77.49862508345589,23.10327392250034],[77.49874019500884,23.103243437743533],[77.49881858395919,23.103182006252222],[77.4991202569084,23.10301958691468],[77.49984392819891,23.102778824693836],[77.50033407919113,23.102691600429218],[77.50041859261269,23.102676560069433],[77.50047310413244,23.103012479980443],[77.50051499262553,23.103322318958764],[77.50055643843744,23.10360828116997],[77.50063794673102,23.103826729393425],[77.50073441126709,23.10401627891561],[77.50084627622722,23.10420080723234],[77.5009200587934,23.104454490040336],[77.5012436254476,23.1055669868686],[77.50130957932805,23.105793747398586],[77.5017122675394,23.10662333124661],[77.50222552935018,23.107288742320048],[77.50237530891951,23.10756820728826],[77.50246869027431,23.108426579702762],[77.50253682037791,23.108815795994207],[77.50288183791167,23.109207919859468],[77.50320093170531,23.109396746991898],[77.50342717571836,23.109428862697136],[77.50372180733902,23.109443293628125],[77.50432113073425,23.109457662684722],[77.50453920740355,23.109521077849422],[77.50478487111043,23.109679593061642],[77.50499377448227,23.109805252393443],[77.50509532497409,23.109989940788875],[77.50507777786265,23.110157413194646],[77.50508482768177,23.1103777185038],[77.50518148660443,23.11046402937208],[77.50520829344221,23.110481209608764],[77.50525455589239,23.110544011301073],[77.50527479409133,23.110571087091046],[77.5053106975354,23.11061281327377],[77.50533562703741,23.110654422680685],[77.50533282193184,23.11066913568082],[77.5053081454566,23.110748773249753],[77.50528460954781,23.11081654472371],[77.50527739638447,23.110855025636134],[77.5052702516766,23.110908587924598],[77.50527366980663,23.11093798354741],[77.50527872330642,23.11096156846652],[77.50529892426614,23.110980726318637],[77.50533603143396,23.111016037705916],[77.50536567280481,23.111034786002637],[77.5053788099108,23.111035116969138],[77.50540586957213,23.111027861127766],[77.5054660602719,23.110994473545922],[77.5055078176227,23.110969443914062],[77.50553411732525,23.110953848620152],[77.50555323650035,23.11095235769493],[77.5055925492022,23.110958393826184],[77.50563340399204,23.110962524664693],[77.50567060349255,23.110958596994553],[77.50570365761789,23.110952310922816],[77.50573252789002,23.11093559352421],[77.5057624190026,23.11091602652183],[77.50578710637417,23.110888877745893],[77.50581203411633,23.110874433528455],[77.50582699580715,23.110868210203982],[77.5058569675996,23.110866206988412],[77.50587452036844,23.110861398252805],[77.50591014225634,23.110851304522413],[77.50595091411249,23.110837394709076],[77.50600091459397,23.11080683727786],[77.50601899283937,23.11080392551733],[77.50607071131753,23.11080991801155],[77.50610565110047,23.110823020470004],[77.50612898242912,23.110838606249146],[77.50613834954412,23.110852341772876],[77.50614688804635,23.11091070697315],[77.50615529520886,23.110940588174728],[77.5061730026648,23.110969486507567],[77.50620734387999,23.111005633604655],[77.50622867828024,23.111036417355226],[77.50625304657576,23.111052475679834],[77.50626959281463,23.11105384146233],[77.50628093756194,23.111047630754438],[77.50629582941768,23.111026214955185],[77.50631798726806,23.111010944880455],[77.50634173689575,23.11100469067072],[77.50636188897023,23.111003197334764],[77.50638414901319,23.111010240926042],[77.50639142421848,23.111018760779526],[77.50639564453547,23.111037262407617],[77.5064045772125,23.11106903966792],[77.50641708528572,23.111091309778086],[77.50644632064488,23.111119400913918],[77.50648782334453,23.111152014323334],[77.50650334699635,23.11115575914966],[77.50652711066628,23.111152352089867],[77.50654573784337,23.11115656123662],[77.5065752691627,23.11117117642732],[77.5065851294011,23.111179686751388],[77.50658931639235,23.111191067175614],[77.50658940750483,23.11121100680994],[77.50657147287183,23.111245250800618],[77.506534130619,23.11131300751526],[77.50652541948101,23.111329653938395],[77.50651890153222,23.11137382882507],[77.50651973029467,23.1114323365793],[77.50652869858354,23.11147171178769],[77.50654491467647,23.111513433737322],[77.50655793940925,23.111546498314286],[77.50657465204853,23.1116517068717],[77.50658124519016,23.111649892995576],[77.50663900626907,23.111634004261756],[77.50681784068189,23.111530845312913],[77.50698475481465,23.111341891348705],[77.5070641654039,23.111168657710603],[77.50714304304388,23.110966771910565],[77.5072427499106,23.11077410942646],[77.50741099245381,23.110656787347367],[77.50770874880114,23.110561290872518],[77.50823180267011,23.110361894948987],[77.50847748452568,23.110243339905256],[77.50866795552075,23.11020705706687],[77.50950465602943,23.11004767299871],[77.5095993275516,23.110029638313907],[77.51011607549289,23.110026307648877],[77.51031585704614,23.1100405816333],[77.510476842546,23.110098413712027],[77.51067991936999,23.110227085760954],[77.51083348368893,23.11035009315251],[77.5109001837181,23.110402255750532],[77.51097554566671,23.110461193395214],[77.51114359755874,23.110592621139148],[77.51042880446118,23.11103392600007],[77.5093692531452,23.111542815222897],[77.50901936131939,23.112188256446853],[77.50893967949453,23.11254803208171],[77.50897775829613,23.11257991264192],[77.5092210790212,23.112783626488877],[77.50956369827777,23.112980210066127],[77.50996539977001,23.112940616042838],[77.51037084762612,23.112859642179565],[77.51057548160554,23.112644287782697],[77.51103033049816,23.111998845882987],[77.51130601438672,23.111715199257468],[77.51135666585269,23.111663085481013],[77.5119310393905,23.111612855224823],[77.5121450229013,23.11164837396479],[77.51247347569351,23.111702891777927],[77.5126925504207,23.11173925528679],[77.51282018007652,23.112769040711154],[77.5127891996332,23.11304659759746],[77.51273133596393,23.11326725812821],[77.51267756780922,23.113430530707166],[77.51259166692,23.113532215307206],[77.51241790722631,23.113630523242445],[77.51210964645377,23.11371664154979],[77.51180253961715,23.113864841685793],[77.51136413018286,23.114172771904357],[77.5110744664028,23.114425786180057],[77.51088726012254,23.114634175219166],[77.5107823051666,23.114822147917593],[77.5106980018082,23.115009790770717],[77.51066692664035,23.115282571256643],[77.51065570399507,23.11551204345163],[77.51070652571514,23.115745305363607],[77.5107611772491,23.115906850774035],[77.51084662820783,23.116058351525542],[77.51101522190947,23.116237191420137],[77.51124369275111,23.116444795919065],[77.51145515898908,23.116526185045295],[77.51162280756844,23.11659070932152],[77.51198236458082,23.116657652446705],[77.51226199805507,23.11667717811635],[77.51237073454219,23.116687924723593],[77.51271773718581,23.116640088095583],[77.5129899104112,23.116552246280825],[77.51325224438361,23.11639630486768],[77.51360848934442,23.11639062623041],[77.51388328360699,23.116586876744012],[77.51389129584328,23.116601079596713],[77.51397808740664,23.116685680614296],[77.51397034302532,23.116685804051603],[77.51406527951855,23.116791771940015],[77.51421536216046,23.116947017651867],[77.51430589278702,23.11723219039624],[77.51445130242243,23.11755231445065],[77.51492185543158,23.118691272741717],[77.5157793829011,23.11980972398265],[77.51610105617736,23.120026718106235],[77.51638921268082,23.120108103660943],[77.51666973375502,23.120049013185653],[77.51707327543221,23.119817733641273],[77.5172546017435,23.1195712155823],[77.51733137028381,23.1191185704342],[77.51730518570432,23.118545757316014],[77.51718393695073,23.11827540830978],[77.51680511410288,23.11790168979268],[77.51659660238357,23.117757971872873],[77.5163666031053,23.11723514217692],[77.51635577902803,23.1166549183402],[77.51642213270283,23.116059131815522],[77.51662308078497,23.11561883551315],[77.51690521477029,23.11537787446301],[77.51730538366643,23.11523534483991],[77.51782599589309,23.115320182161465],[77.51824914037674,23.115578543543503],[77.5184211226092,23.115661782204423],[77.5189980880486,23.115860361234184],[77.51928810970169,23.116042028250266],[77.51969123619573,23.116472675234018],[77.52025512694566,23.116800436747777],[77.52078469499679,23.116949608954844],[77.52198053466897,23.116686862778483],[77.52285418405309,23.11659406786864],[77.52362677909119,23.116896980232198],[77.52398476666008,23.11698439959816],[77.52442593218466,23.116963005861322],[77.52456236850513,23.11690588779782],[77.52471980090625,23.11669437675232],[77.52479815151791,23.116564753922397],[77.52480916311332,23.116122703021457],[77.5249598905939,23.115553031457193],[77.52508188191194,23.11534507418504],[77.52532833474736,23.115233646609123],[77.52551543398066,23.115227665093595],[77.52572556708904,23.11524519766039],[77.52593103603735,23.115358343283106],[77.5260504430961,23.11552959390806],[77.52614682967622,23.11585049054305],[77.5263927541986,23.11605553970285],[77.52670689003686,23.116283379689246],[77.52706418967588,23.116403048236116],[77.52767812761839,23.11643798987885],[77.52822325602628,23.11659047059494],[77.5287083061011,23.11680959510574],[77.52902683066046,23.116926894437576],[77.52935382376194,23.117151536941975],[77.52997409083339,23.117523736877594],[77.530744825584,23.117657660347408],[77.53123900370285,23.117846774808356],[77.53167425894914,23.117992049137133],[77.53217713504938,23.11830044224566],[77.53276666657845,23.118410395121202],[77.53319415853214,23.118313960553262],[77.5335722374223,23.118164579335797],[77.53427224706088,23.117798049044364],[77.53468042940138,23.117704906187168],[77.53524218144577,23.117710801426266],[77.53592082747494,23.11809696590029],[77.53633717716053,23.11860975489624],[77.5365851992471,23.119268555850912],[77.53677595018013,23.119456561389306],[77.53653594718672,23.11964818979014],[77.53637525619722,23.1197764916368],[77.53628904212037,23.11999204180184],[77.53634660740298,23.12014118835309],[77.53646230064638,23.120285619452897],[77.53642966621203,23.12043840718017],[77.53629314921933,23.120596737607727],[77.53588011010247,23.1209100074904],[77.5354361125602,23.121158978277933],[77.53487580457455,23.121230684491323],[77.53459691271556,23.12133369225494],[77.5344521764898,23.12153306609201],[77.53440239629018,23.12163238899663],[77.53426198136111,23.121718241512784],[77.53412378322423,23.121750319213735],[77.53402582941487,23.121728999108782],[77.53403038604642,23.121734561094584],[77.53408416715784,23.121805014708414],[77.5341119928269,23.121853175535932],[77.5340848850582,23.12192191680922],[77.53413550285393,23.12194841118625],[77.53408276889074,23.122021246520617],[77.53404059877606,23.12208367988605],[77.53402595808521,23.12213299645005],[77.5340270476103,23.122175162086982],[77.53403081938266,23.122204088947417],[77.53403981209092,23.122235450850123],[77.53404357364766,23.122266787744156],[77.53404476294239,23.122289681082698],[77.53401179521302,23.12234252174083],[77.53392196993971,23.122471732858422],[77.53384696173202,23.1225617128461],[77.5337877843415,23.122625267756074],[77.53375210308099,23.12269736900538],[77.5337477099953,23.12278768964238],[77.53375243025435,23.122886487233558],[77.53376902417047,23.122964864289877],[77.53382202925697,23.1230824938664],[77.53398056041632,23.123278400924498],[77.53408977252815,23.123401794068453],[77.53413819550335,23.123433712751787],[77.53417452535112,23.123489298092252],[77.53419785891909,23.123529160268117],[77.53422746843502,23.1236196468701],[77.53424420483594,23.123682913766043],[77.53426718892611,23.123790231655107],[77.5342771268926,23.123891462546034],[77.53428045168818,23.124007117291026],[77.53427761242175,23.124050467868813],[77.53424718437479,23.124116974528597],[77.53423654796154,23.12415064971104],[77.53422552546203,23.124259008380307],[77.53421074758765,23.124334823310004],[77.53414748390935,23.12442967799444],[77.5340962668164,23.124506736237166],[77.53406433215613,23.12463542469357],[77.53403814937333,23.124924818773213],[77.53403418283641,23.125055159414483],[77.53404719878581,23.125084023356887],[77.53408482160386,23.125128163043257],[77.53417160908761,23.125211953346714],[77.53429454621565,23.125306528398415],[77.53436014541977,23.125350803830976],[77.53438507430086,23.125380042841595],[77.53442264091753,23.125434794155645],[77.53449624999413,23.125521550748836],[77.534538619979,23.12560209351462],[77.53462214895787,23.125679804318867],[77.5346956777267,23.125781719377002],[77.53478900334021,23.125874635518212],[77.5349038687472,23.12598945726166],[77.53493820080598,23.126033581512623],[77.53496752472894,23.126091324138365],[77.53499322846721,23.1262127136453],[77.5350272236983,23.12632201513345],[77.53505974427044,23.126419933174052],[77.5350989354653,23.126479238875145],[77.5351151797686,23.126520244705826],[77.53510177918653,23.12656565371451],[77.53508001651595,23.126636791246536],[77.53507147595121,23.126697383525137],[77.53507626428825,23.12672620646393],[77.53510837826698,23.126805364743454],[77.53519510313669,23.12678427541696],[77.53534734249855,23.126957525102654],[77.53567554094212,23.12733364744058],[77.53580789064003,23.127420504897547],[77.53611742491913,23.12752490266031],[77.53623174092837,23.127594240850804],[77.53635741573201,23.127785316285824],[77.53646728795428,23.128033455451952],[77.53664185537355,23.128267621623547],[77.5367294331572,23.128327564958187],[77.5370117980941,23.128436362364123],[77.53702352963268,23.128440882995005],[77.5372937895368,23.128534280437187],[77.53745262455774,23.12858916971149],[77.53764346382185,23.12867580007403],[77.53791695576994,23.128774730727276],[77.53814890794173,23.128909175992614],[77.53849523181637,23.12907570382331],[77.53850802166059,23.129101954816743],[77.5385280036455,23.129237760373154],[77.5385546859676,23.129578352390013],[77.53855327990357,23.12986009670406],[77.5385418031084,23.129932215113],[77.5385051970833,23.13016223598802],[77.53848108837259,23.130326398667194],[77.5384803048061,23.130478770840064],[77.53847828147178,23.13087263011496],[77.53850596874082,23.131017996468962],[77.53853144958327,23.13108954461208],[77.53855728596749,23.13130904010852],[77.53857603280362,23.131468314713576],[77.53862345808466,23.13179710100889],[77.53863455360424,23.13209352098698],[77.53863709542095,23.13216143795358],[77.5386563809777,23.132432948980444],[77.5386688283618,23.132525862416394],[77.53864489146794,23.132656693939204],[77.53862108893124,23.13276133854941],[77.53862287818183,23.132916101749792],[77.53862283568274,23.132924582900596],[77.53862256103757,23.132978003143542],[77.53866557125701,23.13311789911733],[77.53869848133343,23.133156507805246],[77.5387489964958,23.133215765830606],[77.53879472441012,23.13339128785446],[77.5387991718329,23.13340836052064],[77.53892249778475,23.133555578326916],[77.5390208910858,23.133761498445946],[77.53904990433408,23.133822216304452],[77.53918462057545,23.134071154261502],[77.53924245794134,23.134147503465165],[77.54003598248288,23.134889251044672],[77.54069873368317,23.135513799749546],[77.54084447301157,23.135650778798222],[77.54128508910853,23.1360649049614],[77.54200296783006,23.136742252526886],[77.54235269990839,23.137074239016833],[77.54239529053474,23.137100491252884],[77.54253963566597,23.137115589950085],[77.54324365139071,23.137182220332058],[77.54430676559919,23.137282832260023],[77.54548004216156,23.137393627643696],[77.54650243610637,23.13749983358466],[77.54731960455226,23.137581394896294],[77.54764388729441,23.1376112757058],[77.54855592621662,23.13763124597913],[77.55861148213323,23.137978594825555],[77.55907838444296,23.13786471169508],[77.55988417522569,23.13766523815099],[77.56084693792256,23.137427298024413],[77.56130315905791,23.13730867984097],[77.56190698347926,23.137167507480093],[77.56198322963306,23.137149202078305],[77.56207475777919,23.137129114818382],[77.56265767223975,23.13699244795488],[77.56274834453207,23.136978303288366],[77.562777249482,23.137080282739646],[77.56291782648012,23.137542112749596],[77.56305810619838,23.137984489332826],[77.56331243079121,23.138823240425904],[77.56361892159683,23.13982749707443],[77.56396285867785,23.140925632979787],[77.56415810535663,23.141469678851166],[77.56425182832419,23.141665230314473],[77.56444713059182,23.142329761444568],[77.56460776404536,23.142883796423806],[77.5648333174977,23.143640378577892],[77.56514219154734,23.144670157300236],[77.5654128711694,23.145564193522933],[77.56562595912253,23.146280474727448],[77.56570779821416,23.1465303437978],[77.56591277555079,23.1472367458907],[77.56612575984794,23.147929496801474],[77.56619676791173,23.14816330355441],[77.56627862160502,23.14841564762684],[77.56645886761747,23.149006964787535],[77.5665403998717,23.149189961494933],[77.56676094739657,23.149644160639514],[77.56703522488053,23.15021285740102],[77.56705347637666,23.150234609341485],[77.56707207731438,23.150249256621812],[77.56701604332878,23.150364712579616],[77.5669577390189,23.15045669601337],[77.56692426017764,23.15052892511785],[77.56690849009665,23.15058224593328],[77.56691432282658,23.150688754211302],[77.56694334524632,23.150806654813906],[77.56698883373896,23.151021193421357],[77.56701258619135,23.15115386201897],[77.56699505100988,23.151210466007765],[77.56693126347554,23.151271328895245],[77.56689051425809,23.151310805374568],[77.5668817966512,23.15135017032448],[77.56688943214283,23.15146159037526],[77.56685417391475,23.151533825585062],[77.56684896421302,23.15156170458759],[77.56687046453405,23.151592768949513],[77.56689013923791,23.15161400640485],[77.5669685442772,23.15163503767816],[77.56700251140704,23.15166769672136],[77.5670543811112,23.15172323821577],[77.56709540479852,23.151742761246627],[77.56714539545162,23.151777003864144],[77.56716856113033,23.151783479243722],[77.56727356318659,23.15178311179377],[77.5673021331043,23.151803497107267],[77.56732199157344,23.151864067176113],[77.56732390008045,23.151891921957656],[77.56729386684007,23.15193955619326],[77.5672532903909,23.152016727601247],[77.56723764655459,23.152097088422554],[77.56723785152043,23.15214133814389],[77.56725581676447,23.152177332280438],[77.56728095254331,23.152224772394547],[77.56733812306719,23.152272100654457],[77.56744732748994,23.152410206768447],[77.56753130015113,23.1524803851143],[77.56754207781582,23.152501654478538],[77.56753342295914,23.152554129361402],[77.5675050841451,23.152583728939206],[77.56738614939471,23.15264970158297],[77.56732401163691,23.152682697920575],[77.56731705220965,23.152717139826684],[77.56732785299677,23.152743324332967],[77.5673564495093,23.152769446457288],[77.56743870387965,23.1528527435624],[77.56747284538957,23.152923097109138],[77.5674963355791,23.152999223902697],[77.56756335810128,23.153251381918906],[77.5675780208909,23.153343108920673],[77.5675679205771,23.153467702201038],[77.56754330290117,23.153531706303482],[77.56749729655692,23.153589229237767],[77.5674262792674,23.153626353966057],[77.56730557143885,23.15369397099673],[77.56722383388009,23.153722119046638],[77.56717415369837,23.153755073003982],[77.56716359814867,23.15378133120789],[77.56714796771311,23.153864971057477],[77.5671073615261,23.1539355857656],[77.56709336774883,23.153988079786277],[77.56711682384433,23.154056832593902],[77.5671564411044,23.154156667816967],[77.56716030792897,23.154223029398295],[77.56715179053103,23.154305005017527],[77.56715203415112,23.15435744961735],[77.56721824180603,23.154434247101428],[77.56724358358527,23.15452593771583],[77.5672474394689,23.154589842137746],[77.5672315663259,23.154621035579716],[77.56715727502892,23.154719631913768],[77.56715202712425,23.154739316970144],[77.56715402783823,23.154786838556998],[77.567179237214,23.154849848369047],[77.56726000220995,23.1549954288937],[77.56729428826019,23.155096921181393],[77.56728732174653,23.155129723229006],[77.56726433049474,23.155160943632396],[77.56725382761907,23.15519867474872],[77.56725770599442,23.155267497019825],[77.567275724465,23.155314961227024],[77.56729941050524,23.155408988716083],[77.56728200263699,23.155486775241712],[77.56721369893076,23.15560564683136],[77.5671586929575,23.155718335725663],[77.5670839913495,23.155894500146285],[77.56706885999799,23.155984550219436],[77.56707798337759,23.15603565326848],[77.56710933970803,23.15609179291962],[77.56715613541493,23.156124354783866],[77.56728509481947,23.156152538056947],[77.56734294934131,23.156174834192377],[77.56741869670348,23.1562236584991],[77.56748551259612,23.156262287787282],[77.5676254536548,23.156263842233027],[77.56779446014937,23.156306202434486],[77.56789221114033,23.156309949861228],[77.56806977961561,23.156282736043917],[77.56827617476047,23.15624519525262],[77.56837002322044,23.156285974847993],[77.56833580332702,23.156312855731706],[77.56830136580511,23.15635939345268],[77.5682624595843,23.156461067423365],[77.56820340479685,23.156633887506196],[77.56813123956698,23.15669723977777],[77.56812985275516,23.156737859582286],[77.5681425622358,23.15676102268187],[77.56825310354711,23.156820107691715],[77.56838575574723,23.156892168201196],[77.56837348550526,23.156963287779785],[77.56832806116279,23.15701856715846],[77.56820232411357,23.157078481093325],[77.5679584583603,23.15714170970173],[77.56775312315943,23.157177133470547],[77.56752178510456,23.157224362104976],[77.56734702058782,23.157242380669988],[77.56707239829963,23.157127300183245],[77.56681584730458,23.156994264136664],[77.56666748292113,23.156930959547015],[77.56645906657127,23.15682580059691],[77.56628544569516,23.156750979069315],[77.5661939364626,23.156719387375816],[77.56614135475417,23.156704863616046],[77.56603838305972,23.156579027021117],[77.5659750862871,23.156516874422273],[77.56587553939981,23.156450497643377],[77.56578874262385,23.15641598806907],[77.56571790737713,23.15642638900194],[77.56557950537562,23.156473290547847],[77.56554174206535,23.156482125481535],[77.56548815221451,23.156475059524148],[77.56545179463215,23.156447626934494],[77.56536897789,23.156380520702353],[77.56516188999034,23.156221684882397],[77.56509067202325,23.15614940588373],[77.56500033465662,23.156030776575246],[77.5648858487404,23.15587238972399],[77.56476689221324,23.155695838582552],[77.56465123370143,23.155551187493856],[77.56455298136314,23.155423883524826],[77.56441970803981,23.15521691983082],[77.56432902172213,23.155113569119543],[77.56422925687035,23.154999324822658],[77.5641548278693,23.154914000863656],[77.56409904621135,23.1547734934911],[77.56407002084212,23.154684601148116],[77.56401439280549,23.15457745510068],[77.56397488635453,23.15455003216639],[77.56376494021812,23.154453576493697],[77.56367492162832,23.15440312103188],[77.56358932521081,23.154371449057578],[77.56351218827689,23.154381871124105],[77.56337681057809,23.154401199115853],[77.56315658892052,23.15446723886392],[77.5630354488814,23.15449957181279],[77.56304671575641,23.15455175204869],[77.56304224081615,23.154606162942493],[77.56300479813514,23.154684622586426],[77.56289956324665,23.15475026296961],[77.56274559766644,23.15483783028773],[77.56251294689416,23.15494162617186],[77.56236482754717,23.15499417393865],[77.56220376591841,23.15507302703001],[77.56213462347553,23.155127077690583],[77.56212633735132,23.155132404771255],[77.56208728536636,23.155157508956723],[77.56174456215757,23.15528313380751],[77.56150381723556,23.155347868922835],[77.56093382442926,23.15556860954639],[77.56024015511511,23.155621457532757],[77.55916884298195,23.155732778255842],[77.55888780066759,23.155770742643977],[77.55823305523458,23.155551033044283],[77.5578864442051,23.155626215758208],[77.55745848717979,23.155732566635294],[77.55699855047095,23.155784595132197],[77.55640609296563,23.155608384577697],[77.55631834971223,23.155588506982824],[77.55624923570439,23.1556492811715],[77.5555468902464,23.156203244532527],[77.55554073539518,23.156290592946267],[77.55549659885416,23.156367386125616],[77.55545378089222,23.1564177472097],[77.5554118348277,23.156478932458914],[77.55535318186182,23.15651877616341],[77.55531160511542,23.156526846595302],[77.55523981487048,23.156517842427743],[77.55519251492453,23.156529897398777],[77.5550736959608,23.15659241083555],[77.55488204285538,23.15673181455923],[77.55480325250697,23.156761155553404],[77.55476592039236,23.156755997413658],[77.55474569200122,23.15672567424282],[77.55475549543822,23.15667278456885],[77.55479079258883,23.156545808605337],[77.55480631231394,23.15648761442939],[77.55478903287725,23.156474458257296],[77.55474455538982,23.156475933193388],[77.55470255589539,23.15650929034194],[77.55466547496118,23.15655963144994],[77.55462868311254,23.156673398930575],[77.55461633325426,23.156797653148125],[77.55460801229844,23.156861108632334],[77.55456679580627,23.15694846238602],[77.55452960630893,23.15697501839465],[77.55450954152062,23.15698037281338],[77.5544807341783,23.156956686722516],[77.55446333936464,23.156918425446907],[77.55445387606548,23.156730817940655],[77.55443339579519,23.156644996329725],[77.55440018103178,23.156598859180068],[77.55433408297289,23.156579265592065],[77.55427235507018,23.156574190507],[77.55423224015921,23.156588203308996],[77.55418799016721,23.156639888438576],[77.55411953195117,23.156732621569155],[77.55409115706478,23.15680407509724],[77.55408710579677,23.15685958839818],[77.55410442625958,23.156881991904168],[77.55415061628868,23.156941297630336],[77.55424416593144,23.157001763001023],[77.55430182184892,23.15705838610016],[77.5543106718724,23.15711121270381],[77.55430685461198,23.157218259893423],[77.5542778478668,23.157266017917294],[77.55421622203451,23.15728340713865],[77.55410300367123,23.157315507830415],[77.55406709877523,23.15730902375016],[77.55404253614314,23.157272107325557],[77.55402334679536,23.15715456736192],[77.55396680635867,23.15702790641717],[77.55392796655879,23.15700689603515],[77.55384614956239,23.157001890685365],[77.55380458350437,23.15701260353257],[77.55376894345363,23.157064261351543],[77.5537606246121,23.157128377392137],[77.55374520069117,23.1572077140855],[77.5537137693482,23.157238214467437],[77.55365931315822,23.157254258474094],[77.55357898943701,23.157262460713767],[77.55353896692593,23.157296954575244],[77.55351911747685,23.157349877503613],[77.55354235392522,23.157410584178738],[77.55358127192204,23.157448770833973],[77.55363161673102,23.157475027587815],[77.55369497105377,23.157522381946855],[77.55369513951862,23.15755938059375],[77.5536737405488,23.1575872033742],[77.55354631048905,23.15764974514762],[77.55341320000899,23.157725520329087],[77.55335230484874,23.157737138903162],[77.5533511692865,23.157761270887292],[77.55328438132433,23.157971727052495],[77.5532058272917,23.158120170564125],[77.55317448882568,23.158188418613637],[77.55318639879358,23.158274653758177],[77.55317279209382,23.158359034421615],[77.55313183584143,23.158424397021474],[77.55304103862211,23.15845908124672],[77.55282452498102,23.158567628282725],[77.55269898621647,23.15864840661185],[77.5526769642665,23.158687014342156],[77.55266658293539,23.158774327210292],[77.55270625996762,23.15891597501406],[77.55279339681171,23.159004040262563],[77.55283514926091,23.1590244290105],[77.55284085838584,23.158950457633242],[77.55281433796885,23.158848634340714],[77.5528089679423,23.158786573821565],[77.55284379097517,23.158749349037144],[77.55289344013752,23.158759329399867],[77.55296419638037,23.15880463789572],[77.55309467028697,23.15891160127465],[77.55315419700013,23.158952558066392],[77.55328543528528,23.158969323798132],[77.55341235742846,23.15898779552996],[77.55345132277624,23.159052561895923],[77.5534631417354,23.159120488479505],[77.5534205029264,23.159184870286264],[77.55327974675454,23.15934856279075],[77.55307940872017,23.159465385566865],[77.55300129122737,23.15952692951216],[77.55280287975599,23.159679224015107],[77.55275036399154,23.159704751070468],[77.55267923658612,23.15967459070561],[77.55257981725134,23.15964132477609],[77.55240718298722,23.159642610309398],[77.55227146476773,23.15965988708561],[77.55217438041804,23.15970644569103],[77.55213605947067,23.159711167048115],[77.5520276916549,23.159747459121633],[77.55191737067513,23.159745324357612],[77.55184672598537,23.159777249503108],[77.55170771388968,23.159784198844804],[77.55165544213752,23.1598363386082],[77.55162571453533,23.159906052833712],[77.55161045559548,23.159984530956976],[77.55154689946903,23.16002640515716],[77.55149888987742,23.160020847946473],[77.55147271203984,23.159955985708194],[77.55143511363282,23.159866071805652],[77.55138141853733,23.159798378742572],[77.55135740062244,23.159794121377054],[77.55131443267467,23.15981514153126],[77.55131801269523,23.159856515357905],[77.55133618545369,23.159919959071818],[77.5513668830607,23.15995521567579],[77.55138646193666,23.15999794915655],[77.55132802988223,23.160075269290438],[77.55124541445463,23.16013059226209],[77.5512285696762,23.160210560838493],[77.5511905754874,23.160250765393254],[77.55110464563191,23.160292875270915],[77.55094067180652,23.160366545538725],[77.5509078873057,23.16039762971919],[77.55087662142606,23.160477144608862],[77.55087823172845,23.160527872163396],[77.55094050109207,23.16058766297392],[77.55098520807832,23.160602130591673],[77.55112043910836,23.16051867074222],[77.55123530629022,23.160457561076125],[77.5512741810491,23.160459386196795],[77.55130642361127,23.160485573178605],[77.5513150009566,23.160537629918217],[77.55126622294931,23.16070078467886],[77.55124037800049,23.160748546258496],[77.55120796423911,23.16082619231305],[77.55121874716527,23.160880024245046],[77.55125707641459,23.16094633468114],[77.55135847454386,23.16103543228106],[77.55140095456426,23.161056258401864],[77.55142858029555,23.161077812656046],[77.55145488154493,23.161146204257847],[77.55144940959488,23.16117130582283],[77.55138403398823,23.16119553526889],[77.55132254749215,23.161177527019507],[77.55126796997445,23.16113572525262],[77.5511769416612,23.161061025214842],[77.55110542447157,23.16103781527832],[77.55098593581988,23.16107036151008],[77.55094619168376,23.161090441671373],[77.55090244939666,23.161140888694153],[77.55089558889864,23.16116995730623],[77.5509131272032,23.161215992595345],[77.55094479288509,23.161243994041474],[77.55096810927462,23.16129789978839],[77.55099855522668,23.161351751752047],[77.55102895078294,23.16140032958211],[77.55103697131655,23.161496555424975],[77.55102332141158,23.161562607226603],[77.55103107295184,23.161629819124965],[77.55105775531986,23.161735613955823],[77.5510673103138,23.161843701676926],[77.55105790238791,23.16190576394679],[77.55102829881312,23.161942917434185],[77.55098837697507,23.161958055889308],[77.55091978382946,23.16194273896401],[77.5508162595379,23.161851178599374],[77.55076620362759,23.1618357235471],[77.5507306411148,23.161845222051756],[77.55070553711914,23.16187468603089],[77.55064296393597,23.161965785681357],[77.5505228964423,23.16199005595329],[77.5504418506473,23.16196845865669],[77.55038628367421,23.161970040841606],[77.55032385062313,23.162048786266247],[77.55031032315381,23.162086597789127],[77.55038291588376,23.16228701827879],[77.550374431686,23.162325637710573],[77.55038637122033,23.16238747287961],[77.5503582039918,23.1624834889659],[77.5503260008605,23.162549495050058],[77.55029363452674,23.162601144058634],[77.55022208784233,23.16265074880526],[77.550164699603,23.16264665710498],[77.55007270553702,23.16258465339444],[77.54999232287273,23.162585251256893],[77.54990274133456,23.1626136158947],[77.54989230114923,23.162677841145968],[77.54992609686317,23.162742184973443],[77.5500294341559,23.16283763472793],[77.55014186237477,23.162893656395838],[77.55017217295243,23.162932793176346],[77.55024553603724,23.16302554978515],[77.55032171629014,23.163081841518956],[77.55042195139815,23.163156126211103],[77.55043644679418,23.163189549417798],[77.5504351395899,23.16321871593405],[77.55038039473439,23.163264316668467],[77.55032884132719,23.1633142685914],[77.55032448431565,23.163351225466748],[77.5503483809143,23.16337874740516],[77.5504291670666,23.16342188220753],[77.55046409742087,23.16344932237201],[77.55046110746964,23.163466837674353],[77.55045209574014,23.163515016105983],[77.5504068060326,23.16356054616784],[77.55037607767721,23.163646788629162],[77.55032409733161,23.163822746811306],[77.55032831504067,23.163937886087293],[77.55036646498631,23.16414316151061],[77.55039728733337,23.16423769317564],[77.55045196727784,23.16435537369166],[77.55053041045414,23.164485997708937],[77.55058178310138,23.16458085925204],[77.55060455005666,23.164656499545096],[77.55059503977381,23.16482130856401],[77.55060499571317,23.16487517502979],[77.55065855997084,23.165021260268226],[77.55073487706885,23.165262699270638],[77.55078061609261,23.165376747064133],[77.5508261713269,23.165428522057613],[77.55092675932814,23.16546008396753],[77.55094549386874,23.165493706330864],[77.5510975582489,23.165525473257016],[77.55114040308564,23.165542701796777],[77.55124748406836,23.166276305203475],[77.55103996010497,23.166788753375876],[77.55085685070378,23.16735854479882],[77.55087600966431,23.16739324822359],[77.55125656913384,23.16752399353765],[77.55134043150758,23.16768017746008],[77.55135781016837,23.1677604443182],[77.5513746711768,23.167838317518925],[77.5514389289694,23.16813510048522],[77.55153404311042,23.168722503277085],[77.55157339503906,23.168995523548183],[77.55165117208398,23.16981376701457],[77.55165857563738,23.17026098512262],[77.55160040247006,23.170477872890324],[77.55156911174859,23.17069237655889],[77.55164259429314,23.170864991513618],[77.55175093673495,23.171011063550413],[77.5518804957748,23.171101318117074],[77.5519934335879,23.171185976153787],[77.55201003275691,23.171257387250517],[77.55211182919014,23.171695305506066],[77.55225727297226,23.17206975370793],[77.55243948398905,23.172507445675556],[77.55239483741725,23.17254909280536],[77.55224396295802,23.172685297627375],[77.55215836195455,23.172769630364648],[77.55207213748108,23.172917106395563],[77.55199984522268,23.1730407522397],[77.5518909732078,23.173226962270487],[77.55181581172003,23.173330203471053],[77.55171217510136,23.173472557579913],[77.55157212300011,23.17366493124302],[77.55140554220057,23.173888724474804],[77.55104150998115,23.173920500878452],[77.55100588683695,23.17394974415796],[77.55040917719967,23.174366954730537],[77.54993488483014,23.174521214988257],[77.54957306502813,23.17456758207148],[77.54946762145897,23.17463014037081],[77.54936851255908,23.174688940527865],[77.5489510475946,23.174951344835048],[77.54889537352224,23.174986339433186],[77.54833064507801,23.175304393205522],[77.5479414401291,23.175534217683044],[77.54749747801512,23.175851814004382],[77.54713908995475,23.17608831661024],[77.54700479617132,23.176176937760754],[77.54678826126563,23.17638066414914],[77.54649055230009,23.176660588598804],[77.5464017277257,23.176718868112086],[77.54620180169975,23.17685004423924],[77.54578269545141,23.177125161786975],[77.54565442219403,23.177230965418804],[77.54554998936969,23.177317104934037],[77.54514098903891,23.17765762569809],[77.5446306599499,23.17807798144741],[77.54442692067391,23.17824076197791],[77.54425074408145,23.178339378747836],[77.54407469956759,23.178452236034307],[77.54380416998053,23.178642089227303],[77.54373203178002,23.178690516825608],[77.5435980666452,23.178754830905152],[77.54348064969238,23.178811200036343],[77.54365754648985,23.179023091126393],[77.54378538985799,23.179280818088802],[77.54387021461999,23.17945273393397],[77.54415363610524,23.179952748825155],[77.5441602537096,23.179964423505716],[77.54440408113554,23.18035908767332],[77.54469180759172,23.18097100169376],[77.5447900277194,23.18119681532422],[77.54494017023329,23.18148978990174],[77.54498210465246,23.181571620433125],[77.54511691284088,23.18178623056575],[77.54541540952202,23.182295979374118],[77.54549021931528,23.182413825144533],[77.54556003802605,23.182643448148124],[77.54560077425693,23.183039448221205],[77.5456047175707,23.183077781069265],[77.54564133897341,23.18349160464518],[77.5457247714917,23.18389435764269],[77.54580603831597,23.18431554006171],[77.54583608132572,23.184505810214432],[77.54588423104383,23.184687372166756],[77.5459057072159,23.18484755799884],[77.54589627078619,23.185000838501427],[77.54589060521741,23.1851040349765],[77.5459041763826,23.185189108689922],[77.54600262264448,23.185417200994895],[77.54613821604349,23.18581420208323],[77.54628782674361,23.18629882556857],[77.54633748843655,23.186449124997466],[77.54638027522522,23.186682411046952],[77.54639219266352,23.18693710150407],[77.54641019066788,23.18723712589778],[77.54647107530019,23.187489769430027],[77.54654649472589,23.187756904449248],[77.54657163997057,23.188006672549978],[77.54670413714928,23.188660346572536],[77.54672355664707,23.18871995684333],[77.54673112417454,23.188743183729564],[77.54678303699261,23.18890272486267],[77.5468411542816,23.189024532542803],[77.54684488079806,23.188995199258333],[77.54688767922276,23.189006525516948],[77.5469432549312,23.189032382927156],[77.54698404212598,23.189067650131733],[77.54704817373151,23.189129322696452],[77.54710487924221,23.189188136951703],[77.54719047342333,23.189225965877792],[77.54722084525736,23.18924382166079],[77.54728983999651,23.189323989038115],[77.54736589146724,23.1893859019827],[77.54746145666712,23.189430410772616],[77.54755637949296,23.189474426674302],[77.5476236815653,23.189516219593074],[77.54764969368722,23.189543943528378],[77.5476910347854,23.18960030402323],[77.54771592352232,23.189644237526554],[77.5477364327642,23.18969094739525],[77.5477530547032,23.18973891334597],[77.54780860753867,23.189801340803882],[77.54789012212053,23.18982916126216],[77.54795667174814,23.18984749321135],[77.54798956347985,23.189859179216192],[77.54803377901798,23.189887074004456],[77.54814584611707,23.18996295928119],[77.5481807136656,23.18997686588049],[77.54820010506954,23.18998371966788],[77.5483345219354,23.189976935773295],[77.5483491293905,23.18998041655815],[77.54837287236369,23.189983436846926],[77.54842366551274,23.189997075121227],[77.5484733590525,23.190011424316367],[77.54853003968682,23.19000785903416],[77.54854318008287,23.189986795027085],[77.5485293864757,23.18994158855242],[77.54847817452868,23.189866187386247],[77.54838500448867,23.189716860428966],[77.54831133711517,23.189597926901023],[77.54829815513321,23.18956289028462],[77.54829854023119,23.189513906814234],[77.54830422902133,23.189387132997425],[77.54832934979757,23.189342712859105],[77.54835187523845,23.189330355358976],[77.54840705423106,23.189308189339183],[77.54848788380984,23.189288809238317],[77.54852740058658,23.189301096196353],[77.54858305610844,23.189323788831476],[77.54862267562127,23.189353594152795],[77.54865279399203,23.1893938968938],[77.54868482363706,23.1894106406394],[77.5487210325047,23.189404733894424],[77.5487989748679,23.189352714391763],[77.54889233410603,23.189302100142815],[77.5489491056007,23.189288012715423],[77.54899783187236,23.189287595063238],[77.54904710734179,23.189296328840303],[77.54910215233284,23.189308851316824],[77.54914890336472,23.18932808523058],[77.54919363237565,23.18935337002047],[77.54924475265666,23.189355889530564],[77.54932805421078,23.189334293245672],[77.54935867999443,23.18932764675377],[77.54940126789262,23.189335698560132],[77.54941666556631,23.189352261516543],[77.54943764816153,23.189369563971944],[77.54944077244312,23.18938470652583],[77.54939825077187,23.189453376608533],[77.54927847250983,23.189599170250744],[77.54923024100364,23.189683487887976],[77.54920087306832,23.189784935348573],[77.5491602955334,23.189904739022627],[77.54911974066854,23.190059796528203],[77.54910817581944,23.1901440238817],[77.54908810595467,23.19027186609682],[77.54906834285148,23.190459533988317],[77.54906383141183,23.19053248534679],[77.54907473092315,23.190603339246902],[77.54916057613829,23.19068484017762],[77.54922102949833,23.190713018238736],[77.54938499869745,23.19087981363008],[77.54950954608103,23.191125447138933],[77.54968952009429,23.191559076041738],[77.54961038754801,23.191638468340567],[77.54965093132377,23.191756548875453],[77.54965880074108,23.191779464929553],[77.54969872072238,23.191845492549103],[77.54975148020112,23.191892481261824],[77.5499377490366,23.192033875451635],[77.55000266814545,23.19211702927428],[77.55002709492693,23.192191194083378],[77.55010501259328,23.192584047326477],[77.550090499216,23.192641787100197],[77.55009601284797,23.19270035598653],[77.5501542856365,23.19280591424408],[77.55021829261344,23.192973707944027],[77.55026836837146,23.19310910311696],[77.5503207986167,23.193150591460864],[77.5503973467505,23.19319454036292],[77.55047977111869,23.193203253151324],[77.55063033678063,23.193248982544],[77.55135098507245,23.193361970290958],[77.55170105888517,23.193427238283814],[77.55189333881812,23.19346902134157],[77.55198764117489,23.193470903348718],[77.55198783267164,23.193470517286894],[77.55204431542326,23.19335688588921],[77.55205857363418,23.19333761230333],[77.55208953483351,23.193295755450514],[77.55223601175634,23.193197586017522],[77.55237144975406,23.193100957643733],[77.5524945394776,23.192999539324255],[77.55257259472633,23.19295328230429],[77.55273328280464,23.192871982006707],[77.55287522318311,23.19279928783006],[77.55292825080576,23.19277630826528],[77.55295555560862,23.192776663171475],[77.55299264744632,23.192798753162375],[77.5530193758648,23.1928294106737],[77.55304430355748,23.192848627015728],[77.55309259144774,23.19285628824643],[77.55312918096617,23.19285138217141],[77.55315265906022,23.192790249979907],[77.55317182373527,23.192713374547356],[77.55322209312465,23.192603714452787],[77.55324370179412,23.192559470812476],[77.5533184459598,23.192500607354297],[77.55341769011963,23.192427520605236],[77.55354784475952,23.19229784701944],[77.55359495730232,23.192242518848058],[77.5536657279095,23.192156939935334],[77.5537308757681,23.192049289481872],[77.55375907566035,23.19196459781907],[77.55375860610353,23.191923437533674],[77.55374597145988,23.191879402815427],[77.5537240441082,23.19181874393952],[77.55369529545217,23.191788893652934],[77.55359740455427,23.191716386536985],[77.55351717881119,23.191667547574582],[77.55350206558197,23.191605047248746],[77.55350017049771,23.191527309202577],[77.55352714547867,23.191480697552176],[77.55357471622858,23.19144464302946],[77.55368156064982,23.19138510007628],[77.5538067772327,23.191342089172792],[77.55390488608532,23.19132252441476],[77.55399741078747,23.191317576700317],[77.55415788982853,23.191350233270477],[77.55431406665481,23.191389033174353],[77.55445281830681,23.191435687390186],[77.55458473970297,23.19149126501029],[77.5547869834354,23.191543700052893],[77.55488192472295,23.191556578868916],[77.55497290499727,23.19156463075367],[77.55515056738273,23.1915579091448],[77.55530181996401,23.191545609095492],[77.55533162064745,23.19155734692721],[77.55548276246611,23.191645479850575],[77.55556269831884,23.19168404059989],[77.5556575610981,23.19170336352047],[77.55576512623297,23.191738390360037],[77.55581888214961,23.19186083463564],[77.55586508386023,23.191977456704574],[77.55591349004966,23.192015363558113],[77.55597625398123,23.192035364377062],[77.55607628228778,23.192057485683783],[77.55614173049783,23.192061819854256],[77.55621364191458,23.192053396157117],[77.556231395589,23.19201268453109],[77.55622785884715,23.19196147398344],[77.55620304211625,23.191921648495],[77.55613954542046,23.191865014345492],[77.55605281647782,23.19179224281524],[77.55593158632637,23.19169524211377],[77.55589662608793,23.191651735982944],[77.555862499318,23.191602368616444],[77.55584588668016,23.19156058865833],[77.55582345479837,23.19147293455141],[77.55582446661403,23.191418134979912],[77.55589489903319,23.191314559018238],[77.55596605363147,23.191225730702207],[77.5560269579259,23.19120468437333],[77.55605884024885,23.1912162542584],[77.55617785808472,23.191261292393747],[77.55628851794584,23.191321172986974],[77.55642936365541,23.191389541301366],[77.55652933690054,23.191461878418384],[77.55662622657933,23.191531247116956],[77.55667402827987,23.191584652558078],[77.5567844204909,23.191678028927438],[77.55687713426471,23.191646026898837],[77.55700926152355,23.191587644298433],[77.55714166178177,23.191546620714995],[77.55725910552064,23.19151003142822],[77.55735940223559,23.19149865566933],[77.55753948694992,23.19148079046713],[77.55762609073275,23.19147245939946],[77.55766317082922,23.191472662493982],[77.55772978927703,23.191489131306703],[77.55783148465702,23.191499528154665],[77.55790199020905,23.19149829962722],[77.5579661892662,23.19152509511844],[77.55799561586052,23.1915886325586],[77.55800035504913,23.19165185808029],[77.55802248435903,23.1916987009541],[77.55806629548638,23.191773715942915],[77.5580819081253,23.191837302996216],[77.5580894771393,23.191943952399313],[77.55803325616618,23.19195102067412],[77.55793467635033,23.191940328752604],[77.5577906077185,23.191893425366246],[77.55772963610565,23.191893394738123],[77.55767642807317,23.191917679019856],[77.55767023884026,23.1919518581984],[77.55768256659803,23.19200947721144],[77.55771541774614,23.192069169067576],[77.55773302731978,23.192167518564553],[77.55772224025492,23.192182115120286],[77.55765118854794,23.192260235105056],[77.55757652637199,23.19231495186329],[77.5575248924003,23.192397728495905],[77.55752159806813,23.19244788705583],[77.55756604688199,23.19245923861267],[77.55762654043123,23.192454318874425],[77.55772778582151,23.19242238661483],[77.55778583107089,23.192420160052173],[77.55784168570538,23.192465508294816],[77.55790249549207,23.192534150169973],[77.55794809651155,23.192627729181694],[77.55798626053831,23.192714428290977],[77.5579952720767,23.192779799546308],[77.55798469167159,23.192810594476317],[77.5579551716158,23.192841682274953],[77.55789138386616,23.192896761613994],[77.55787115539493,23.192925846083007],[77.55787524237752,23.192954200624143],[77.5578985408101,23.192971015190416],[77.5579784515409,23.192970751891533],[77.55804196033867,23.19298304882538],[77.55807550420194,23.193007759982404],[77.55814154963132,23.193032321627452],[77.55823167333607,23.193053678862846],[77.5582829954391,23.193051998807405],[77.55834934421088,23.193051591028553],[77.55842710802646,23.193029051517087],[77.55850872172009,23.193032392074667],[77.55866676906304,23.193111834240256],[77.55885781919369,23.19323848207921],[77.55906604245106,23.19338867865502],[77.55915923684287,23.193455934115654],[77.55929099391838,23.193543750329983],[77.5594416270549,23.19365871861667],[77.55943455520335,23.193810213220793],[77.559418635808,23.19398238304095],[77.55940215672602,23.194031068894933],[77.55943556921031,23.19406412559515],[77.55958225429471,23.194227089094085],[77.55969371968095,23.194353170586364],[77.55974806940053,23.194424271780655],[77.55992570905637,23.194729141826535],[77.56008167227078,23.19503312181944],[77.56014762666418,23.195194704396904],[77.56018703021483,23.195274972225924],[77.56046191553713,23.19573755091087],[77.56058698772681,23.195930098282595],[77.56073036429834,23.19617813010386],[77.56104108311,23.196639117297288],[77.56117624821363,23.19684674196366],[77.5612850936263,23.197001398180078],[77.5613597048044,23.197107410994686],[77.56168626583298,23.19756843358472],[77.56195141873339,23.19803445137024],[77.56206027877809,23.19822301556767],[77.5620726181757,23.198242907528996],[77.56219533227575,23.198440733127278],[77.56223240922495,23.198500506115074],[77.56232939923106,23.198715209338488],[77.56246321319357,23.19883416936155],[77.56258623831974,23.19896063253361],[77.56274083261503,23.199130900732342],[77.56287746371333,23.199323829177374],[77.56297793865593,23.199458055593563],[77.56294577634696,23.199495680319895],[77.56271327396516,23.200239453276197],[77.56261828553849,23.200576661261998],[77.56248653614462,23.2010198230015],[77.5624767004461,23.201061055667736],[77.56244789398887,23.201181815565885],[77.56240688601345,23.20135372421195],[77.56233617793899,23.201571578782357],[77.56225486944396,23.20174911337918],[77.56218313637356,23.20188674003369],[77.56213039237416,23.2020125279969],[77.56198459940995,23.2023332767474],[77.56187620755037,23.2025315456215],[77.56179435982004,23.202680293112746],[77.56160456747301,23.20300873949235],[77.56145487192482,23.203246100657246],[77.56135718337634,23.203439380677057],[77.56127725343148,23.203631216367622],[77.5611911493186,23.20387503387314],[77.56107506002954,23.20408628455453],[77.56101658740502,23.204214065617883],[77.56092362961269,23.20440016020571],[77.56081648376454,23.204658772251303],[77.56078135381397,23.204709607910043],[77.56067739195676,23.20491029795006],[77.5606049156221,23.205081108991227],[77.5605576612163,23.205196787352524],[77.56051641289034,23.2053189271643],[77.56045863780786,23.205454808927477],[77.56042467696521,23.20553503283183],[77.56033671543139,23.205700070741898],[77.56022417534275,23.205927720215765],[77.56014452179679,23.206062682637082],[77.56008647732729,23.206195447357153],[77.56003802885662,23.206313094208724],[77.55996903409807,23.20646107796848],[77.55984251190601,23.206700401855564],[77.5597801376093,23.206830348344425],[77.559602070356,23.2071988313951],[77.55947953107221,23.207468592264142],[77.55937815440478,23.207683516478927],[77.55932617990442,23.207807688584865],[77.55928224602789,23.20789866885066],[77.55925328988242,23.208021170187664],[77.55924524821731,23.208042499739875],[77.55955636396357,23.208217112603148],[77.56008302167254,23.208599037257528],[77.56159910110291,23.2096455283355],[77.56232120048436,23.210227946120728],[77.56254387780416,23.210407547817418],[77.56285889489148,23.210526299410926],[77.56303579411183,23.210592985783716],[77.56342826252214,23.210794243835817],[77.5634239952425,23.210941693261603],[77.56341363144371,23.211299755958727],[77.5634566185239,23.21152117455174],[77.56364942566532,23.21167208008699],[77.56385367458653,23.211407220430836],[77.56422873433422,23.211562317778945],[77.56454227761938,23.211743495594927],[77.56489261731407,23.21203823729539],[77.5648909459851,23.212086032534987],[77.56488479295906,23.21216972585517],[77.56489998930175,23.212288896589076],[77.56493226477446,23.212355244260085],[77.56499983938843,23.212375637194956],[77.56510298639901,23.21236440099823],[77.5651693916795,23.21245885133995],[77.56532639249887,23.212561377380652],[77.56546739883953,23.212592008461865],[77.56550024568455,23.212599142497222],[77.56570219346746,23.21261972977686],[77.56570267896095,23.212747622280265],[77.56570347389622,23.212957187078818],[77.56567753930317,23.213222720125305],[77.5657487928194,23.213300372671462],[77.5659721662668,23.213225074851774],[77.56618058803596,23.213178680699933],[77.56633544515215,23.21316898778751],[77.56643824541959,23.213274785452874],[77.56657774050281,23.2132725073897],[77.56671003453457,23.213299008037826],[77.56693477677454,23.21329533764071],[77.56708658031974,23.21314393575603],[77.56738624176774,23.21303685400406],[77.56747669169536,23.213033682777098],[77.56775131668445,23.21302405442804],[77.56821101629956,23.213145514956835],[77.56834714620828,23.213372574864188],[77.568749310227,23.213323011508063],[77.56887686868987,23.213507219359965],[77.56894826029648,23.213592033949656],[77.56910016502782,23.21383316511468],[77.56897074930038,23.213957088443657],[77.56845713427735,23.21425925245056],[77.56847236274015,23.214447445661698],[77.56857043035978,23.214710952219217],[77.56859288802073,23.214871801811462],[77.56861541482422,23.2150362302677],[77.56856356477928,23.215162468020583],[77.56859322509621,23.21529453775882],[77.56869602805189,23.215400334745016],[77.56861571396328,23.215659590785467],[77.56849116685329,23.21563296650724],[77.56826700779845,23.215464666637057],[77.56800033395555,23.215464905278292],[77.56787936419093,23.215436765515786],[77.5676589290717,23.215448987680773],[77.56748488060694,23.215438913147608],[77.56749007640904,23.21553772752021],[77.56746901855654,23.215652714476647],[77.56737560955514,23.215632744559258],[77.5672027843362,23.21551376060786],[77.56703119048225,23.215459242798694],[77.56680658189788,23.215470076733155],[77.56664089468353,23.215420577315587],[77.56653369371934,23.215388552399506],[77.566414980716,23.21526151847131],[77.56632303236037,23.215182770539062],[77.56621064593858,23.21525148055482],[77.56602688945031,23.215240480533787],[77.56589295593145,23.215083918642776],[77.56586370636539,23.215066505324543],[77.56576148451755,23.21500564623895],[77.56563295877717,23.215041181410776],[77.56561907988979,23.21512489717059],[77.56564593831745,23.215179495784675],[77.56570359228233,23.21522154502406],[77.56579823339601,23.215305981728346],[77.56580349138109,23.215310672347037],[77.56581391494585,23.21531527934414],[77.5658191729318,23.215319969962042],[77.56582433942013,23.21531988539409],[77.56582968896221,23.215329352090162],[77.56583494694928,23.215334042707198],[77.56584020397032,23.215338733376967],[77.56584029552656,23.21534350945554],[77.56584555345722,23.215348199178738],[77.56585081150304,23.215352890688038],[77.56585606858283,23.215357582250096],[77.56585625152479,23.215367131727273],[77.56586676761928,23.215376514744204],[77.56587211614382,23.215385980597087],[77.56588263212628,23.215395361825763],[77.56588789017543,23.215400053332868],[77.56588798167677,23.215404828517695],[77.5658932387028,23.215409519184302],[77.56589840616009,23.215409434559813],[77.56590366421037,23.215414126066054],[77.56590375571245,23.2154189012507],[77.56591408772832,23.215418732159776],[77.56591934668846,23.21542342271896],[77.56592451221321,23.215423338199525],[77.56592977026483,23.21542802970444],[77.56593502831683,23.21543272120907],[77.56594028528802,23.215437410980044],[77.56594545280323,23.21543732724688],[77.56594554430713,23.215442102431048],[77.56595080236025,23.215446793934813],[77.56595605933256,23.21545148370493],[77.56595615089442,23.215456259782194],[77.56596150039591,23.215465725576113],[77.5659666668882,23.215465641001753],[77.56596684898935,23.215475192315864],[77.5659721069299,23.21547988203189],[77.56597736498561,23.215484573534034],[77.5659774555249,23.215489348770884],[77.56597754703066,23.215494123954713],[77.56597773009972,23.215503675215537],[77.56597782058189,23.215508449559184],[77.56597818569732,23.215527551240637],[77.5659782772036,23.21553232642445],[77.56597855075641,23.21554665202889],[77.56597864232033,23.215551428105876],[77.56597873376955,23.21555620239648],[77.56597891587396,23.215565753710294],[77.56597900732336,23.2155705280009],[77.56598417478591,23.215570443371707],[77.56605878803201,23.21568864453755],[77.56605362244116,23.21568872817131],[77.56605371304325,23.215693504300475],[77.56604854654314,23.215693588880363],[77.56603830408696,23.21569853327576],[77.56603322903958,23.21570339214516],[77.56602815404922,23.215708251907696],[77.56602298658183,23.215708336539933],[77.56602307809209,23.21571311172321],[77.5660180946112,23.21572274666897],[77.56601292805213,23.215722830354796],[77.56601301865321,23.215727606484432],[77.56601311010598,23.215732380774618],[77.5660132016162,23.215737155958017],[77.56601329318389,23.21574193203459],[77.566008125715,23.215742016666724],[77.56600296012145,23.2157421002994],[77.56600305163144,23.215746875482907],[77.56600314217509,23.21575165071944],[77.56600323374259,23.215756426796137],[77.56599806718202,23.215756510481853],[77.56599815869203,23.215761285665423],[77.56599824923569,23.21576606090201],[77.56599834074582,23.21577083608555],[77.56599843225602,23.21577561126911],[77.56599326478565,23.21577569590114],[77.56598819075789,23.215780555610568],[77.5659830232872,23.215780640242297],[77.56597785672544,23.21578072392764],[77.56597278173041,23.21578558368983],[77.56596761522573,23.215785668268076],[77.56596770673501,23.215790443451958],[77.56596779727798,23.2157952186889],[77.56596788878738,23.215799993872782],[77.56596798029686,23.21580476905666],[77.56596290433434,23.215809628871963],[77.56596299584378,23.215814404055898],[77.56595783030423,23.21581448858111],[77.56595792084715,23.215819263818144],[77.56595284585016,23.21582412358033],[77.56595293639305,23.215828898817435],[77.56595302790235,23.215833674001477],[77.5659532109212,23.21584322436958],[77.5659533015217,23.21584800049985],[77.5659023151544,23.21585986274874],[77.56590307565574,23.21586454474572],[77.56590383621457,23.215869227635874],[77.56595366653666,23.21586710039585],[77.56590837331873,23.21589715790433],[77.56597172233282,23.216006072725822],[77.56598366298421,23.216018517428783],[77.56594689391362,23.216053504890528],[77.56594698542567,23.21605828007461],[77.5659470759714,23.21606305531174],[77.56594716748357,23.216067830495835],[77.56594725899582,23.216072605679916],[77.56594735050814,23.21607738086401],[77.56594218302538,23.216077465497793],[77.56594227453759,23.216082240681942],[77.56593719850927,23.21608709960663],[77.5659372900788,23.216091875684008],[77.56593738159101,23.216096650868195],[77.56593230652847,23.216101509739907],[77.56593239809803,23.216106285817347],[77.56593248961025,23.216111061001588],[77.56592732212599,23.216111145635278],[77.5659223376082,23.21612077974433],[77.56592242917763,23.216125555821876],[77.56592252068974,23.216130331006223],[77.56592270274778,23.21613988142798],[77.56591753719508,23.21613996595559],[77.56591762870721,23.216144741139995],[77.56591264424554,23.216154376142516],[77.56591273575769,23.21615915132697],[77.56590756827133,23.21615923596055],[77.56590240271767,23.21615932048789],[77.56590249417214,23.216164094779266],[77.56589732668544,23.216164179412566],[77.56589741819717,23.216168954597197],[77.56589225167663,23.21616903917734],[77.56588717570104,23.216173898995102],[77.56587684260187,23.216174067261445],[77.5658717666254,23.216178927078918],[77.56586660101317,23.21617901071209],[77.5658615250361,23.21618387052939],[77.56586161660417,23.216188646607637],[77.56585645008242,23.216188731186797],[77.56585137501361,23.216193590057756],[77.56584629903543,23.21619844987491],[77.56584648205616,23.2162080002453],[77.56584657356662,23.21621277543051],[77.56584666411075,23.21621755066874],[77.56584675562134,23.21622232585393],[77.56584684713201,23.216227101039134],[77.56584693870012,23.216231877117515],[77.56584702918714,23.216236651462562],[77.565847120698,23.216241426647745],[77.5658472122663,23.216246202726122],[77.56584730371992,23.216250977018117],[77.56584739432196,23.21625575314954],[77.56584748583309,23.21626052833471],[77.56585265332414,23.216260443701977],[77.56585274386912,23.21626521894014],[77.56585283538054,23.216269994125252],[77.56585292689206,23.216274769310388],[77.56585310894889,23.21628431973367],[77.5658582754744,23.216284235153495],[77.56586353356928,23.216288926651345],[77.56586371562726,23.216298477074385],[77.56586888311959,23.216298392440653],[77.56586897372303,23.21630316857184],[77.56586906523555,23.21630794375677],[77.5658742317618,23.216307859175814],[77.56587441382102,23.216317409598595],[77.5658797633738,23.21632687538696],[77.56587985488703,23.216331650571785],[77.56588511298493,23.21633634206812],[77.56588520449847,23.216341117252874],[77.56588529504567,23.216345892490665],[77.5658904615732,23.216345807908716],[77.56589064363459,23.21635535833114],[77.56589073514857,23.216360133515817],[77.56589590173398,23.21636004982673],[77.56590116074275,23.216364740375788],[77.56590134280539,23.21637429079797],[77.56590660090603,23.216378982292866],[77.56590669236351,23.21638375658417],[77.56591213252882,23.216397998500653],[77.56591748118014,23.216407465232212],[77.5659227401345,23.21641215488656],[77.56592817939456,23.216426397747867],[77.56593352895769,23.216435863531963],[77.56593362047428,23.21644063871615],[77.56594422717775,23.216454796045163],[77.56594431863759,23.21645957033604],[77.56594966729483,23.21646903706508],[77.56595483485016,23.216468953319723],[77.56597650484139,23.21652114304916],[77.56599012413074,23.216692883640075],[77.5658780100249,23.216775919451063],[77.56584938348057,23.216900582151368],[77.5659892477633,23.21691740517228],[77.56608860046072,23.216977880731907],[77.56610656478884,23.217106559020415],[77.56617048117562,23.217205828267478],[77.56621847677839,23.21732602348241],[77.56618524982441,23.217497563884507],[77.56610408275077,23.217517401306377],[77.56609891521374,23.217517485961956],[77.56609882361967,23.217512709886545],[77.56609365704918,23.21751279448885],[77.56609356551274,23.217508019306585],[77.56608839985138,23.217508102962405],[77.56608314180234,23.217503413275118],[77.56607797420823,23.217503497036635],[77.56607788363887,23.21749872180115],[77.56607271610228,23.21749880645564],[77.56606755049842,23.217498891003874],[77.56606238290429,23.217498974764816],[77.5660572163339,23.21749905936575],[77.56605712479895,23.217494284183076],[77.5660519591377,23.217494367837524],[77.56604679256735,23.217494452438054],[77.56603645942647,23.217494621638615],[77.56603129183213,23.21749470539847],[77.56602612526152,23.21749478999832],[77.56602095965727,23.217494874544954],[77.56601579206273,23.217494958304293],[77.56601062549193,23.21749504290363],[77.56600545892105,23.217495127502797],[77.56600029235013,23.217495212101788],[77.56599512572173,23.217495295807403],[77.56598995915067,23.217495380406056],[77.56598479257953,23.217495465004536],[77.56597962504195,23.21749554965589],[77.56597445937967,23.217495633307774],[77.56596412527055,23.217495802556584],[77.56595895966548,23.217495887101148],[77.56594862549856,23.217496055455733],[77.56594345989332,23.217496139999803],[77.56593829235518,23.21749622464977],[77.565933125726,23.217496308353343],[77.56592795915414,23.217496392949943],[77.56592279258221,23.217496477546373],[77.56591762595284,23.21749656124942],[77.56591245841437,23.217496645898546],[77.56590729280865,23.217496730441418],[77.56590212527006,23.217496815090186],[77.56589695864042,23.217496898792568],[77.5658917930345,23.217496983334918],[77.56588662549571,23.2174970679832],[77.56588145892324,23.21749715257824],[77.56587629325975,23.21749723622689],[77.56587638387921,23.217502012357844],[77.56587121724904,23.217502096059413],[77.56587130883479,23.217506872137378],[77.56587139933941,23.217511646481988],[77.56587149092529,23.21751642255994],[77.56587158245382,23.217521197744713],[77.56587167392505,23.21752597203627],[77.56587176454472,23.21753074816726],[77.56587185607347,23.217535523352026],[77.56587194760228,23.21754029853678],[77.56587203816476,23.217545073774584],[77.56587222122272,23.21755462414407],[77.5658723127518,23.217559399328827],[77.56587240337193,23.21756417545981],[77.56587766238552,23.21756886510274],[77.56587775300595,23.217573641233656],[77.56587784453548,23.217578416418355],[77.56587793600768,23.21758319070984],[77.56587802662833,23.21758796684075],[77.56587811815804,23.217592742025438],[77.56587820968784,23.21759751721011],[77.5658783012177,23.21760229239478],[77.56587848331121,23.217611842817174],[77.56587857484126,23.21761661800184],[77.56587866642877,23.217621394079714],[77.56587875699255,23.21762616931742],[77.56587894005312,23.21763571968675],[77.56588419719517,23.217640410327846],[77.565889455304,23.21764510091559],[77.56589471347058,23.21764979239625],[77.56589480500172,23.21765456758073],[77.56589489653292,23.217659342765224],[77.56589507862913,23.21766889318722],[77.56589517016053,23.217673668371706],[77.56590033577329,23.217673583827207],[77.56590568547352,23.21768305049141],[77.56591094358508,23.217687741077714],[77.56591103511731,23.21769251626201],[77.56592155037563,23.217701897486663],[77.56592164196582,23.217706673564045],[77.5659269916121,23.217716139333476],[77.56592708314527,23.217720914517578],[77.56593750693105,23.217725521449356],[77.56593759846471,23.217730296633366],[77.56593768999846,23.21773507181735],[77.5659429481709,23.217739763294823],[77.56594303868116,23.217744537638602],[77.56594313021527,23.217749312822527],[77.56594322180686,23.217754088899657],[77.56594857145753,23.217763554667332],[77.56595373707316,23.217763470120016],[77.56595392014272,23.217773020487638],[77.56595401071121,23.21777779572448],[77.56595926888625,23.21778248720073],[77.56595936042147,23.21778726238447],[77.56596452802809,23.217787178623627],[77.56596461853974,23.217791952967175],[77.56596987574937,23.217796644495813],[77.56597522540442,23.217806110261503],[77.5659753169405,23.217810885445076],[77.56597540853406,23.217815661521822],[77.5659859238083,23.217825042737886],[77.56599145563129,23.217844059815345],[77.56599154711108,23.21784883410554],[77.56599698836578,23.217863075945903],[77.565997078937,23.217867851182255],[77.56600233711777,23.217872542655538],[77.56600251916991,23.217882092181895],[77.56600777735156,23.217886783654752],[77.56601294490409,23.21788669899798],[77.56601312701476,23.21789624941727],[77.56601829263477,23.2178961648663],[77.56601838423099,23.217900940942556],[77.56602364229921,23.21790563062812],[77.56602373389575,23.217910406704316],[77.56602382543495,23.21791518188733],[77.56602908356145,23.217919872465664],[77.56602917510097,23.2179246476486],[77.56603443231906,23.217929339172844],[77.5660345228925,23.217934114408784],[77.56603969050393,23.21793403064375],[77.56604485709148,23.2179339460384],[77.56605011419565,23.217938635775447],[77.56605537238138,23.21794332724553],[77.56606053993553,23.217943242586518],[77.56606579715535,23.21794793410913],[77.56607096374313,23.217947849502764],[77.56607105528454,23.217952624685225],[77.5660763134141,23.217957315261042],[77.56608148005952,23.21795723154739],[77.56608673818958,23.217961922122687],[77.56608682973173,23.21796669730497],[77.56608692030754,23.217971472540306],[77.56608701190723,23.2179762486158],[77.56608710339219,23.21798102290488],[77.5660871939682,23.217985798140212],[77.56608728556809,23.217990574215705],[77.56608737705325,23.217995348504786],[77.56608746865327,23.21800012458027],[77.56608755922953,23.218004899815593],[77.56608765071489,23.21800967410467],[77.5660877423151,23.218014450180153],[77.56608266630121,23.21801931002323],[77.56608275778657,23.218024084312365],[77.5660828493868,23.21802886038789],[77.5660829399633,23.218033635623268],[77.5660778658241,23.21803849446717],[77.56607795645792,23.21804327059579],[77.56607804800083,23.218048045778175],[77.56607813948642,23.21805282006736],[77.56607823108685,23.21805759614294],[77.56607306347107,23.21805767991066],[77.56607315507138,23.218062455986303],[77.56606807899816,23.21806731493641],[77.56606300491475,23.218072174673566],[77.56606309549109,23.21807694990915],[77.5660631870913,23.2180817259849],[77.5660580204982,23.218081810592544],[77.5660581110171,23.218086584935005],[77.56605303596632,23.218091444725204],[77.56604786937271,23.218091529332636],[77.56604279432132,23.21809638912267],[77.56603255261797,23.218101332626475],[77.56602738505732,23.218101417286384],[77.56602747659917,23.218106192469335],[77.56601714335272,23.218106360789466],[77.56601723495167,23.218111136865705],[77.56601206739046,23.21811122152522],[77.56600699227943,23.218116080421492],[77.56599665903171,23.218116248740497],[77.56599675063003,23.218121024816966],[77.5659915830108,23.218121108582725],[77.56599167460901,23.218125884659248],[77.56598650892234,23.2181259683188],[77.56598134136016,23.218126052977464],[77.56598143290067,23.218130828160913],[77.56597626624726,23.21813091187322],[77.56597109965118,23.218130996478532],[77.5659711911914,23.218135771662116],[77.56596611516876,23.218140631504],[77.56596094857218,23.218140716109108],[77.56596104011216,23.218145491292784],[77.56595587345792,23.218145575004577],[77.56595596505517,23.218150351081512],[77.5659560565951,23.218155126265255],[77.56595088903141,23.21815521092322],[77.56595098051382,23.21815998521383],[77.56595107211108,23.218164761290815],[77.56594590448957,23.21816484505555],[77.56594599608671,23.21816962113258],[77.56594608756913,23.21817439542323],[77.5659461791664,23.218179171500278],[77.56594110410784,23.21818403128906],[77.56594119559027,23.21818880557976],[77.56594128616375,23.218193580816717],[77.56593621116198,23.218198441498746],[77.56593630167801,23.218203215842543],[77.56593639321792,23.218207991026507],[77.56593122661835,23.218208075631384],[77.56593131815812,23.218212850815398],[77.56592624213158,23.21821771065728],[77.56592107547411,23.21821779436873],[77.56591590887399,23.218217878973224],[77.56591074227377,23.218217963577548],[77.5659055756735,23.218218048181704],[77.56590040901577,23.21821813189247],[77.56589524241538,23.21821821649628],[77.5658900758149,23.218218301099917],[77.56588490915698,23.21821838481019],[77.56587974158998,23.218218469466517],[77.56587457595573,23.21821855401659],[77.565869409355,23.218218638619543],[77.5658642417304,23.21821872238216],[77.56585907609593,23.21821880693173],[77.56585390852861,23.21821889158721],[77.56584874192761,23.21821897618948],[77.56584357623557,23.21821905984532],[77.56583324206684,23.218219229102047],[77.56583315053051,23.218214453916946],[77.56582272670141,23.218209846988355],[77.5658123934993,23.21821001619042],[77.56580722593175,23.218210100844242],[77.56580205927314,23.218210184551644],[77.56579689363828,23.218210269099046],[77.5657865594691,23.218210438352457],[77.56578139281021,23.21821052205918],[77.56576561931321,23.218196449354085],[77.56576045271201,23.21819653395315],[77.56576054327908,23.21820130919214],[77.56575537667764,23.218201393791077],[77.56575021007613,23.218201478389865],[77.5657503005855,23.21820625273575],[77.56574513495015,23.218206337281377],[77.56573996834834,23.218206421879877],[77.56573480072264,23.21820650563805],[77.56572972571058,23.218211366315675],[77.56572455905098,23.21821145002051],[77.56571939244871,23.218211534618387],[77.56571422584636,23.218211619216085],[77.56571431737838,23.218216394402525],[77.56570915077579,23.218216479000112],[77.56570924128387,23.21822125334645],[77.56570407468104,23.218221337943934],[77.56570416621281,23.218226113130488],[77.56569909114138,23.21823097291447],[77.56569918273048,23.218235748994264],[77.56569410663475,23.218240607938085],[77.56569438026355,23.218254933551115],[77.56568921365921,23.218255018148486],[77.56568930519089,23.21825979333519],[77.56568939581364,23.218264569468158],[77.56568423011787,23.21826465311922],[77.5656843216495,23.218269428306005],[77.56568441221478,23.21827420354581],[77.56568450380394,23.218278979625783],[77.56568468681026,23.21828852910611],[77.5656847774332,23.218293305239126],[77.56568496049731,23.218302855612635],[77.56568505202947,23.218307630799405],[77.56568514253789,23.218312405146],[77.56568523412757,23.218317181225967],[77.56568532565993,23.218321956412716],[77.56568541616853,23.218326730759312],[77.56568550775842,23.21833150683927],[77.56568559929097,23.218336282026012],[77.56568569082359,23.218341057212758],[77.56568578138986,23.21834583245256],[77.5656910386217,23.21835052398719],[77.5656911300973,23.21835529828068],[77.56570662997916,23.218355045377614],[77.56571705575294,23.2183596522058],[77.56572222139461,23.218359567659345],[77.56572738896904,23.21835948300663],[77.56573255563437,23.218359399299977],[77.56573772127584,23.218359314753027],[77.56573781281064,23.218364089939183],[77.56574307095367,23.21836878052505],[77.5657482385282,23.218368695871536],[77.5657586623709,23.218373302802252],[77.56577434538245,23.218382601156506],[77.56577951199073,23.218382516554843],[77.56577960346995,23.21838729084734],[77.56579002731469,23.218391897775177],[77.56579519494696,23.21839181401303],[77.56581604451362,23.218401026865887],[77.5658212101557,23.218400942315657],[77.56583154433889,23.218400773055574],[77.56583671003817,23.218400689398024],[77.56584704422096,23.21840052013691],[77.56585737749448,23.218400351821337],[77.56586254410243,23.21840026721671],[77.56586771071032,23.218400182611894],[77.56587804494971,23.2184000142419],[77.56588321059101,23.218399929689642],[77.56588837719865,23.218399845084146],[77.56589871047109,23.21839967676583],[77.5659090446523,23.218399507500603],[77.5659142103506,23.218399423840495],[77.5659297111959,23.218399170860575],[77.56594004440991,23.21839900164634],[77.56595037768105,23.218398833324606],[77.56595554525423,23.21839874866384],[77.56596071186094,23.218398664055965],[77.56596587750117,23.218398579500946],[77.56597621173805,23.218398411124454],[77.56598146897957,23.218403102645546],[77.56598663655254,23.218403017983693],[77.56599180315905,23.218402933374733],[77.56599696879906,23.218402848818627],[77.56600213642923,23.218402765049458],[77.56600730303552,23.218402680439983],[77.56601246964176,23.218402595830323],[77.56601763630532,23.218402512113684],[77.56602280291143,23.21840242750368],[77.56603322772682,23.2184070343592],[77.5660333192155,23.21841180864886],[77.56603848582178,23.218411724038223],[77.56604365151897,23.21841164037366],[77.5660489096718,23.21841633094536],[77.56605416884881,23.218421022356896],[77.56605933448878,23.218420937798527],[77.56606459264248,23.218425628369406],[77.56606985085394,23.2184303198332],[77.56607519958992,23.218439785638925],[77.5660857159578,23.218449167671746],[77.56608580744891,23.218453941960806],[77.5660858990549,23.218458718036235],[77.56608599060355,23.218463493218476],[77.56608617273464,23.21847304363601],[77.56608626428348,23.218477818818254],[77.56608635486599,23.218482594053533],[77.56608127980633,23.218487453848862],[77.56608146193771,23.218497004266496],[77.56608164509318,23.218506555524264],[77.56608182716768,23.218516105048675],[77.56608191877433,23.218520881124157],[77.56608201032365,23.21852565630643],[77.56608210084924,23.21853043064856],[77.56608219245611,23.218535206724038],[77.56608228400562,23.218539981906307],[77.5660823745888,23.21854475714164],[77.56608246613845,23.2185495323239],[77.56608255768816,23.218554307506167],[77.56608264923796,23.218559082688447],[77.56608273982141,23.218563857923755],[77.56608283142872,23.218568633999226],[77.56608292292131,23.218573408288286],[77.56608310511245,23.218582959599054],[77.56608319660523,23.218587733888114],[77.56608328821288,23.218592509963557],[77.56608337879679,23.21859728519887],[77.56608347028977,23.218602059487925],[77.56608365344813,23.218611610745626],[77.56607848586819,23.218611695413113],[77.5660785773612,23.218616469702216],[77.56607341171384,23.218616554263498],[77.5660735022977,23.218621329498898],[77.56606842729124,23.218626190188715],[77.56606851781765,23.218630964531],[77.5660634427533,23.21863582432762],[77.56606353333704,23.218640599563138],[77.56605845923862,23.21864545930671],[77.566053383207,23.218650319156325],[77.56605347475701,23.218655094338917],[77.56604830717501,23.218655179005882],[77.56604839866749,23.21865995329534],[77.56604332360142,23.218664813091845],[77.56603824853497,23.2186696728883],[77.56603308095224,23.218669757554935],[77.56603317250175,23.218674532737744],[77.56602809743457,23.21867939253408],[77.56602818898403,23.218684167716955],[77.56601794633266,23.218689112179632],[77.5660077045894,23.218694055695636],[77.56600262855407,23.21869891554468],[77.56599746290257,23.218699000104376],[77.5659975544512,23.218703775287572],[77.56599247835776,23.218708634243313],[77.5659925699063,23.21871340942658],[77.56598740232131,23.218713494092203],[77.56598232821733,23.218718353834927],[77.565977160632,23.21871843850024],[77.56597199401303,23.21871852311236],[77.56596691888436,23.21872338201466],[77.56596175226507,23.21872346662649],[77.56595667622678,23.218728326474857],[77.56594126785733,23.21873335459962],[77.56593102610655,23.21873829811237],[77.56592078344583,23.218743242570923],[77.56591570837146,23.218748102365556],[77.56590546565178,23.21875304593029],[77.5658899657306,23.21875329886695],[77.56588489065447,23.21875815866104],[77.56587981461158,23.218763018508103],[77.56587464798967,23.218763103117467],[77.56586948233414,23.21876318767364],[77.5658643147457,23.218763272335735],[77.56585923961069,23.21876813123616],[77.56584890630853,23.218768299560303],[77.56584899688629,23.21877307479822],[77.56583875518479,23.218778019199977],[77.56583358856182,23.218778103808155],[77.56582842193878,23.218778188416177],[77.56581818017828,23.218783131923715],[77.56580784687397,23.218783300245462],[77.56580267928399,23.218783384905727],[77.56579751266037,23.21878346951279],[77.56579234694568,23.218783553173413],[77.56578717935551,23.21878363783317],[77.56577684605041,23.218783806152885],[77.56577167942646,23.218783890759067],[77.56576143675316,23.21878883520983],[77.56575119504534,23.218793779607097],[77.56573569511379,23.21879403252974],[77.56572545334669,23.21879897603251],[77.56572037729504,23.21880383587651],[77.56571004398673,23.218804004192236],[77.56569980130843,23.21880894864005],[77.56569463564895,23.218809033190905],[77.56568955953819,23.218813892141146],[77.565684392912,23.21881397674479],[77.5656793178244,23.21881883653501],[77.5656741511979,23.218818921138357],[77.56566907514328,23.218823780981452],[77.56565883337022,23.21882872448121],[77.56564859159624,23.218833667980512],[77.56563834891229,23.218838612425593],[77.56563336535923,23.21884824740235],[77.56562819867362,23.218848331111314],[77.56562321421058,23.218857967034303],[77.56561306300304,23.218867685772835],[77.56561315459743,23.21887246185354],[77.56560817001801,23.218882095990253],[77.56560300338818,23.21888218059196],[77.5655980197742,23.218891814675626],[77.56559294371401,23.218896674517886],[77.56558795918998,23.21890630954784],[77.56558805072657,23.218911084735613],[77.56558288409536,23.218911169336984],[77.5655778995703,23.218920804367013],[77.56556774937896,23.218930523945126],[77.56556793245139,23.218940074321125],[77.56556276479499,23.21894015808199],[77.56556294786729,23.218949708458105],[77.56555778026785,23.218949793112124],[77.56555279670661,23.218959428089256],[77.5655529797787,23.218968978465586],[77.56554799525038,23.21897861349594],[77.56554310225758,23.218993023714592],[77.56554319282726,23.218997798955918],[77.56553811869453,23.219002658692066],[77.56553313410714,23.219012292829422],[77.56553322473412,23.219017068964053],[77.56552824014614,23.21902670310152],[77.5655230744761,23.219026787649184],[77.56551809000193,23.219036423573044],[77.56551301387677,23.21904128252199],[77.56551319694815,23.219050832899175],[77.56551328848393,23.219055608087782],[77.56550821338185,23.21906046787697],[77.5655032287912,23.219070102014655],[77.56550332038428,23.219074878096567],[77.56550350248942,23.219084428527008],[77.5654986094913,23.219098838746874],[77.56549879159675,23.219108389177432],[77.56549371740162,23.219113248020662],[77.56549389956449,23.219122799344518],[77.56549399110052,23.219127574533314],[77.56548891502922,23.21913243437594],[77.5654890065652,23.21913720956481],[77.56548918867097,23.219146759995557],[77.5654893718008,23.21915631126646],[77.56548946327972,23.21916108556213],[77.56548964544352,23.219170636886055],[77.56548973692264,23.21917541118172],[77.56548991908684,23.219184962505633],[77.56549028426767,23.219204063314045],[77.56549037580464,23.21920883850287],[77.56549046637528,23.219213613744763],[77.56549055791238,23.219218388933587],[77.56549581609406,23.219223079520535],[77.56549590768887,23.2192278556025],[77.56549599916897,23.219232629898066],[77.56549609076392,23.21923740598004],[77.56549618133512,23.219242181221848],[77.56550134798029,23.219242096619556],[77.5655065146254,23.21924201201711],[77.56551168132783,23.219241928307675],[77.5655168479728,23.219241843704864],[77.56552201461771,23.21924175910191],[77.56552718228636,23.219241675338914],[77.56552709069022,23.219236899257286],[77.5655322563684,23.21923681470709],[77.56553742403673,23.21923673094381],[77.56554249914197,23.21923187115197],[77.56554757430422,23.219227012253263],[77.56555274094818,23.219226927649437],[77.56555781701884,23.219222067804328],[77.56556298269606,23.21922198325326],[77.56556815030605,23.21922189859593],[77.56557322540942,23.219217038803574],[77.56557839205269,23.219216954199023],[77.56558872636279,23.21921678582953],[77.56559896816525,23.219211842324782],[77.56560920990935,23.219206897926405],[77.56561428501037,23.219202038133297],[77.56562969447596,23.219197010861585],[77.56563486111774,23.21919692625537],[77.56564002872588,23.219196841595934],[77.56564519440114,23.21919675704244],[77.56565027046655,23.21919189719562],[77.56566060284014,23.219191728928003],[77.56567084651206,23.219186784420558],[77.56567592070056,23.21918192557258],[77.56568108830763,23.21918184091197],[77.56568625500557,23.2191817571974],[77.56569649674248,23.219176812794863],[77.56570673847844,23.21917186839186],[77.56571190608473,23.21917178373032],[77.56571707272454,23.219171699121674],[77.56572223845525,23.21917161545908],[77.56572740606134,23.219171530797023],[77.56573248121315,23.219166671894914],[77.5657376478525,23.219166587285624],[77.56574281449177,23.21916650267618],[77.56574789055172,23.21916164282754],[77.56576339052585,23.21916138989099],[77.56576846561823,23.219156530095013],[77.56577363225676,23.21915644548464],[77.56577870837235,23.21915158652864],[77.56578387506795,23.219151502811194],[77.56578895010172,23.219146642121682],[77.56579411679701,23.21914655840393],[77.56580426697771,23.219136838810904],[77.56580943463882,23.219136755039713],[77.56581451069479,23.219131895189953],[77.56581967636538,23.219131810631367],[77.56582982750928,23.219122090984502],[77.56583499414572,23.219122006372476],[77.56584523689358,23.219117062803214],[77.56585557022301,23.219116894471295],[77.56586590252837,23.21911672529853],[77.56587107018798,23.21911664152553],[77.5658762368237,23.219116556912194],[77.56588140249295,23.21911647235174],[77.56588657009495,23.219116387685016],[77.56589690342332,23.21911621935036],[77.56590207005873,23.219116134736172],[77.56590723669406,23.219116050121823],[77.56591757002191,23.219115881785783],[77.56592790334949,23.219115713449078],[77.56593823758584,23.219115544165426],[77.5659434032543,23.219115459602918],[77.56594857091291,23.219115375827347],[77.56595373754764,23.21911529121145],[77.5659589041823,23.219115206595372],[77.5659640708743,23.219115122872346],[77.56596932900452,23.219119812546204],[77.56597449569657,23.219119728822754],[77.56597458724988,23.219124504006178],[77.56597975291824,23.219124419442355],[77.56598492051936,23.219124334772264],[77.56599017876535,23.219129026231492],[77.5660005120922,23.219128857889643],[77.5660057702814,23.21913354845491],[77.5660161941394,23.219138154454715],[77.56601628575186,23.21914293053086],[77.56602154394217,23.219147621095264],[77.56602163549753,23.219152396278155],[77.56602680116642,23.219152311712445],[77.56603205941485,23.21915700316948],[77.56603215097073,23.21916177835224],[77.56603740916239,23.219166468915716],[77.5660375007186,23.21917124409843],[77.56604275800186,23.219175935607822],[77.56604284950099,23.219180709897262],[77.56605327438754,23.21918531673323],[77.56605345750165,23.219194867098274],[77.56605354809238,23.219199642333834],[77.566053639707,23.219204418409532],[77.56605382282163,23.21921396877457],[77.56605391341262,23.219218744010124],[77.5660540049127,23.219223518299454],[77.56605409652765,23.21922829437515],[77.56605418711885,23.21923306961071],[77.56605427867655,23.21923784479321],[77.56605446179209,23.219247395158224],[77.56605971902233,23.219252085772762],[77.56606506883514,23.21926155240955],[77.56606525098567,23.21927110282736],[77.56606534254426,23.219275878009746],[77.56607060080005,23.219280569463614],[77.56607078295148,23.2192901198813],[77.56607594959155,23.219290035259313],[77.56607613174364,23.219299585676875],[77.56607622330299,23.219304360859123],[77.56608148156052,23.21930905231219],[77.56608157306279,23.21931382660118],[77.56608166371349,23.219318602729622],[77.56608692191452,23.219323293289076],[77.56609227070979,23.219332759083365],[77.56609245383058,23.219342309447498],[77.56609789424562,23.219356551316466],[77.56610324406753,23.21936601794989],[77.56610333557133,23.21937079223864],[77.56610868442807,23.219380258924645],[77.56610886658488,23.21938980934145],[77.56610895814659,23.21939458452332],[77.56611421635222,23.21939927508069],[77.5661195661779,23.219408741712705],[77.56611965671644,23.219413516054306],[77.56611974833623,23.219418292129262],[77.5661198398987,23.219423067311006],[77.56612500660076,23.219422983579054],[77.56613026384184,23.21942767418843],[77.56613035540482,23.219432449370046],[77.56613044696785,23.21943722455169],[77.56613053853097,23.21944199973331],[77.56613062912773,23.219446774967974],[77.5661358873366,23.219451465523772],[77.56613597895749,23.21945624159852],[77.56614114560324,23.219456156972477],[77.5661413287308,23.219465707335473],[77.56614658603189,23.219470398836815],[77.56614667753861,23.21947517312506],[77.56615193580674,23.219479864573003],[77.56615719401786,23.21948455512747],[77.56615728558255,23.21948933030878],[77.5661573761809,23.219494105543138],[77.56616254282785,23.219494020915945],[77.56616789260522,23.219503486650975],[77.56617840817941,23.219512869597065],[77.56618375795894,23.21952233533098],[77.56618901623042,23.21952702677673],[77.56619944012644,23.219531632753178],[77.5662099566141,23.219541014749563],[77.56622573035324,23.219555087348432],[77.56623615521866,23.21955969326833],[77.56624141252692,23.219564384764343],[77.56625183841719,23.219568991522937],[77.56625709561152,23.219573681231772],[77.56626235388742,23.219578372673666],[77.5662676121637,23.21958306411525],[77.56627286941654,23.219587754716414],[77.56627812860259,23.21959244521119],[77.56628855352942,23.219597052019324],[77.56628864510033,23.219601827199153],[77.56629897845681,23.219601658826534],[77.56630423667778,23.21960634937303],[77.56631982825581,23.21961087154503],[77.56632499393893,23.219610786964136],[77.5663302522184,23.21961547840255],[77.56633541886801,23.2196153937682],[77.56634067709057,23.219620084312904],[77.56634593531349,23.219624774857337],[77.56635110202066,23.219624691115534],[77.56635635927766,23.219629381712505],[77.56636669360107,23.21962921328169],[77.56637195085868,23.219633903877906],[77.5663771184749,23.219633819188893],[77.56639261848134,23.219633566173176],[77.56639787670622,23.21963825671514],[77.56640830067222,23.21964286356595],[77.56641346834577,23.219642779768808],[77.56641863402902,23.21964269518442],[77.56641872554779,23.21964746946959],[77.56642389225497,23.219647385725114],[77.56642915048131,23.21965207626551],[77.56643431718854,23.21965199252063],[77.56643957541537,23.219656683060517],[77.56644483364256,23.219661373600115],[77.56645000029256,23.219661288961408],[77.56645009192754,23.219666065032627],[77.56645525761124,23.219665980446738],[77.56645534918907,23.219670755624684],[77.56645544076694,23.21967553080265],[77.56646060741737,23.219675446163425],[77.5664606989955,23.21968022134131],[77.5664607906311,23.219684997412404],[77.56646604880288,23.219689687057524],[77.5664661404388,23.21969446312856],[77.56646623105098,23.21969923835943],[77.56646641420835,23.21970878871508],[77.56646659639956,23.219718339123784],[77.56646687022749,23.219732665603484],[77.56646696174921,23.2197374398881],[77.56646705338576,23.2197422159591],[77.56646714399862,23.21974699118997],[77.56646723557792,23.219751766367782],[77.56646732715731,23.219756541545596],[77.56646741873674,23.2197613167234],[77.56646750934983,23.21976609195425],[77.5664676009294,23.219770867132066],[77.56646769256645,23.21977564320305],[77.56646778312233,23.21978041754071],[77.56646787470211,23.21978519271852],[77.56646805786185,23.21979474307411],[77.56647340580173,23.21980420978787],[77.56647368054279,23.219818535321064],[77.56647395437544,23.219832861800484],[77.56647413651304,23.2198424113158],[77.56647422815128,23.219847187386705],[77.56647441034667,23.219856737795197],[77.56647957797037,23.2198566531002],[77.5664797601664,23.219866203508573],[77.56647985174774,23.21987097868622],[77.5664799423627,23.219875753916916],[77.56648012552571,23.219885304272225],[77.56648021716471,23.219890080343077],[77.56648030777994,23.21989485557377],[77.56648565760251,23.219904321286368],[77.56648574924196,23.219909097357156],[77.56648593138243,23.219918646872166],[77.56649109809936,23.219918563122324],[77.56649626475883,23.219918478479133],[77.56650143141823,23.21991839383576],[77.56650659807757,23.21991830919221],[77.56651693241987,23.21991814074475],[77.56652209811257,23.21991805615374],[77.56653234081324,23.219913111635],[77.56653750752939,23.219913027883685],[77.56654267418807,23.219912943239002],[77.5665478408467,23.219912858594142],[77.56655300756266,23.219912774842303],[77.56655808269385,23.219907915913524],[77.5665632503185,23.219907831215174],[77.56656841601026,23.21990774662274],[77.56657358363478,23.21990766192403],[77.56657875035023,23.219907578171394],[77.56658391604178,23.21990749357846],[77.5665890836661,23.219907408879237],[77.56659425038136,23.21990732512609],[77.56659941703913,23.219907240479575],[77.56660458369683,23.21990715583291],[77.56660975035449,23.219907071186054],[77.56662525135084,23.219906818084613],[77.56663041806563,23.21990673433027],[77.56664075138018,23.21990656503469],[77.56664591803738,23.219906480386637],[77.56665625140893,23.219906311983205],[77.56666658478025,23.21990614357911],[77.56667682747141,23.219901199052632],[77.56668199316152,23.219901114456494],[77.56669232749822,23.219900945997747],[77.56669740250759,23.219896085279647],[77.56671290253304,23.21989583222288],[77.5667179786225,23.219890973237714],[77.5667283110247,23.219890804882898],[77.56673347864663,23.21989072017905],[77.56673855371115,23.219885860353344],[77.56674372036633,23.219885775702295],[77.56674888707886,23.219885691944242],[77.56675922038889,23.21988552264124],[77.56676438704383,23.2198854379895],[77.56676955472251,23.219885354177705],[77.56677472137731,23.219885269525605],[77.56678505474409,23.2198851011141],[77.56679022139868,23.21988501646149],[77.56679538805321,23.219884931808707],[77.56684721106424,23.219904069632037],[77.56680309462618,23.21998543706074],[77.5667925543836,23.220010982471305],[77.56683955330088,23.22003228985302],[77.56684471996056,23.2200322051969],[77.5668448105908,23.220036980423505],[77.56685016050189,23.22004644700731],[77.56685025209894,23.220051222180782],[77.56685551035652,23.22005591269751],[77.5668556925849,23.220065463097402],[77.5668557841824,23.220070238270804],[77.5668610414747,23.220074928840123],[77.5668611331299,23.220079704906667],[77.56686140695733,23.22009403047976],[77.56686149849799,23.220098804759903],[77.56686168078534,23.220108356052847],[77.56686693904616,23.220113046568407],[77.56687210667508,23.22011296185738],[77.5668785510108,23.22017973167509],[77.56684494140667,23.22031402956725],[77.56673926997057,23.220463834804406],[77.56659171709481,23.22058566433105],[77.56651087499276,23.220682519118466],[77.56634626831786,23.220723422464943],[77.56624202014565,23.22067735722104],[77.56611518588237,23.22053134962892],[77.5659474411475,23.220522337006173],[77.56577898071939,23.220517732267627],[77.56563654367221,23.220565010832697],[77.5655369413868,23.220602255444817],[77.5654311997417,23.220709705401703],[77.56529352251161,23.22080748703896],[77.56515964255074,23.220833557692472],[77.565161923558,23.22095293881827],[77.56510873991819,23.22114487698597],[77.56513159839278,23.221259146160953],[77.56516895101464,23.22132063430742],[77.56534878569519,23.221265153299324],[77.56545276154125,23.221296893429532],[77.56543990806377,23.221435629158062],[77.56535572242217,23.22162807343416],[77.56518178555118,23.221721671564417],[77.56487940674312,23.221855580481442],[77.5647190980663,23.222035820496977],[77.56471383119785,23.222048307984434],[77.56485027091747,23.22209887533351],[77.5649429357114,23.222129477021753],[77.56500781343979,23.222150903310894],[77.56511553561123,23.222186476830526],[77.56529604706736,23.222256008670907],[77.56550009000149,23.222341233374394],[77.5655866318468,23.22237738027407],[77.56564060956397,23.222400556400835],[77.56576385170978,23.222453471424448],[77.56584424884127,23.222487990675308],[77.56600128768918,23.222545104042702],[77.56611250978399,23.222573815764783],[77.56614331906563,23.22258176904355],[77.56619045907847,23.222593938522365],[77.56654787695224,23.22268624085849],[77.56662220640276,23.222705436289967],[77.56691858958922,23.222790579817783],[77.56717354518037,23.222863823433617],[77.5677605795433,23.223044589288993],[77.56797871316566,23.223108294000507],[77.56803210492906,23.223123885956184],[77.56831840097965,23.223242474175205],[77.56880042695836,23.22339969313701],[77.56891676002806,23.22344365449521],[77.56907886000964,23.22352112528151],[77.56914653859164,23.223553470840905],[77.5694247316865,23.223645868574938],[77.56978890128964,23.22376972512564],[77.57004920176998,23.223857274461178],[77.57041769758104,23.22392864580889],[77.57067275139855,23.22397348295633],[77.57070677145697,23.223979463427455],[77.5710341274252,23.224023510244518],[77.57143874613938,23.224055877576607],[77.57167704746583,23.224056361933982],[77.57183829423184,23.224040277943857],[77.57188315204122,23.22403580391723],[77.57225743064406,23.223985908359325],[77.57242704642596,23.223965324190342],[77.57253386509032,23.22397692574054],[77.5725186834409,23.224313288649526],[77.57242572031947,23.22459016707907],[77.57212030029075,23.224838564479963],[77.57154974250359,23.225265391991915],[77.57118673323367,23.22547195607314],[77.57101999661673,23.225520951967354],[77.57109839344363,23.22585313662366],[77.57113273449104,23.225915457382246],[77.57123047572533,23.22609282583362],[77.57135274529325,23.226314705006683],[77.57145697855155,23.226384734163798],[77.57172581088766,23.226565347651608],[77.57197307343283,23.226656834349807],[77.57204371035198,23.2266608947692],[77.57213477061782,23.226666128502227],[77.57232482040993,23.22680631885457],[77.57247749114758,23.22701877187864],[77.57269708800688,23.227015175603622],[77.5727986617427,23.227258319089046],[77.57288417257523,23.227396402776314],[77.57298534503268,23.227559778993005],[77.57344865969003,23.227462625529753],[77.57433259187022,23.227400375221706],[77.57463491876389,23.227354868113856],[77.57504645561025,23.227446233863827],[77.57520506332914,23.227399032678626],[77.57535153176364,23.227364607161356],[77.57621323417999,23.22742925420512],[77.57693867734558,23.22752483187243],[77.57775836421881,23.227481528677917],[77.57827401064924,23.227318329698807],[77.57846770846972,23.2273260050694],[77.57855975639468,23.22732965222163],[77.57872686508031,23.22711335089033],[77.57926853419454,23.2271222179959],[77.57961588154848,23.227044578878253],[77.57974426365787,23.22701588299829],[77.57983005035359,23.22698986663114],[77.58042022591005,23.22681088352804],[77.58071272852567,23.22679990115379],[77.58193598773386,23.226753969118164],[77.58246714217375,23.22667458448966],[77.58288491421769,23.226573142763314],[77.58362459385462,23.226223556550472],[77.58369299744872,23.22621357973307],[77.58390135351624,23.22621519313093],[77.58441596741528,23.226252126715384],[77.58459178192373,23.226319809930626],[77.58475592874898,23.22637932505114],[77.58493380052964,23.226414251668484],[77.585135242055,23.226407354129975],[77.58551973936876,23.226291186464763],[77.5860144745511,23.226242792104074],[77.58630983233546,23.226213760741977],[77.58657742784631,23.226207676917326],[77.58687367715385,23.22621140584331],[77.58699351914197,23.226214652922362],[77.5871994789836,23.226271339365567],[77.58737706273644,23.22631499905916],[77.58789873216378,23.22638693189955],[77.58828237550237,23.22638061086642],[77.58890140880203,23.22632654501524],[77.58893629148854,23.22632349881574],[77.58899518165164,23.226316903560853],[77.58916526975146,23.22629058745207],[77.58917620891832,23.226267874152484],[77.58917941760158,23.226244154159122],[77.58919354912297,23.22623658660102],[77.58984158355132,23.226225943796834],[77.58985257721592,23.22617453040111],[77.58987002701556,23.226092921666154],[77.59029778392942,23.226075815968986],[77.59115447323214,23.226041550636637],[77.59159246925243,23.225960623502832],[77.59163897072213,23.225959857022037],[77.59164921166378,23.225880761529694],[77.5920553434758,23.225841929784416],[77.59265357030492,23.225907291290998],[77.59313817070105,23.225910039820807],[77.59308675810306,23.226459012793242],[77.59307416443214,23.226810305867037],[77.59328280484047,23.227376480933366],[77.59332965775302,23.22799548103444],[77.59343705982754,23.22833762737916],[77.59354155601784,23.22872997862692],[77.5936245297702,23.229011626415463],[77.59347824272936,23.22946543774895],[77.59363047362663,23.22962538489503],[77.5934826775705,23.23009588625592],[77.59334919360069,23.23061038753059],[77.59328629307481,23.231166715481102],[77.59331803142915,23.231471531130925],[77.59328803188113,23.232058729450497],[77.59295648663766,23.232556459826952],[77.59294424300174,23.233124827829432],[77.59296390187143,23.23374069374203],[77.59292780533505,23.235087543058004],[77.59288327959561,23.235790498066656],[77.59286551611866,23.236070947053346],[77.59260462270781,23.237013869579695],[77.59275105063341,23.23701716772165],[77.59287998880396,23.23702007059886],[77.59293386968831,23.238015188388633],[77.59273614404994,23.238085028717766],[77.59262297241504,23.238163550555186],[77.59259473791087,23.238307317566044],[77.59259972056263,23.238498664916335],[77.59260741088372,23.238794026241855],[77.5922611728559,23.239100975649055],[77.5922394434018,23.23918014880859],[77.59226788743588,23.239247747661366],[77.59230055252833,23.239333187921464],[77.59231300593771,23.23945722532335],[77.59218110502549,23.239571605131786],[77.59208041246656,23.239669284479877],[77.59207695041059,23.239799022796905],[77.59209058606804,23.23990269021296],[77.59216920397193,23.239958712922828],[77.59219785646627,23.240037054154943],[77.59218782207874,23.240119618127803],[77.59213784671708,23.240165564763878],[77.59209259408664,23.240207169392463],[77.59191944000156,23.240274513777297],[77.59162960324079,23.240322287785286],[77.59137471482963,23.24037306637426],[77.59124073067736,23.240461257537635],[77.5911223870203,23.240556355220978],[77.59099179362393,23.240619413402868],[77.59097836739053,23.240727110401163],[77.59094065005263,23.24078147002104],[77.59087518050161,23.24080404552576],[77.59080064422209,23.2407587026372],[77.59074597167887,23.240738109512424],[77.59066908138783,23.24077162077375],[77.5906191844217,23.240797522221293],[77.59051128980865,23.240831544921893],[77.5903948840171,23.240826299491452],[77.59031626596966,23.240770276699156],[77.59020889216279,23.24073620659325],[77.59014989208491,23.240787351099943],[77.59010151519087,23.240892042079995],[77.59007936906026,23.240949726865008],[77.59004185752312,23.24101483163728],[77.58998490047789,23.241076673967825],[77.5899822006844,23.241137620258044],[77.58999860210233,23.241183922662792],[77.5900226857629,23.241226515094233],[77.59011117404376,23.241251412194902],[77.59014857380373,23.24132116685267],[77.59015369363648,23.24138556785192],[77.59015473150372,23.241439287434638],[77.59009369061302,23.241490450320903],[77.59000863486905,23.241502600431343],[77.58993908086022,23.241514495267165],[77.58986959685828,23.241529971456128],[77.58976924649164,23.241553121872222],[77.58968834254038,23.24157953375108],[77.58958833729193,23.241620590358774],[77.58951899125272,23.241643229292265],[77.5894546956386,23.2417266869902],[77.5893982913855,23.241817179833976],[77.5893882553696,23.241899743289647],[77.58936631506911,23.241968172482903],[77.5893523343523,23.242047219212314],[77.58926803951064,23.242098763870143],[77.58916353471007,23.242163046010702],[77.58917639285454,23.242204792386392],[77.58919893475397,23.242263058540996],[77.5892226355901,23.242357452982827],[77.58921204613296,23.242411365009133],[77.58917827244528,23.24246924218341],[77.58910975541477,23.24253485742334],[77.58905653302922,23.242589472255613],[77.58903438647431,23.24264715889684],[77.5890316864527,23.242708105310832],[77.58901023126033,23.242801604530474],[77.58894953355326,23.24287067364956],[77.58887448990592,23.242948521818228],[77.58885091945436,23.24305453624988],[77.58883933229227,23.243142046827835],[77.58884714047947,23.24320891179188],[77.58883996111442,23.243238462485863],[77.58882804733243,23.243277305208668],[77.58882446118182,23.243328815693438],[77.58879880841442,23.243522763679408],[77.58879054070229,23.24365887319251],[77.58878476021097,23.24370308668464],[77.58873870660854,23.24384685270113],[77.58868995158105,23.24399857262277],[77.58868008372716,23.24407594177836],[77.58867847092984,23.244199960987274],[77.58864336245873,23.244338630926098],[77.58862669860973,23.244426684732268],[77.58857700155032,23.244611963445326],[77.58853836862956,23.244749333413985],[77.58852802581923,23.244786111477836],[77.58849439341041,23.244905699234444],[77.58842029932627,23.245170803045177],[77.5883488675556,23.245459074237814],[77.58816294594754,23.24612814519881],[77.58805048339701,23.246434718080632],[77.587969519502,23.2467381245026],[77.58789960476601,23.24700012483147],[77.5876041164587,23.248215909314627],[77.58752140946117,23.24850617264994],[77.58745756281421,23.248726517122822],[77.58748398721515,23.24895842419877],[77.58755918930997,23.248989683332812],[77.58766917611388,23.249021455240996],[77.58776951789515,23.249050442019765],[77.58801604160104,23.2491282494759],[77.58835763413155,23.249263736551903],[77.58874490929168,23.249460471287687],[77.58921444222825,23.249763849239354],[77.58947579026399,23.249925405782776],[77.58997213726718,23.250226208721834],[77.58999574417787,23.250240556561998],[77.59009183910607,23.250298966526174],[77.59021522000673,23.250373958533377],[77.59032669821211,23.250415559988575],[77.59043714632867,23.250425571196327],[77.59071047707852,23.25045718539013],[77.59104099675007,23.25049675971688],[77.59142514018414,23.250549532898614],[77.5915198869074,23.2505692704437],[77.5916525228724,23.250692682182425],[77.5919339822001,23.25091191728696],[77.59220786115539,23.251083002182288],[77.59235997151625,23.251189046518164],[77.59269247330971,23.25137713296887],[77.59292731580814,23.251517662656845],[77.59319739770207,23.251670917229646],[77.59339344406851,23.251788325029707],[77.59357997550474,23.251920870422005],[77.5938485537048,23.2520982246418],[77.59416487334711,23.252281167773102],[77.59434025057787,23.252378679975777],[77.59463844673914,23.252596262037567],[77.59500084346651,23.25284118437447],[77.59526618612921,23.25305713272635],[77.5957947289001,23.253519897705278],[77.59594943951673,23.25365888785257],[77.59597296237335,23.25370474320294],[77.59619903374173,23.25406682872816],[77.59635316705985,23.25429784549554],[77.59650163986426,23.25455231578037],[77.59664840716073,23.254809369785562],[77.59670178501551,23.2549124696514],[77.5967244043277,23.255053201414373],[77.59671992066615,23.255099819724016],[77.59662881629257,23.255252953079733],[77.59655430385314,23.25537628977624],[77.59644762399033,23.255604239601077],[77.5962783277653,23.25593805092145],[77.59606642273448,23.25638902952975],[77.5958782126433,23.25675683129863],[77.59578055059447,23.256964688908607],[77.59572751490455,23.25711864281063],[77.59571833186267,23.257140077062413],[77.59570017156489,23.25718246724304],[77.59567914461267,23.257231552267505],[77.5956554472566,23.257279108491833],[77.59564720007076,23.25729565916155],[77.59560967433276,23.257381426501503],[77.59553082571766,23.257787164811436],[77.59542299454004,23.258102559872952],[77.59528121489548,23.25848860612758],[77.59518720148992,23.258736669860674],[77.59516934659356,23.258793971173716],[77.5951507694258,23.25885359162507],[77.59507184373702,23.258950594689892],[77.59497206129885,23.25902213052163],[77.59487034797884,23.25927970302877],[77.5947510253484,23.25956092148088],[77.59471632947897,23.259588398543745],[77.59464937676171,23.259641420152242],[77.59459292599256,23.259686122056134],[77.5944882364922,23.25979126915282],[77.5943568717777,23.25993805887315],[77.5941922268175,23.260108073390754],[77.59416580954431,23.260139111963895],[77.59379432997257,23.260575558962785],[77.59335236139248,23.261092347855744],[77.59295413794666,23.261529107373114],[77.59264436052793,23.261853724545922],[77.5924124731557,23.262130721594595],[77.59233038885708,23.262192473594386],[77.5921633722048,23.262290017014312],[77.59188395855368,23.262440839162355],[77.59147632009011,23.262737299561234],[77.59111433848474,23.26305775578616],[77.59081043341239,23.26337849087956],[77.59071610330074,23.26346302237393],[77.59068987556219,23.26340579853404],[77.59060861637886,23.26334609819356],[77.59058543240953,23.26329086393171],[77.59053329725982,23.26314703442801],[77.59047960871044,23.26309883736145],[77.59039061086644,23.263063330087423],[77.59031843226045,23.26306281341854],[77.59028707843986,23.26306428829894],[77.5903235026551,23.263197067639638],[77.59033788756695,23.263310268457666],[77.59033756527926,23.263341313860703],[77.5903346727699,23.26335504886971],[77.59030394546762,23.263375749184924],[77.59022745867428,23.263407006773207],[77.59012268786933,23.26343979224748],[77.59002763095846,23.26345479529806],[77.58991535879356,23.26347461224231],[77.58983375421637,23.263512836503967],[77.58981441498909,23.26353446853212],[77.58974538297493,23.263658437408687],[77.58972531672364,23.263719195936194],[77.5896504926052,23.263903728025184],[77.58961048015098,23.264008478319546],[77.58958800799893,23.264080940000422],[77.5895593654814,23.264165518502068],[77.58952983242726,23.26424329288779],[77.58945619880505,23.2644101970336],[77.5894301251818,23.264471117353853],[77.58938659308556,23.264590862538853],[77.58932310290575,23.264777897154037],[77.58928669229638,23.264870135382385],[77.58925964518296,23.26494225684151],[77.58917980804218,23.265083307348224],[77.58910884499753,23.265201936746436],[77.58904926965695,23.265301013603036],[77.58895936087376,23.26543845324765],[77.58889873355109,23.265525764804757],[77.58878567719003,23.265670701769615],[77.58871438798224,23.265738440230802],[77.58868169846068,23.265760435305246],[77.58853276006604,23.265854036436476],[77.58846104670896,23.265908750550853],[77.58832057066789,23.266034414169688],[77.58829441476902,23.266051885657703],[77.58820568720846,23.266076647829895],[77.58806412017093,23.266099744146832],[77.58786198990546,23.266104581834856],[77.58771431284211,23.26610425685701],[77.58767342880289,23.26610040371965],[77.58764114232258,23.266093834104236],[77.58756026367992,23.266092931095496],[77.58733287974553,23.266101618598064],[77.58716547996846,23.266111140731223],[77.58692343958265,23.266139461687185],[77.58664985302664,23.266191600761186],[77.58658138465674,23.26620810458129],[77.5865340328242,23.266237132300468],[77.58648567886773,23.266273328423562],[77.58642111145564,23.266310675315847],[77.58635103373233,23.266357070352182],[77.58631746696237,23.266388448556384],[77.58626802249299,23.26642680929382],[77.5862185894001,23.266465527026583],[77.5861614146755,23.266504096845704],[77.58612633052628,23.26651999764905],[77.58609361136467,23.26653120674488],[77.58604386921215,23.266536467526254],[77.58592168532095,23.266545109124042],[77.58588846182603,23.266546718603283],[77.58577632690248,23.26654903759815],[77.58570609044165,23.26654879936211],[77.58565233111128,23.266549540754873],[77.5855852201516,23.266544233631027],[77.58550381912386,23.266545721967482],[77.5854324043497,23.266550855648457],[77.58537297225193,23.266555665121373],[77.58529025838638,23.26657036037206],[77.58519954612804,23.266593178685206],[77.58515544489825,23.266605407377824],[77.58510810080637,23.266627425103994],[77.58505128745827,23.266665273762438],[77.58503680886707,23.266684178149934],[77.58498310767158,23.26677304869554],[77.58493375506954,23.26685140598938],[77.58490078273299,23.26690854736779],[77.58484370574605,23.267021877206712],[77.58475685501807,23.267202600886485],[77.5846993266444,23.26733522652705],[77.5846466644532,23.26747324700572],[77.5846247518052,23.267546351089617],[77.58454515622398,23.26774065767237],[77.58436496276317,23.268544370480154],[77.58419669747278,23.268934052186655],[77.5840071858351,23.26983041393524],[77.58381315804183,23.27049279234692],[77.58367812078214,23.270729073472793],[77.58364423640519,23.271116542710743],[77.58367052282281,23.271674981326424],[77.58383019134429,23.271911185177252],[77.58396805590799,23.272084716427756],[77.58404745284224,23.27218465357138],[77.58413762337634,23.27230258490543],[77.5844135923598,23.272403125399787],[77.58459790845222,23.272576825185673],[77.58473016782578,23.272732276200106],[77.58507803855021,23.272807746846787],[77.58533342572268,23.272913401048147],[77.58562148654653,23.273104496353728],[77.58592625314216,23.273357413438227],[77.58609100357667,23.27358875319893],[77.58630116635182,23.273762025588187],[77.58680991549038,23.274135769365977],[77.58717431049122,23.274530999075512],[77.58724573209113,23.274791008597646],[77.58734672591824,23.275158674875698],[77.58750364830097,23.275396155854608],[77.58761836438035,23.275569764232944],[77.58761843902835,23.27568032993968],[77.58761854951,23.275846807801084],[77.58771112742775,23.27608889004452],[77.58777832331761,23.2763552752853],[77.58776826317002,23.276637264021357],[77.5879548970282,23.276930338323382],[77.58795351337547,23.27712620451527],[77.58806658398883,23.277358394740382],[77.58830331240102,23.277803306347305],[77.58858541521082,23.277985128742692],[77.58875405323026,23.278149528864194],[77.58888198534524,23.27834803583973],[77.58900955013935,23.278527443553017],[77.58926928886575,23.27859002811172],[77.58964440663466,23.278736687708044],[77.58968894027306,23.27914271019629],[77.58978076690975,23.27921035454256],[77.58983169767137,23.27926567950609],[77.5898983853265,23.2793496214197],[77.5898950437914,23.279423210352697],[77.58988403828455,23.279761580314723],[77.58988074271139,23.280104321224677],[77.58987477519477,23.280348388087088],[77.58995875163814,23.28040531227251],[77.59008509179941,23.2804099515589],[77.59025867769788,23.280422348695687],[77.59045911866338,23.280462436575114],[77.5905216546591,23.280510515120287],[77.59063142296695,23.280639061194766],[77.59069230838286,23.280726625482856],[77.59084724674578,23.280919501500534],[77.5908962745303,23.28098021998347],[77.5908909835835,23.281052922365443],[77.59086015628921,23.28135096765506],[77.59084917090952,23.28170451968828],[77.59085932475462,23.281763672854723],[77.59085409209042,23.281844449622863],[77.59083950989988,23.28193637515937],[77.59078419755521,23.281994892319535],[77.59074093640234,23.282044384717004],[77.59071029209613,23.282160947805473],[77.59071349411721,23.28226611855317],[77.5907433222475,23.28236665640514],[77.5906709125604,23.28240736860188],[77.5906068460562,23.282457536430982],[77.58866504488803,23.284489824861502],[77.58851744284456,23.28466253475968],[77.58780614110002,23.28559146153769],[77.58776596633598,23.285643927719693],[77.58777851795367,23.285705297497376],[77.58784614973474,23.285852924242025],[77.58792175801602,23.285988399662603],[77.5879342271818,23.286038598644634],[77.58793292533755,23.286135428116722],[77.58791169396804,23.286264025299026],[77.5879067079561,23.286383552016716],[77.58792599997926,23.286447166333122],[77.5879397884472,23.28661509310129],[77.58791638269797,23.286844069845873],[77.5878762443394,23.286931207363917],[77.58789967864128,23.287130941314878],[77.58788802960095,23.287252671243042],[77.58782166892475,23.287264558886754],[77.58771847275322,23.287332873212105],[77.58764494800307,23.287310725605],[77.58721007842249,23.28720038481169],[77.58606118491728,23.286932230738966],[77.58597012665139,23.28692076523288],[77.58588345902933,23.28691727324219],[77.58571894957113,23.286932240973773],[77.58556720511895,23.286953182248514],[77.58533515401366,23.286909965814612],[77.5845597009376,23.286762949652836],[77.58447273445434,23.28673044491581],[77.58401166822097,23.286538960590164],[77.58346327808187,23.28632024486615],[77.58313474408506,23.286175140960545],[77.58298112370193,23.286120558007127],[77.58275806259354,23.28601922197425],[77.58264956557218,23.285972696582984],[77.58268311506471,23.28575684901814],[77.58268376464059,23.285615234661186],[77.57967639466563,23.285563735381768],[77.57571245443705,23.286728888761694],[77.57412072552708,23.286780034569226],[77.57232429781858,23.286887371279736],[77.57221698382959,23.28689046590711],[77.57214180720383,23.286892632810442],[77.57197616683746,23.286897408352086],[77.5715039186389,23.286853540135468],[77.57049780302364,23.2867691056761],[77.56943400002248,23.286672920317336],[77.56884927417317,23.286699317451017],[77.56831990108026,23.28669938720598],[77.56800565079376,23.286747074362818],[77.56752842787122,23.286733703679623],[77.56743105419145,23.28673868243588],[77.56676673822821,23.286772652797932],[77.56502041419937,23.286537334112726],[77.56436984898792,23.286449664525872],[77.56424765853684,23.286448831767956],[77.56282067375713,23.28645374711839],[77.5617399019708,23.28645746168544],[77.56163914527772,23.286474150841457],[77.56081311148391,23.286534239464668],[77.55892500076244,23.28667157287608],[77.55887570526116,23.28676195436596],[77.5586024068488,23.286730654399268],[77.55834631462521,23.2866883876872],[77.55784201430629,23.28661100907218],[77.55768808069669,23.286599394303913],[77.55748421764343,23.28660427284158],[77.55722174749879,23.286568711652492],[77.55678800029114,23.286538420334274],[77.55657864389921,23.286502570865675],[77.55653868640603,23.28650572664687],[77.55596478017489,23.286602560213414],[77.55575169417729,23.286647327092247],[77.55555196113518,23.286678398473274],[77.55525714211466,23.286729540708027],[77.55508479868367,23.28674765007774],[77.55477948145808,23.28673714563904],[77.55436104887461,23.286754293593564],[77.55417811876481,23.286769122005726],[77.55412224436057,23.286761773940277],[77.55349620936694,23.286589186006715],[77.55319115216489,23.286517485428828],[77.55260406986754,23.286384580266397],[77.55222337986378,23.28631975224151],[77.5516626960397,23.286182309536635],[77.55140998062865,23.28611167793638],[77.5512798276902,23.286068472494296],[77.55111063767646,23.28600477802464],[77.55101793793055,23.285989201799953],[77.55087993990794,23.285968388958494],[77.55066756215855,23.285964144305733],[77.55025845959202,23.285942963262276],[77.55013449886403,23.285942360480878],[77.54984832127217,23.285925292602744],[77.54961035143823,23.285908158844222],[77.54937390663927,23.28591171191993],[77.54920847271576,23.28590745856198],[77.54908098952914,23.285912166644696],[77.54886796511597,23.28590450027279],[77.54876106022033,23.285902210588606],[77.54874955151512,23.285901964865378],[77.5486011426258,23.285900536475083],[77.54817252733652,23.285897760542095],[77.54766114307051,23.28592017510518],[77.54741652035226,23.28591095416738],[77.54721875774112,23.28591747648884],[77.54686506192681,23.285924402238102],[77.54664912477278,23.285934342534382],[77.5461917261185,23.28599407451266],[77.54566153863591,23.28605685155025],[77.54535169926972,23.286098698858943],[77.54505993036211,23.286144646311747],[77.5448745945395,23.286156641025876],[77.54458812751415,23.28614919010255],[77.54425290228401,23.286143170790382],[77.5439421359432,23.286146991148055],[77.54356178700415,23.28616531008754],[77.54316182180864,23.28618919974018],[77.54275886652523,23.286226040344374],[77.54240907185066,23.286273015030797],[77.54204561102303,23.286314480937552],[77.54163982705339,23.28636637914059],[77.5412096894167,23.286408305063844],[77.54104677902689,23.286433647719726],[77.5409231032307,23.286481507875603],[77.54053017538774,23.286665785175135],[77.54031086912352,23.286746009662213],[77.54010468393713,23.286797562815924],[77.53999569702735,23.286828515669672],[77.53963087067355,23.286984591982762],[77.53932722182435,23.28708110035205],[77.53901571582341,23.287171865603487],[77.53874170868292,23.28726522717159],[77.53853358669996,23.287321146215938],[77.53823681686053,23.287423757417425],[77.5378678079505,23.28753650273036],[77.53754426218183,23.28766322230613],[77.53726224844004,23.28778465764945],[77.53706124340238,23.28784985159329],[77.53692551427639,23.28789115038396],[77.5368113358673,23.287928814969057],[77.53655377593259,23.28804006286568],[77.53629504338207,23.28815817034664],[77.53613441869571,23.288231908139743],[77.53604513405593,23.288264647012333],[77.53591617806737,23.28827689601125],[77.53572313312748,23.288297875346682],[77.53533890434599,23.288324913732396],[77.5350034037684,23.288350623840845],[77.5347059086401,23.28835568457056],[77.53432425628206,23.28833796151795],[77.53378797486234,23.288313205432004],[77.53351777588236,23.288327412617996],[77.53349255395179,23.288328738447508],[77.53313339377638,23.288366706929224],[77.53298658150595,23.2883781123886],[77.53280009507874,23.288403930572947],[77.53270579901,23.288404216234387],[77.53258363358059,23.28839145615115],[77.53253442835648,23.288497941515665],[77.53240333275033,23.288712562643436],[77.53223874278221,23.289078135169124],[77.53215978147071,23.289335547314597],[77.53212794065968,23.289519239159723],[77.5321032593687,23.289827636295573],[77.5321377471205,23.290301592201693],[77.5321460047919,23.290665722200618],[77.53221953451549,23.291340988608244],[77.53229456190131,23.29196685321178],[77.53241489271485,23.292643766577914],[77.53246798191742,23.293127385204016],[77.53259589019724,23.293894279432422],[77.53268119073692,23.294335152008987],[77.53270610746789,23.294456617731736],[77.53273824709083,23.29453649124168],[77.53285172839232,23.29466969772306],[77.53315795953779,23.29497200676537],[77.53350828956253,23.295392766496025],[77.53379560651375,23.295801836343394],[77.53385825510368,23.29588062938462],[77.5338714711417,23.295938028855073],[77.53386770224044,23.2961455881075],[77.53379680946999,23.29663583700839],[77.53378432170406,23.297062310195905],[77.53380451053357,23.297369116060185],[77.53384456047876,23.297503948922166],[77.53400545486276,23.297737980091295],[77.53417895770193,23.297930230131023],[77.5344758994291,23.298355369907668],[77.53464996350466,23.29856082643866],[77.53517438441898,23.29909191058621],[77.53547970603805,23.29945715226063],[77.53553676562156,23.29953118221652],[77.53559156499544,23.299636706703296],[77.53562063411925,23.29972548819067],[77.53561579662478,23.300077822240137],[77.53562457577092,23.300964736897754],[77.53568167264235,23.30141838980547],[77.53569534058991,23.301731476403337],[77.53569218858004,23.301982114960413],[77.53564180632786,23.30285972301605],[77.53576387469082,23.30358275006549],[77.53603407122637,23.304673771205177],[77.53618029735848,23.30542058579522],[77.53624943761868,23.30574998623182],[77.53635242474961,23.306063931392913],[77.53674408338365,23.30671089245537],[77.53706961773337,23.307266984083483],[77.5372834525769,23.307730595736395],[77.53748318154182,23.308224475995146],[77.53748139053216,23.308432992677425],[77.53728588147666,23.30868794239192],[77.53696507421468,23.309138571920684],[77.53683039676457,23.30939694821967],[77.53672033552147,23.30975454796611],[77.53655725609549,23.310128353024016],[77.53640956159579,23.310420296882445],[77.53609702420519,23.31096599196481],[77.53591971709915,23.311377860228866],[77.53566322146389,23.31213687897021],[77.53540984942462,23.312962899032204],[77.53530010208209,23.31333696997832],[77.53516538321094,23.3136602023868],[77.53495421491466,23.314156005952324],[77.53463114624928,23.31492479983837],[77.53455788189599,23.31529635431462],[77.534532426366,23.31580998179411],[77.53454448829247,23.316218506938583],[77.53456319319082,23.316589346504607],[77.53459138970219,23.31673271764044],[77.53444695142812,23.3167435463977],[77.53408272776045,23.31676686213898],[77.53391471046903,23.316773425321877],[77.53368288789524,23.316795383054714],[77.5331720600849,23.316839970081737],[77.53270427495691,23.316885334629166],[77.53212334158395,23.31692736956687],[77.53174614387136,23.316960161114963],[77.5311208695581,23.31698451317837],[77.53064032038814,23.31699682603325],[77.53025075980392,23.317017246388527],[77.52962665665677,23.317035044379594],[77.52899324999433,23.317048158761974],[77.52831633904567,23.31707457756578],[77.52798018470972,23.31708511700495],[77.52751775884451,23.31710959047474],[77.52720284572258,23.31712445887133],[77.5269854024046,23.317123913440007],[77.52675162194956,23.31715121323854],[77.52643158768639,23.3171766024118],[77.52616219844177,23.317205174524457],[77.52576688598977,23.317229714059536],[77.5254283510582,23.31724937136486],[77.52508439309864,23.317273110736387],[77.52478735766712,23.31729761266321],[77.52457233505432,23.317318900774026],[77.5243022843329,23.317333303896227],[77.52403965554099,23.317356449685484],[77.52384111743598,23.317387599606743],[77.52362121108105,23.317424559147103],[77.52343490926336,23.317460208706425],[77.5231532567606,23.317526670071263],[77.5230169844402,23.317565874528135],[77.52286798703007,23.317619420620566],[77.52264499971965,23.317710687540984],[77.52244869473313,23.317772529150655],[77.52228207616268,23.317779025607315],[77.52196810987667,23.317796460064226],[77.52166701477073,23.317806908390846],[77.5214063445129,23.317811910927578],[77.52126514387193,23.317806998063862],[77.52115265030893,23.317801062059207],[77.52102749594167,23.317794329624586],[77.52084219502608,23.3177912314385],[77.5207038986726,23.317773399136044],[77.52051161849715,23.3177408988512],[77.52044095708256,23.31773682684183],[77.52033786181173,23.317730884604124],[77.52002090628636,23.31770195387906],[77.51976689832809,23.31766927817951],[77.51945606615254,23.317638602536793],[77.51902047788646,23.31759235828656],[77.51871460463596,23.317560411731026],[77.51834719422251,23.317519090535427],[77.51809860721637,23.317482330246047],[77.5179350494284,23.317464189612135],[77.51774860989747,23.317436618849488],[77.51741798283177,23.317402837177983],[77.51720678174122,23.317355588347404],[77.51706368649691,23.317325037499728],[77.51689338974774,23.317282644836293],[77.51657779827508,23.31722268849288],[77.5164641666893,23.317192280972588],[77.5161720638944,23.317110377520216],[77.5158998170095,23.317047440714973],[77.51545103426396,23.316943495639453],[77.5151175314508,23.31688301391903],[77.51490469201977,23.316837477303476],[77.51472736445201,23.316797395866267],[77.51448424832812,23.316741007709773],[77.51423633042324,23.316689261938166],[77.5138785153611,23.316617162295753],[77.51368040764335,23.31658392082208],[77.51344735378858,23.316534856274828],[77.51318954138475,23.316481823126765],[77.51311661670614,23.3164593131412],[77.51286081203617,23.316393863103002],[77.51272354917931,23.316362248041525],[77.51255955245392,23.31631462040225],[77.51244544886134,23.31628852029501],[77.51225235021235,23.316258185936743],[77.51196190204311,23.31621345693918],[77.51178263750087,23.316179526840724],[77.51155282728574,23.316128873246146],[77.51148975599949,23.316106137016387],[77.51123653936753,23.316040905341964],[77.51106207967825,23.315993354345785],[77.51077531097067,23.315903198421296],[77.51057632850838,23.315838234648627],[77.51052997169809,23.31582569415146],[77.51023323716964,23.315814213107323],[77.50989444057984,23.315803839141683],[77.50965943789573,23.315803176309878],[77.5092364942689,23.315802214887572],[77.50877199606546,23.315821920241635],[77.50849208046826,23.315822099336767],[77.50821581387777,23.315814822464887],[77.5078789512498,23.315814978167612],[77.50768475220849,23.315804311231155],[77.5074597403979,23.315782223792745],[77.50718987587125,23.315768754516057],[77.50692944740587,23.31573995396299],[77.5065485840885,23.31572894483628],[77.50633952183773,23.315715592646743],[77.50607643376604,23.315709522172426],[77.50589995458101,23.31569668814488],[77.50566112412696,23.315676460567854],[77.50550633935174,23.315664888176993],[77.50518400800941,23.31565563733195],[77.50496195242229,23.315655371804596],[77.5047501767926,23.315655118602695],[77.50446139259749,23.315648512758685],[77.50420321009852,23.315634786674618],[77.50414217082294,23.315624101785428],[77.50399112287181,23.315647941632086],[77.50386965729477,23.315667111881048],[77.50375217186536,23.31568565390419],[77.50332589650235,23.315824438549807],[77.50318772757063,23.315869423159906],[77.5025326136029,23.316058390862192],[77.50252992322329,23.316059319615206],[77.50241437221251,23.316099247666003],[77.50229848195674,23.316140154296043],[77.50184785833264,23.316281909392618],[77.50128150455458,23.316455482136195],[77.50119595830402,23.316444372849716],[77.50099504169928,23.316498799927263],[77.50095440487993,23.316814722787242],[77.50109870937888,23.317063204355627],[77.50121212322773,23.3173193433087],[77.50121493911594,23.31746977020601],[77.50083396975472,23.317841283766565],[77.50058177009477,23.31804593864415],[77.50026738532621,23.31824442150134],[77.49951585438443,23.318714995886108],[77.49947373931487,23.318952122819358],[77.49950438042688,23.319345725826768],[77.49965711137352,23.319629901135926],[77.49959867920553,23.31982429678281],[77.49964776493566,23.319959654366336],[77.49976558328935,23.320036591469357],[77.49980838676568,23.320250868386598],[77.49977523505996,23.32055233989709],[77.49960086023809,23.320770082504872],[77.49946352515713,23.32089408449037],[77.49886567888613,23.322530149334426],[77.4987957536793,23.322939687418156],[77.49880258826715,23.323305010252383],[77.49891814883694,23.32367576096253],[77.49903744554317,23.323831494739082],[77.49944053622411,23.32422631848009],[77.4995084879512,23.324540506676705],[77.49950738841191,23.324702787904954],[77.49950685516917,23.324781466814823],[77.49925806018219,23.32496158470659],[77.49903372653273,23.325066673245246],[77.4989242863827,23.325092304357604],[77.49886786915829,23.325088867321607],[77.49880777111291,23.325085206477993],[77.49871721999433,23.325083666019363],[77.49861419061399,23.32510620879286],[77.4985280452213,23.32516729415451],[77.498478456474,23.32528153716362],[77.49844168266112,23.325389602498362],[77.49838841500583,23.325480018484015],[77.49831597849284,23.325582683301487],[77.49826856159315,23.3256401651266],[77.49833007987753,23.325645155082924],[77.49837872574236,23.325653336112186],[77.49843417177534,23.325679320551888],[77.49847089560151,23.325741431072448],[77.49847574708714,23.325827934316383],[77.49845558082932,23.325959619579248],[77.49844580321593,23.326162793569015],[77.49853318790812,23.326409796236533],[77.49866194107187,23.32665613920844],[77.49879462663948,23.327112601056484],[77.49869817371173,23.32748673590344],[77.49854127712611,23.32801708389648],[77.49778977729915,23.329114618107393],[77.49737258947033,23.329418633808547],[77.49726168249703,23.330333979075522],[77.49710908931586,23.330472554182055],[77.49701908694401,23.330638791514005],[77.4968534399699,23.330901627172224],[77.49646481212726,23.33124082092405],[77.49620429459243,23.331465047459854],[77.4959800158737,23.331712243485963],[77.49579030867923,23.33194097555441],[77.4955894398456,23.332402757132712],[77.49531681328878,23.33277747885014],[77.49521076987766,23.332773815734928],[77.49506123813329,23.33277701269752],[77.49501649484753,23.33277745271273],[77.49494900925114,23.332861105379934],[77.4948739384116,23.33299265071029],[77.49484183559355,23.333085228385013],[77.4948265770603,23.333150999153812],[77.49482316364778,23.33316571124286],[77.49482191534452,23.333351012009498],[77.49481530259834,23.333450326319664],[77.49488801290354,23.333571023143225],[77.49502422610927,23.333802162845128],[77.49511262109559,23.33395215906232],[77.49516278777837,23.33403899123543],[77.49525457137258,23.334192958214],[77.49527474990613,23.334226808366367],[77.49529772601109,23.33426535021033],[77.49536191651848,23.334352926574713],[77.49537740008614,23.33450670641153],[77.49541812247963,23.33493481995026],[77.49542456324217,23.33498345770625],[77.49547445928708,23.335458816198802],[77.49551470090786,23.335937120867115],[77.495537893542,23.336197380479764],[77.49565147842179,23.336203288663324],[77.49589243308098,23.336210714474117],[77.4960469877893,23.336225333033703],[77.49630149693996,23.336250950094044],[77.49628969020652,23.336277799259516],[77.49622009395014,23.336366860005914],[77.49620526762428,23.336384827867217],[77.4960260219166,23.33664019907796],[77.49579398190878,23.336986568938695],[77.49571356692161,23.337100183623093],[77.49539978084263,23.337559044907003],[77.49527677961615,23.337747195131527],[77.49509246366011,23.337797807441984],[77.49473107768907,23.33791756287248],[77.4940212718732,23.338216528497224],[77.49359180475258,23.338384758211753],[77.4933417761945,23.33845201260357],[77.49297028474716,23.33857450503555],[77.49268090989453,23.33864797716784],[77.49257919582193,23.33866013095404],[77.49248326777523,23.338659128303316],[77.49237039093741,23.338667450595164],[77.49234948722015,23.338668991452135],[77.49222618519937,23.33868432794513],[77.49201789030441,23.338741739728565],[77.4916993755965,23.338868476981816],[77.49180898507355,23.33906381792089],[77.49197732352353,23.33932463091284],[77.49203875051275,23.33946070958947],[77.49214053801968,23.339635895949616],[77.49224065229139,23.33979118923326],[77.49218778136951,23.339883126776467],[77.49221800119435,23.339918930882163],[77.49242404452207,23.340098843945572],[77.49262917412551,23.340335217556486],[77.49273473831614,23.34043401127311],[77.49306263541988,23.340820582250842],[77.49319794695253,23.340945240743647],[77.49332721181686,23.341062060716204],[77.49343552744247,23.341195181058993],[77.49369220592968,23.341443257875582],[77.49390573628615,23.341662358972528],[77.49415471783301,23.3419271468871],[77.49422060332442,23.34201526522579],[77.49438473278558,23.342176746182105],[77.4944734899352,23.342271611948462],[77.49469308925215,23.34248483675861],[77.49482883848854,23.342622207182327],[77.49487727775531,23.342656669598245],[77.49492795863418,23.34268485875489],[77.494966015901,23.342713997774364],[77.49529042591034,23.342914027321942],[77.49551086313474,23.343061817415904],[77.49567973569422,23.343159770065956],[77.496162813193,23.343408929467554],[77.49639118566328,23.343577609456936],[77.49661313181234,23.343738996020978],[77.49690373791685,23.343984413276004],[77.49703189300119,23.34409611935879],[77.49708254125608,23.344158247156685],[77.4971280089034,23.34421401527347],[77.49789577720891,23.3449764937401],[77.49827837445427,23.345316356318524],[77.49838769282134,23.34540495942242],[77.49745709719457,23.346495484872072],[77.4965740955377,23.347339470987613],[77.49597016251063,23.34813089007872],[77.49370831574103,23.350724531075183],[77.49356625318602,23.350887429151243],[77.49345535097977,23.351574762323775],[77.49356201280264,23.35205416147462],[77.49355652044444,23.35245716978755],[77.49361064277456,23.352913351193276],[77.49382992144896,23.35384198538888],[77.49399654814405,23.354741388684523],[77.49402666208155,23.355654997800837],[77.4941029087221,23.35624914133648],[77.49421282930766,23.35655408859147],[77.49429345292975,23.357033902833763],[77.49447411389676,23.357638408214054],[77.4945416157429,23.35846121374269],[77.49452985386284,23.35922514509672],[77.49457298576772,23.359789747604918],[77.49523137384895,23.360512920792523],[77.49514891314281,23.362295180321148],[77.49511180023147,23.364382160163082],[77.49520862499007,23.3646713035369],[77.49523489845208,23.36498970276076],[77.49507281535595,23.36616320470209],[77.49500144535718,23.366555598025208],[77.4948874129055,23.367017796689172],[77.49480688017424,23.36720062350415],[77.49481212268164,23.367364147119133],[77.49475490028058,23.367504288769833],[77.49469072345309,23.367661460248748],[77.49462650009664,23.36789890790054],[77.49461620192494,23.367976230569802],[77.49460904303432,23.368029975309966],[77.49452438107639,23.368482739007863],[77.49409776055442,23.368496709716965],[77.49350632189484,23.36841299361093],[77.49331073434281,23.368330128402736],[77.49124624478026,23.369262240520776],[77.49115240094967,23.36924555721631],[77.49093671442238,23.369294439128023],[77.49026691261383,23.36954142616077],[77.48924133325215,23.36998040301937],[77.48842184854283,23.370384281918188],[77.48760634648723,23.3707381029663],[77.48693246061683,23.370767000892418],[77.48595675501831,23.370977933721118],[77.48536788608315,23.3710781878983],[77.48524646166801,23.371166465550672],[77.4849606793846,23.37147772352642],[77.4848057261563,23.371818802906404],[77.48473129985749,23.372043740381205],[77.4847550154843,23.372398546000067],[77.48476881487439,23.37260499502773],[77.48463251671045,23.37282948428539],[77.48455861690938,23.37290798785173],[77.48441536492732,23.373060164467727],[77.48401037150916,23.373097170048855],[77.48304711266286,23.373387620925765],[77.48294978409204,23.373496169019198],[77.4824584425619,23.373786762988153],[77.48209397681977,23.373777263900084],[77.48170240300661,23.3736459046518],[77.48136547167469,23.37378118486036],[77.48068517876533,23.37415120235861],[77.48034682255677,23.374210071560995],[77.48030569688555,23.37412733336209],[77.48027526074445,23.374027821379478],[77.47978226127383,23.372415954424575],[77.47910587360818,23.37082642057907],[77.4780270019613,23.367069770080843],[77.47714903905872,23.363444099570454],[77.47702785510947,23.361748013586016],[77.47722043489087,23.356330422397203],[77.47728075134766,23.352772277540566],[77.47673371740794,23.352771768497387],[77.47623356653965,23.352735500611452],[77.4754798123029,23.352680840168947],[77.47414401703445,23.352140682557934],[77.47077454882506,23.35178789206945],[77.4687499213318,23.351766110958213],[77.46613647979224,23.350678774600322],[77.46376390366859,23.34932486733771],[77.46231904402262,23.34882811800854],[77.46028340062875,23.347716057454512],[77.45572314911139,23.347309993989192],[77.45002908227947,23.34697688584636],[77.44877392310296,23.34680545291035],[77.44831395515541,23.346831757728683],[77.44787292353689,23.34676222508542],[77.44747213047219,23.346629962558524],[77.44646181738183,23.34655022046018],[77.44549840327174,23.346488846868063],[77.44447493628721,23.346538277077343],[77.44368884284911,23.34485949747442],[77.44355927821557,23.34484718954735],[77.4434753883749,23.344786398898105],[77.44335223282724,23.344559025538377],[77.44319654755367,23.344532794116382],[77.44309371905646,23.344567838617067],[77.44305540240799,23.34473563106997],[77.44301612481213,23.34485089336982],[77.44294880020684,23.3448471670266],[77.44286351191292,23.344709964557104],[77.44278102088273,23.344725583937702],[77.4426796791959,23.344841814426587],[77.44261558894038,23.345014785805635],[77.44260330876945,23.345124112401052],[77.44250198227,23.34526805297422],[77.44249041761464,23.345338360040945],[77.44247727108893,23.34541826733627],[77.44243510783407,23.345631269924386],[77.44234187603307,23.345652940719233],[77.44233531976813,23.345628445025582],[77.44230474295671,23.34562098683122],[77.4422567832073,23.345635488155608],[77.4421954576443,23.345664620177203],[77.44213689547404,23.345668068909696],[77.44207572006673,23.34565927354732],[77.4417858513419,23.345550324508704],[77.44172335549214,23.345539075978532],[77.44169007520387,23.345542619153402],[77.44166568391697,23.34557185560868],[77.44153811391183,23.34552854666858],[77.44154363446513,23.345478403348014],[77.44151059217315,23.345421995643534],[77.44146817116439,23.34538145717488],[77.44144022250704,23.345382575126482],[77.44137876776084,23.345444742329608],[77.44129600141208,23.34551172306808],[77.44119157524675,23.34555323418001],[77.44110024104002,23.34556465567966],[77.44107058260613,23.34555518207549],[77.4409911441646,23.345476085074964],[77.44099015679409,23.34545466868468],[77.441010084825,23.345428012025643],[77.44112275993888,23.345339737520703],[77.44122223064637,23.345248982001458],[77.44127540624376,23.345168986242214],[77.4412888950115,23.345095933356998],[77.44128505117943,23.34506554150426],[77.44125605175778,23.345047204565315],[77.44112530336515,23.34502726541318],[77.44104461690691,23.34500622408515],[77.44097871699557,23.344962229246804],[77.44091429799754,23.34487814210853],[77.44088530383848,23.344819441493627],[77.44086569289188,23.344765902102147],[77.44084612115918,23.34470264182444],[77.44080532027252,23.344661174119075],[77.44077905053585,23.34459521218478],[77.4407216530332,23.344385805646354],[77.44068876574714,23.344348010841273],[77.44066637381269,23.34432969957055],[77.44060954649431,23.34433069810348],[77.44057118076103,23.344341488788977],[77.44055650500722,23.34437667160346],[77.44054147783869,23.34450055625093],[77.44054205831705,23.34468915915154],[77.4405284780169,23.34478145549858],[77.44050022386739,23.34489580797778],[77.44042810865642,23.345086305175812],[77.44041587351168,23.34516903298963],[77.44043423582754,23.34520434049539],[77.4404593140623,23.345211726513952],[77.44054009646584,23.345168290102784],[77.44063720168992,23.345061685686428],[77.44074078184424,23.344934493299927],[77.44078446306374,23.344916433244457],[77.44083336662206,23.344914188292762],[77.44087029499222,23.344932554706638],[77.44089655045595,23.34497639825403],[77.44090701643633,23.3450155575528],[77.4409067325189,23.34508724785841],[77.44088004339497,23.345152762022416],[77.44083378902967,23.345226786397863],[77.44070666849186,23.34533616306449],[77.44051341349294,23.345466365537916],[77.44045244323823,23.345517274904147],[77.44043787370869,23.34555510222802],[77.44043977170374,23.3455958331954],[77.44049075568617,23.345723131094587],[77.44050789687238,23.345816007833953],[77.44049840476808,23.345870087620412],[77.44048388038078,23.345896549447193],[77.44043850434613,23.345910583614323],[77.44036949927283,23.345910320358087],[77.44011848503416,23.345834548660612],[77.4400713525024,23.345812847769405],[77.43998500977514,23.34579127747691],[77.43991430318378,23.34579337200839],[77.43987566414287,23.345812137180378],[77.43976868095015,23.345886192675486],[77.43964347229488,23.3459863092723],[77.43960342192534,23.346036980013842],[77.43953614945852,23.346145464535066],[77.43952164720167,23.346207040027046],[77.43948145561598,23.346293169553366],[77.43942599593018,23.346340236261042],[77.43937300686147,23.346368632305772],[77.43924945302774,23.3464071661028],[77.43915815975326,23.346413910582015],[77.43902948911779,23.346404103008908],[77.4389613485131,23.346407388363815],[77.4389291419935,23.34642499452815],[77.43887629403265,23.346461433943407],[77.43879468606167,23.346583050444302],[77.43877776876917,23.346634992564496],[77.43877631007129,23.346678719346283],[77.43880185806223,23.34671900204396],[77.43887755827176,23.346775077731692],[77.43892620993054,23.346823723500563],[77.43900149925523,23.346988690641023],[77.43904844976517,23.347142524280994],[77.43908179570315,23.347256290203543],[77.43909064267777,23.34733856387516],[77.4390731193048,23.347419683638563],[77.43903604283788,23.347502116985176],[77.43891376354641,23.347686164374668],[77.43884444348768,23.34781664084471],[77.43883140778897,23.34786983994355],[77.43879450609116,23.347908929121385],[77.4387577296663,23.347929874829823],[77.43871181272165,23.347942352925667],[77.43840877480274,23.347956048838448],[77.43835607407894,23.347944249379754],[77.43830792211999,23.347941957604018],[77.4382549130995,23.347954425224014],[77.43818383265314,23.347950991554786],[77.43815522342456,23.34793612142361],[77.43797972762144,23.34789002055809],[77.43791439356688,23.34788344431742],[77.43780083515958,23.347892500653355],[77.43765934767696,23.347928933742097],[77.4376134680409,23.34793192110946],[77.43754243263342,23.3479168893539],[77.43731437877273,23.347825223374162],[77.43721701241631,23.347799547598786],[77.4371425255096,23.34778766346359],[77.43701390169274,23.347787082097838],[77.43695888626182,23.347780545999743],[77.43684434637004,23.347748477196706],[77.43676856458336,23.34774178525854],[77.43668941896242,23.347747809033848],[77.43656420114897,23.347760034605596],[77.43647592438957,23.347755479462716],[77.43635307488097,23.347721203855166],[77.43625800362221,23.34769553551858],[77.43622243224027,23.34770172585446],[77.4362166432232,23.34771540974137],[77.43623031530248,23.347737603748502],[77.43629636896284,23.34782260514171],[77.43632127905097,23.34785830298352],[77.43632224620481,23.34790123660238],[77.43630734721924,23.34792526290727],[77.43626273769648,23.34794721066078],[77.43613330396035,23.347972851537442],[77.43602648658276,23.347964685149286],[77.4358957516156,23.34796026446964],[77.43573912633431,23.347991062193042],[77.435582590183,23.348041428009424],[77.43543557375484,23.348129911247884],[77.4353530705712,23.34814788951581],[77.43521361514644,23.348191786293746],[77.43507685762604,23.3482109498151],[77.4349045668486,23.348216864406194],[77.43467151033076,23.34821074325255],[77.43457755716253,23.348190807743855],[77.43450371811221,23.34817484359409],[77.43442701022805,23.348165401660506],[77.43431331958817,23.348163658040914],[77.43417986196273,23.348219429959766],[77.43401819949352,23.348258903902014],[77.43400231759784,23.348262781794492],[77.43394012067614,23.34825292875699],[77.43389941737746,23.34822994010148],[77.43381278022265,23.348142959273964],[77.43378642385393,23.348080884097637],[77.43379190808832,23.348040133028533],[77.43381512946024,23.347999449670727],[77.43388344546182,23.347958634327373],[77.43390332469811,23.347928861634635],[77.43389778813655,23.34790158699522],[77.43386820670842,23.34788719725306],[77.43378634030303,23.34788818140157],[77.43372116221619,23.347919073482906],[77.43367458550773,23.347918895825742],[77.43364218154069,23.347904494218575],[77.43362255571094,23.347870677856],[77.43361712476025,23.34781744697594],[77.43364149021102,23.347710536974134],[77.4336823095878,23.34766816267627],[77.43373984479625,23.347651628891743],[77.43383514310597,23.347655861156294],[77.43391219922054,23.347665179674063],[77.43398097338795,23.347642244975525],[77.4340078121944,23.3475945056339],[77.43401221359494,23.347545545123335],[77.43398424270677,23.34752997327867],[77.43392823293719,23.347515580385473],[77.43384409522817,23.34752427905955],[77.43378948258803,23.347511180267524],[77.43375590456162,23.347495585372236],[77.43372864120889,23.347369793131666],[77.43375701132847,23.34727500094822],[77.43378162472952,23.347244533885263],[77.43385486154135,23.347216869787058],[77.43393149490902,23.347199244107475],[77.43394552695933,23.347171139857227],[77.43392477747473,23.34712732582581],[77.4338859724856,23.347084938890557],[77.43385817804791,23.34707331221604],[77.43380108531186,23.34707821132332],[77.43374389551936,23.347107430800044],[77.43369929436813,23.34712133867867],[77.43363365556723,23.347119904497877],[77.43352654817186,23.347100293642608],[77.43346107685045,23.347111561051946],[77.43339145683427,23.347116412596954],[77.43332440627543,23.347099463422136],[77.43327999557619,23.34706601446263],[77.43321498359595,23.346963367459914],[77.43318854784286,23.34693619560587],[77.43315790831946,23.346939917422446],[77.43314248835901,23.34696673772469],[77.43315601740147,23.347064066724048],[77.43315572727546,23.34711295663209],[77.43313332542844,23.34714486905221],[77.43311238887203,23.34715886906664],[77.43308033659684,23.347167704496933],[77.43305114640515,23.34715735300831],[77.43302481122252,23.347129091708478],[77.4329752546391,23.34696361941042],[77.43294754771811,23.34693023505392],[77.43291558877733,23.3469160314239],[77.4328821447891,23.346924862512264],[77.4328625850638,23.346942706727717],[77.43283154335388,23.34704626350576],[77.43279508335489,23.34716083731386],[77.43279653578305,23.347218557238808],[77.4327771878438,23.347277586779377],[77.43273185944423,23.34731734721431],[77.432689857908,23.34733979176673],[77.43259427776331,23.347347410620195],[77.43249705590995,23.34733106241485],[77.43238427522958,23.34729548475887],[77.43234259946723,23.347253589281973],[77.43229942569621,23.347189525584504],[77.43228678170995,23.347139423094767],[77.43230369663563,23.3470651358091],[77.43234113317958,23.3470070866807],[77.43243816233206,23.34694263339119],[77.43249506591481,23.34688692168139],[77.4325035037118,23.346851362019493],[77.43247856388557,23.346790076563433],[77.43245228861267,23.346758618260722],[77.43235135211698,23.34669147046498],[77.43233819602698,23.346662876859618],[77.43231763299696,23.346578843538254],[77.43229041748225,23.346507932092248],[77.43227065654764,23.346497741305072],[77.43223892883613,23.346499544996934],[77.4321502770567,23.346541448375053],[77.43209406409632,23.3465568777933],[77.4320742029537,23.346553642686796],[77.43195632536427,23.34653444178117],[77.43186784136059,23.346496484865323],[77.4317812117881,23.346458600329797],[77.4316228016796,23.346431196652446],[77.43150387453288,23.34638536472093],[77.43140537961243,23.34633648147623],[77.43132555503833,23.3462733680495],[77.43130872952867,23.34622636483463],[77.43131266658028,23.346089961810566],[77.43134579108803,23.34589294931678],[77.43134042284025,23.34579419541985],[77.43131486250661,23.345753011394432],[77.4312810220557,23.34575039006491],[77.43126473384197,23.345760287769725],[77.43124013490034,23.345816219240145],[77.43118700150485,23.345849771447995],[77.43099591966089,23.345890121044242],[77.4308333671543,23.345906922749677],[77.43079384445612,23.345918132631475],[77.43076668881939,23.345936703296072],[77.43072979415587,23.34601997848673],[77.43069716675073,23.346052223797805],[77.43064128517408,23.34608454060648],[77.43057897523941,23.346090524728762],[77.43054379562534,23.346084163624234],[77.43048710898283,23.346039124060333],[77.43045614691816,23.34599418295597],[77.43041063637985,23.345845633960845],[77.43037842117218,23.345775787436644],[77.43030958875626,23.345700958620046],[77.4302655336462,23.34567106656358],[77.43019010078524,23.34565195860728],[77.43014621806881,23.3456547402191],[77.43008835154929,23.345675178970442],[77.430016449967,23.34572704732481],[77.42995736828023,23.34578388679037],[77.42992720661888,23.345799578250404],[77.42989723849657,23.345801429443505],[77.4298343440249,23.34578137145233],[77.4297745005938,23.345742829014252],[77.42972886320206,23.345681542711052],[77.42970895379105,23.345612089248764],[77.42971228736717,23.34557869011837],[77.42982439079331,23.345449166575126],[77.42985121510824,23.345385757182324],[77.4298541263331,23.345335628342887],[77.42984828287224,23.345316944891813],[77.42982553100322,23.345297418417257],[77.42977573702932,23.345273121839174],[77.42973745516352,23.345270911340442],[77.42962144111324,23.345298317318203],[77.42949756304137,23.345316003061285],[77.429394556834,23.345310866748157],[77.42932086589884,23.34529483771967],[77.42924729160559,23.345249743198472],[77.42912762930051,23.345156023806247],[77.42907238572644,23.345137644039035],[77.42899598140576,23.345140981102254],[77.42895501967213,23.34517352021661],[77.42887562362894,23.345265253962094],[77.42884638266582,23.345330537284124],[77.42881068317833,23.34540227386091],[77.42877279744066,23.345440674785305],[77.42872555997616,23.345458802691475],[77.4286542998987,23.34545659863672],[77.42853769990856,23.345435685591756],[77.42847227506037,23.345409991048857],[77.42841224057197,23.345373567064804],[77.42838918383154,23.345344709972704],[77.42839397886145,23.345305306032262],[77.42842130504388,23.34524490536086],[77.42846753623212,23.345195351281944],[77.4285007972189,23.345138401635346],[77.42850097473949,23.3450948243317],[77.42846649856534,23.34507475520486],[77.42839470621196,23.345070515007308],[77.42822946777474,23.34508968291152],[77.42812019305887,23.345070794843494],[77.42804704449713,23.345046740878207],[77.42800973597345,23.345038673555948],[77.42798957121623,23.345053121489688],[77.42796916459162,23.34512699469156],[77.42793158821321,23.34518495289796],[77.42786224375867,23.345246981675693],[77.42768811379239,23.345333464361623],[77.42758440805599,23.345335853900405],[77.42743373438827,23.345304894992957],[77.42736906132144,23.34527678857735],[77.42731323960064,23.345230351239984],[77.42719162060877,23.34509359775471],[77.42718456344944,23.345063196983034],[77.42719759079519,23.34503815739247],[77.42722641006357,23.345014497746046],[77.42737904719989,23.344971358013098],[77.42743116097644,23.344956173242494],[77.42755159691171,23.344920525363957],[77.42764815332222,23.344886368419864],[77.4277144256754,23.34483512278244],[77.42773908737367,23.344774472150956],[77.42774779188869,23.344691549407113],[77.4277333188754,23.344647708381014],[77.42763777808455,23.344475214736466],[77.42760088824073,23.344427857745274],[77.42745999153092,23.344320802592506],[77.42737467198764,23.344257519843048],[77.42721949106692,23.344149210700625],[77.42716398500643,23.344120142663787],[77.42706259263915,23.344098656555932],[77.42692582221602,23.34406140307416],[77.42682312645663,23.34402551027005],[77.42668088554836,23.34393052961556],[77.42663803516022,23.343912249804273],[77.42658950998829,23.343919928928877],[77.42653657831495,23.343959067835165],[77.42650922910595,23.344020601929888],[77.42649613159155,23.34408481264733],[77.42649143078926,23.34418840174676],[77.4264778244163,23.344377201923106],[77.42646039702089,23.344443029006538],[77.4264417007979,23.344480989027705],[77.42639162737713,23.34451882717179],[77.4262631934556,23.344535376406398],[77.42585880533599,23.344524209659482],[77.42584094212667,23.34461576464161],[77.42586658793974,23.34534338720493],[77.42595790226713,23.345926681337517],[77.42602473189356,23.34612969250222],[77.4260761859408,23.346285991951376],[77.4262244615077,23.34658751335671],[77.42627218073228,23.34682180391971],[77.42626779270512,23.347263270304023],[77.42616055444773,23.34751142871984],[77.42612345000805,23.347599658742705],[77.42608449041718,23.347673130192756],[77.42604888672038,23.34775492474792],[77.42600334551356,23.347859550785518],[77.42601709018192,23.34785476564939],[77.4260737810593,23.347855878537253],[77.42626109171805,23.347868566411293],[77.42643927868265,23.347865803770596],[77.42659878272956,23.347891180944107],[77.42682486214736,23.34795856768908],[77.42705596264423,23.348000557673057],[77.42717356424001,23.347983541714495],[77.42736930827058,23.347969311761283],[77.42743919765967,23.347964230360525],[77.42769999366664,23.3479804390605],[77.42742354381738,23.348513453258224],[77.42694290642184,23.349395106020896],[77.42677058702888,23.349734559743982],[77.42627846382341,23.350838521177366],[77.42613953615042,23.351477932850514],[77.42608641122943,23.352255025136166],[77.42612272377094,23.352402549817892],[77.42622469207339,23.352603993053886],[77.42650897569337,23.353015186754668],[77.42679813015748,23.35340958412961],[77.42688642986838,23.3535706340991],[77.4269774075609,23.35368685643959],[77.4270893738889,23.353766053722435],[77.42711420791525,23.35378361871326],[77.42729525697288,23.35393433167706],[77.42749937482336,23.353750562661805],[77.42756250869616,23.35369372201964],[77.42797131005659,23.353837389399793],[77.4281092685677,23.3538858729871],[77.42822591083603,23.353898393918172],[77.42851937026641,23.353818600354714],[77.42881590485662,23.35380484955442],[77.42897693859331,23.35380074856814],[77.42904989862127,23.353971589098844],[77.42909570233435,23.354142850885093],[77.42923513274778,23.354341321787675],[77.42929172757185,23.35446583928083],[77.4292966512762,23.354523087129184],[77.42926770359266,23.354638186360635],[77.42931644453738,23.354970626151058],[77.42935061175753,23.355142068866243],[77.4294155988845,23.355244832636288],[77.42947398844159,23.355311230203707],[77.42960669633996,23.355353595170378],[77.42975303178852,23.355377118715538],[77.43024030880444,23.3553709832813],[77.43058084806529,23.355404385987683],[77.43092406963437,23.355450699261517],[77.43111235174528,23.355483036223436],[77.43123051588572,23.355536169447298],[77.43150283008816,23.355573497644684],[77.43181282855939,23.355625766171613],[77.43192184557712,23.35565440295592],[77.43199428562868,23.355711365966318],[77.43210752449383,23.355962787698665],[77.43216421044326,23.356092079860677],[77.43249044656878,23.35660352330199],[77.43257217337067,23.356829160872344],[77.43262113627816,23.357031422050845],[77.43265366186398,23.357219012446716],[77.43270088196101,23.357325759700128],[77.43279735850173,23.357473541860134],[77.4325997522512,23.357631868241423],[77.43217698725628,23.357856393219443],[77.43199861433192,23.358005462680516],[77.4318766481441,23.358410419380743],[77.43183180149505,23.35861115418584],[77.43178048878461,23.35881198977102],[77.43181355119657,23.359560870649034],[77.43195438950733,23.360367789054454],[77.4320199119384,23.360945984283706],[77.43207317682959,23.361384044862607],[77.43211556586395,23.36158043797141],[77.43223264124315,23.361793582493487],[77.43240543876458,23.362047659873497],[77.43252273268213,23.36227274352042],[77.4326203403558,23.36245020413894],[77.43266359401241,23.362478984652718],[77.43271740648471,23.36251478962015],[77.43378466410816,23.36323556768668],[77.43426015796211,23.363772747456544],[77.43492971891813,23.363716465245847],[77.43589367865538,23.36404220258877],[77.43618199360687,23.36420350503998],[77.43660701982165,23.36444128701907],[77.4369298849834,23.36478020148805],[77.4372845747551,23.365840901310495],[77.43717226705053,23.366490413262067],[77.43679555167104,23.366411907530367],[77.43668342259983,23.366407484496314],[77.43659112347734,23.366386616187228],[77.43643909767488,23.36636499298387],[77.43633952609237,23.36635763546559],[77.43604116198631,23.366324971949798],[77.43583253208082,23.366297767581933],[77.43565014591837,23.366281066626875],[77.43543162428819,23.366258549103044],[77.4353289736021,23.366264688381257],[77.4352576800795,23.366254342033912],[77.43518748504647,23.366255551136277],[77.43509523967727,23.366246240258537],[77.43502396150271,23.366239747340654],[77.43466787119259,23.366211086213468],[77.43455366375511,23.366210521189437],[77.43439956678098,23.3661937197808],[77.43429057942127,23.366189284803518],[77.4341794743516,23.3661800389354],[77.43396622946148,23.366172012762537],[77.43381115568097,23.366170627519242],[77.43369689852106,23.366159466088185],[77.433622482299,23.3661539461914],[77.43348419404111,23.366157318329893],[77.43320912860794,23.36615057096134],[77.43303626575012,23.36615406246577],[77.43274975091832,23.36616179695303],[77.43255490844206,23.36617018131558],[77.43244598422164,23.366179229708873],[77.43231194164028,23.36619414599164],[77.43215436765328,23.366218820291746],[77.43204755081287,23.366230752182386],[77.43196067848771,23.36625031971624],[77.43191677507605,23.366272628512316],[77.43175656114782,23.366256099899577],[77.43173123867304,23.36629876109884],[77.43167000041218,23.36631969043878],[77.4316001141829,23.366326427377977],[77.43150998130248,23.366343872831827],[77.43146462661065,23.366358019815358],[77.43145250238997,23.366367654486723],[77.43144793395298,23.36638570857013],[77.43144339443445,23.366400145170292],[77.43144805336209,23.366495579065912],[77.43145017397957,23.366539825923137],[77.43145850541168,23.36660589736354],[77.43146928306122,23.366673795948792],[77.43149456013434,23.366773898115067],[77.43151002233334,23.366808821666144],[77.4315172634695,23.366826054510227],[77.43157650043464,23.366891357627953],[77.43162135378181,23.36694095961904],[77.43164131365658,23.366966873127495],[77.43164860943895,23.36697732394139],[77.43164213041632,23.366988129773507],[77.431575098643,23.367100914611417],[77.4315477706133,23.367136440322504],[77.43153285763117,23.36715668053626],[77.4314712166811,23.367209369853125],[77.43145136816315,23.367231836104448],[77.43142998221263,23.367262429043194],[77.43141351498353,23.36729260615659],[77.43140440040018,23.36732599918063],[77.43138348569524,23.36739028070795],[77.43137216620465,23.36745395264015],[77.43135214038901,23.367499025070295],[77.4313289876241,23.367534342071828],[77.43129245725777,23.367555574577892],[77.43120569968892,23.367578043297808],[77.43114849682193,23.367585597098614],[77.43114412491643,23.367591137688112],[77.43113444472166,23.36761096923154],[77.43112272120291,23.367670586350325],[77.43108765267613,23.367726057959835],[77.43105804794013,23.367747340387922],[77.43103457090635,23.367759908952852],[77.43102327337225,23.367765401375276],[77.43097568837578,23.3677610823468],[77.43096278285765,23.367750643700088],[77.43094221120636,23.36772422893841],[77.43091399904246,23.36767865648662],[77.43088060388642,23.367631454729864],[77.43085517988976,23.36761654736786],[77.43082837303243,23.367612377221075],[77.43078595697928,23.367611280509927],[77.43069839564984,23.367625782520445],[77.43058998841141,23.36764889252699],[77.43052032469751,23.367679466182757],[77.43045253893443,23.367711621671347],[77.43043595174899,23.367729015493484],[77.43042454094709,23.36774883425469],[77.43039539343114,23.367821860494626],[77.43036073854617,23.367934647879252],[77.4303373522909,23.36797643019576],[77.43032246540557,23.367997816568646],[77.43031117805415,23.36800171606438],[77.43024352406773,23.36801715562382],[77.43020186697684,23.368029596347586],[77.43019227525788,23.368038283912682],[77.43017380566621,23.368074768640728],[77.43015871883985,23.36812162615175],[77.43015989195936,23.36819247958038],[77.43015530586007,23.36822508261534],[77.43012979837005,23.36827584637638],[77.43010290503548,23.36830786784778],[77.43006869931057,23.36834392542457],[77.43004807254408,23.36835042531977],[77.43004079635428,23.368356509052305],[77.43003626707464,23.36836670157776],[77.43002927565057,23.368407041784437],[77.43000898299404,23.36844166463198],[77.42999383229018,23.368458940133014],[77.42997038171306,23.368471043616957],[77.42995313007138,23.368472454215897],[77.42993755646883,23.36847285563794],[77.42992421118787,23.368472760451446],[77.42991256174827,23.36846909896078],[77.42990484956808,23.368459841586056],[77.42990105045085,23.368448055063062],[77.42989226439389,23.36843367729832],[77.42988125280719,23.368419794194136],[77.42987178346925,23.368421772243853],[77.4297944731266,23.368514053915558],[77.42966088233719,23.368673515557493],[77.43101076454667,23.36937482034899],[77.43193221371398,23.37018978182628],[77.4334645235662,23.371570001285374],[77.43408884253478,23.371924291612903],[77.43488080739583,23.372504309376108],[77.43636040775733,23.373862468476023],[77.43638506225473,23.373923414175742],[77.43638520011588,23.37395277220188],[77.43638530449117,23.37397517552309],[77.43636945356491,23.37399995276146],[77.4362873434172,23.374074840247665],[77.43625806507649,23.374103527970824],[77.43626062535562,23.374112016626423],[77.43634166162293,23.374189762121784],[77.43635606052067,23.374213660811012],[77.4363570048435,23.374236061539307],[77.43635124136496,23.37426157646756],[77.43633957039451,23.374281704727366],[77.43632368439197,23.374298756298476],[77.43630356974461,23.374310415169337],[77.43627085158197,23.37432211946765],[77.43625321269533,23.374323725027544],[77.4361957417316,23.374320919865784],[77.43614524235902,23.37430410083873],[77.43608456914946,23.37426800312321],[77.43602983223482,23.374243472383384],[77.43601641557969,23.374249699917776],[77.43600051167046,23.374262890885742],[77.43598712734494,23.374276070501708],[77.43598721730666,23.374295384127237],[77.43599329498288,23.374337081841926],[77.43602041985451,23.37438720355609],[77.43610387055823,23.37458762463161],[77.43614383971811,23.37468869038465],[77.43616432168572,23.37475583128977],[77.43616202426423,23.37480373907816],[77.43615883188275,23.374840060628355],[77.4361237493947,23.37491553677509],[77.43609208440954,23.374972818653525],[77.43606622868049,23.3750146274394],[77.43604867518285,23.37503477492009],[77.43603363989529,23.3750541427541],[77.4359877710795,23.375144308899266],[77.43597944002336,23.37515978988191],[77.4359813332976,23.37520536486973],[77.4359781274885,23.37523859666537],[77.43597498288949,23.375284961762926],[77.43597691580254,23.375339035032166],[77.43598807200189,23.37538843906532],[77.43601630616786,23.37547989088934],[77.43602990298677,23.37551229056633],[77.43602918915127,23.3755393333068],[77.43602840224433,23.37555092394999],[77.43602265773414,23.375580302109586],[77.43600202903515,23.37566149325972],[77.4359881325546,23.37574497971807],[77.43598753293871,23.375796742918176],[77.43599284244839,23.37581957716209],[77.43604780432229,23.375892004067715],[77.43610609459992,23.375957467524106],[77.43618295402305,23.376040635453247],[77.43629794056253,23.37616501769692],[77.43636208922942,23.376225052243004],[77.43637982197403,23.376243531071072],[77.43637903710818,23.37625512249681],[77.43637822508263,23.376261306360224],[77.43636989760765,23.376277559129502],[77.4363591575444,23.37631699750733],[77.43632918052455,23.376375817770334],[77.4362750338031,23.37647798618696],[77.43625428540058,23.37653368348521],[77.43625778409547,23.376563029288043],[77.43626310708511,23.376583468021778],[77.43628675209115,23.376608106092675],[77.43632211879489,23.376623433854782],[77.43637257587521,23.376630981636108],[77.43645588883321,23.37665618476761],[77.43648960088765,23.376676925346796],[77.43651503143562,23.37672396232211],[77.43655648255297,23.376782531193143],[77.43664911003265,23.376967336654605],[77.43670086905661,23.377073767612714],[77.43673134592976,23.377121559605357],[77.43674819300105,23.37712999821534],[77.43677092255011,23.377138416664312],[77.43679565822696,23.377146310098592],[77.43690242647612,23.377155206512036],[77.43697057348594,23.377171963608046],[77.43699918443951,23.377180360115723],[77.43704046988366,23.377203392193604],[77.43709866479321,23.377247996033727],[77.4371582198519,23.377308066255484],[77.43729030749374,23.377426068704562],[77.43740161830034,23.377527570632992],[77.43743575840595,23.377568147660234],[77.43752754225875,23.37787322136949],[77.43755978174116,23.37799135301981],[77.43762630966052,23.378285984823705],[77.43778131586505,23.37897245334973],[77.43715715250286,23.378798748739722],[77.43639242939031,23.37840940146424],[77.43588918186765,23.37805610313015],[77.4353586961826,23.377571381724408],[77.43501581582949,23.377158257812074],[77.43435848352846,23.376188253118745],[77.43413387551516,23.375790482273143],[77.43380742822742,23.37525671859502],[77.43355251696913,23.37489954473723],[77.43327246068257,23.374525564686298],[77.43296063533361,23.374111951472866],[77.43261240096862,23.373744763089174],[77.4319868387311,23.373152591318096],[77.43109856827472,23.37245558563488],[77.43002678942707,23.371910469119552],[77.42918299142701,23.37160829866467],[77.42857561478407,23.371331111267175],[77.42801127721668,23.3710303245335],[77.42716571363032,23.37063071695327],[77.42586208689623,23.36996878843332],[77.42486990069094,23.369359341121104],[77.42404772915764,23.368879098569085],[77.42369055628897,23.36870119735668],[77.42335873545996,23.368551564342507],[77.42274136397478,23.368406354601117],[77.42203802356863,23.368314065403723],[77.42150985090588,23.36829358355405],[77.42137819726467,23.3682849727407],[77.42137399914482,23.368328855700998],[77.42137014886217,23.3683690921683],[77.42117118116562,23.368952582525782],[77.42085920046081,23.36972412820371],[77.42078928157554,23.37014797825822],[77.42068784969545,23.370973587895346],[77.42067237881777,23.37140376150528],[77.42058932913164,23.372386729699237],[77.42036499225075,23.37285596346859],[77.42025973719984,23.37304389793656],[77.4202478615046,23.373244716802454],[77.42016627630005,23.37345378119428],[77.42022040596193,23.373868958944954],[77.42022238417356,23.373899319067853],[77.42013652769278,23.374220530640606],[77.420105474937,23.374337326175272],[77.42010983732375,23.374376017361772],[77.42015761736953,23.374628989307602],[77.42021127524532,23.37483086083735],[77.4203014721915,23.3750848977004],[77.42030605424584,23.37512696251908],[77.42027926251853,23.375196130978658],[77.42018813108116,23.375436386941605],[77.42011893666552,23.375702523643223],[77.42004703860128,23.37587063724412],[77.41994765624861,23.376069029169294],[77.41993517686082,23.376103563275105],[77.4199255971635,23.37612609157074],[77.42005230745605,23.376686185894716],[77.42015103363099,23.377127636672],[77.42015171252591,23.377134169254756],[77.42017079105159,23.37731782108235],[77.42017716540452,23.377415644276077],[77.42018544912581,23.377486280305337],[77.42018896099954,23.37760328638351],[77.42018952716535,23.37762215065263],[77.4201917383052,23.377695820119353],[77.42018965623893,23.37774240923271],[77.42024489516015,23.377747916300933],[77.42061738059598,23.37774214897981],[77.42247945297018,23.378148971040613],[77.42349389498096,23.378385475256646],[77.4239355210147,23.378539136045603],[77.42420923565838,23.378565465056234],[77.42505360916071,23.37901096310796],[77.42564200866826,23.37904004940101],[77.4258307722527,23.379101604433593],[77.42595185230165,23.37922864140166],[77.42617276593798,23.379476773169163],[77.42628478052993,23.379572403647668],[77.4263860006994,23.3796351715782],[77.42659078588922,23.379750915555157],[77.42681015860178,23.379851647532288],[77.42701156358453,23.379931207622892],[77.4272291155413,23.3800172681391],[77.42733842137363,23.380054800297128],[77.4276328152384,23.380187992222016],[77.42783936842882,23.380280888035976],[77.42794601100171,23.380327106031235],[77.4279479145535,23.3803281862015],[77.43008795906167,23.381541993317185],[77.43047536676112,23.381724756775025],[77.43100113971299,23.381887829635996],[77.43111044813328,23.38193128205007],[77.43148161411949,23.38195529299194],[77.4317661309275,23.382008534003354],[77.43187088307592,23.382057042504687],[77.4320356687928,23.382229431259603],[77.43234082325775,23.38256698252453],[77.4326997868532,23.38290145497558],[77.43284926918301,23.383056502580786],[77.4328912417835,23.38306999087846],[77.43311045721593,23.383063549718496],[77.43327402972001,23.38305879044679],[77.4337558512304,23.383073266716412],[77.4340284605265,23.3830762193399],[77.43412360936519,23.383080462550208],[77.43437570166257,23.38314737577857],[77.43495937532587,23.383297673632853],[77.43501046166952,23.383301047608295],[77.4354343306931,23.383443342367848],[77.43554379946835,23.383488331509067],[77.43559389787795,23.38351511299516],[77.4356236025104,23.383507889047422],[77.4358294861724,23.38343729009837],[77.43591645146405,23.38341114081527],[77.43617943574296,23.383320073780787],[77.43645247920908,23.38322813965901],[77.43652273656839,23.383220531884717],[77.43671135865583,23.38322916075866],[77.43691455697059,23.38326451941546],[77.43761448839457,23.38339390888699],[77.43806228609859,23.38348904423627],[77.43837169833434,23.38355412118904],[77.43856430535303,23.38356862321503],[77.43901121661058,23.383539444616805],[77.43927260104024,23.383515369829063],[77.43945057337626,23.38348604033014],[77.43954607754628,23.38346070791495],[77.43976097255948,23.383527706744722],[77.44020401887995,23.38365900658436],[77.4403857968571,23.383716420214814],[77.44066844670651,23.383800901797542],[77.44082198052537,23.383846754278654],[77.44107645756115,23.3839294216759],[77.44110190728559,23.383937689443623],[77.44131999956433,23.384002856776913],[77.44173529754819,23.384176968679014],[77.44197745552809,23.384278930354515],[77.44225529346132,23.384382482786503],[77.44272617556811,23.384537807858436],[77.44299255694423,23.384678106171695],[77.44320449972331,23.3848153228041],[77.44363546750695,23.38510935767235],[77.44367566637,23.38513854374954],[77.44395883752516,23.38532714798578],[77.44417375971712,23.385443893549382],[77.44451957387895,23.385583562229783],[77.44485189502772,23.385657535843226],[77.44505509871884,23.385685532740023],[77.44536917351033,23.385729980552384],[77.44550689243114,23.385786520371248],[77.44572490037226,23.38587325778169],[77.44590622574455,23.385954380655637],[77.4459188478694,23.38596002721039],[77.44607975934052,23.386067394712597],[77.44612285459444,23.386496360311156],[77.44613646607168,23.386786586939596],[77.44607543681049,23.38707033853735],[77.44599799102903,23.38736199096201],[77.44578908116262,23.387709201961133],[77.44557076973837,23.387995415840138],[77.44535273784525,23.38829691068159],[77.44516024107105,23.388636221926575],[77.44499047239157,23.388860529883267],[77.44484525576691,23.389069165930394],[77.44450964415266,23.389280782787456],[77.44397519437327,23.389893257278572],[77.4433642110823,23.389171934872216],[77.4428808152351,23.38905767865797],[77.44205463669203,23.388877124714323],[77.44159053341261,23.388827052470237],[77.44128256692625,23.388683777884214],[77.44098942088635,23.38850205498815],[77.44022364697186,23.387663710843576],[77.4397000604798,23.38733272009474],[77.43922207759361,23.386948468455145],[77.43866455592871,23.386742203903577],[77.43758614182504,23.38661183769724],[77.43664359516801,23.38631513584207],[77.43577682144392,23.386352107549357],[77.43566158442502,23.386387609050235],[77.43543967483026,23.386455972227957],[77.43500329455635,23.386595844894973],[77.43485901294987,23.38663208044312],[77.43481683704293,23.38663571256623],[77.43471423260179,23.38671767365764],[77.43456781229214,23.386859527488188],[77.43428446799054,23.386946852113773],[77.43425609895074,23.38694079322122],[77.43411779482092,23.38687277901022],[77.43400018811994,23.386852342345854],[77.43390099452745,23.386859184211406],[77.43386128154911,23.386826758979858],[77.4338162147745,23.38678996328885],[77.43373245182482,23.38681224050646],[77.43335513767406,23.38691259291179],[77.4326788265435,23.387280708547543],[77.4316776326622,23.38802197960436],[77.43157656444374,23.388080813618416],[77.43130697762656,23.38819415667432],[77.43053011162817,23.388528673121623],[77.42991609323835,23.388765201951067],[77.42928809173901,23.389009734387848],[77.42928470359671,23.389058102823547],[77.42910727758697,23.389141650010377],[77.42901178264451,23.389226134574532],[77.42896868932674,23.38934622998247],[77.42905810075976,23.38963743168971],[77.42901468096679,23.389739618474994],[77.42895164117883,23.389830166959914],[77.42895349273681,23.38993164992244],[77.42898757201905,23.39002666041709],[77.42904040025851,23.390085552165527],[77.42906121781051,23.390162854329283],[77.42904312303027,23.390234791221868],[77.42899334399688,23.390343047228445],[77.42896362198755,23.390486819954592],[77.42896151087014,23.390725702497477],[77.42887543251172,23.3909718625869],[77.42879625872477,23.39124180096746],[77.42880555693755,23.3913969089392],[77.4289248024754,23.391550308349455],[77.429103343258,23.391762498115806],[77.42931313284512,23.391914489786792],[77.42936123740066,23.39206899444129],[77.42956434288472,23.392209146943436],[77.42970211981681,23.39231448683962],[77.42986402367039,23.392323912648948],[77.43005190593226,23.392338903573176],[77.43007973760609,23.392445953339983],[77.43016544934078,23.392534189544552],[77.43041121180039,23.392530367270723],[77.43059217741609,23.392565121829506],[77.43074272789723,23.39266130554987],[77.43096131375151,23.393117691460446],[77.43112016720129,23.393491408197814],[77.43119134742257,23.39366943880694],[77.43122991724722,23.39383304862711],[77.43124886546249,23.39398502068482],[77.4312612845127,23.394135565931315],[77.43126776230913,23.394249790490587],[77.43126683217584,23.39434056832631],[77.43123003390915,23.394451011342692],[77.43119279797679,23.39453757695718],[77.43117454435584,23.394671616606868],[77.43069282122673,23.39436621836831],[77.4304400934617,23.39427222157545],[77.4302125235798,23.394280538152785],[77.43007658762465,23.39434714187551],[77.42985506366018,23.39440313464691],[77.42965827720532,23.394396640616662],[77.42893286593642,23.394350594700906],[77.42862102906736,23.39427901076681],[77.42817606296148,23.39428592607321],[77.42740082819185,23.39434574285945],[77.42677994300112,23.394355387413423],[77.42585261887453,23.394589530847625],[77.42519312382508,23.394752634018975],[77.4247753390339,23.394831250500253],[77.4243581556202,23.394857788543057],[77.42409806182825,23.394899085726127],[77.4240193420418,23.394924669103304],[77.42394941391254,23.39496408940313],[77.4239052809066,23.395027472447996],[77.42385215467135,23.395129808583846],[77.42376878325297,23.39516991551519],[77.42367549163335,23.395198233555487],[77.42352393785016,23.395224468865226],[77.42342127065753,23.395270846577276],[77.42315185867172,23.39539743592102],[77.42300984245588,23.395414566394738],[77.42270662543157,23.39546106851171],[77.42218600683121,23.395648278353068],[77.42140080984352,23.39587243090238],[77.42110438385866,23.395936737569105],[77.42078306413548,23.396055170336613],[77.41956223640088,23.396515956976142],[77.41920395304952,23.39673647248094],[77.4177961994626,23.397235967493636],[77.41746894791433,23.39738434393637],[77.41591110111283,23.398169782713705],[77.41532417311126,23.398447565451335],[77.4151953057596,23.398476429534934],[77.41363856773492,23.39932452797744],[77.41276713953778,23.399799936609803],[77.41275076039632,23.399865608710133],[77.41267185469795,23.400135646354485],[77.41262584029218,23.400307140668836],[77.41258188509694,23.400467916388703],[77.41254395210747,23.400600548998405],[77.41252370333929,23.40067134617996],[77.41249953881434,23.400759150184143],[77.41234222866188,23.401330762236164],[77.41222269178934,23.402445658848045],[77.41202138312379,23.403332521784172],[77.41213084405547,23.40409000642263],[77.41219770373462,23.405456281681943],[77.412221450645,23.406069648627533],[77.41220254258488,23.406419536132383],[77.41233616589243,23.407753704514402],[77.41228648272626,23.40826332661764],[77.41217977639722,23.409574015896506],[77.41222111538355,23.410925146407326],[77.41199728809596,23.412038138975742],[77.41188220836395,23.41282812721411],[77.41181064907066,23.413163626294924],[77.41170157631741,23.413571358968657],[77.41162871757518,23.413835222429686],[77.41157796074151,23.41416405060939],[77.41158511099938,23.414541440047874],[77.4112402908397,23.41460394717561],[77.41077795152378,23.414734981359523],[77.41045043028771,23.41489728956492],[77.410063896938,23.415222523312778],[77.40925640278512,23.415682913960833],[77.40843246574582,23.416091136233458],[77.40747344527485,23.416453786369704],[77.4070332959223,23.41667024152396],[77.40660424552661,23.41692941108597],[77.40626914737346,23.41724431445145],[77.40618913810786,23.417388502975186],[77.40584233432209,23.417627342765073],[77.40484751167527,23.418295502372406],[77.40419441499664,23.418729664435197],[77.40376380100136,23.41890307714635],[77.40364860156588,23.41910022382508],[77.40356282340788,23.4192017274091],[77.40269542303352,23.41949471457005],[77.40211823187714,23.41974967527039],[77.40139663762751,23.420062783350787],[77.40086188840168,23.420393401792257],[77.40034399311334,23.42073874601705],[77.40011218884375,23.420802022512085],[77.40003315871614,23.420904750985457],[77.39992970849302,23.421088466867804],[77.39957800635175,23.421499923626506],[77.39944830078136,23.421663144214605],[77.39936571480665,23.421568871673585],[77.39907488616129,23.42105084950793],[77.39887386635148,23.420847927332883],[77.398677427714,23.420719576826297],[77.39855812861364,23.420742309546963],[77.39847160506478,23.4207884241161],[77.39836049805277,23.42090657205049],[77.39826658570898,23.421081183622608],[77.3982379028291,23.421284650003557],[77.39809094749482,23.42138841965087],[77.3979098145914,23.42139120251387],[77.3976754220677,23.42131120427915],[77.39747919931592,23.421194790854504],[77.39685421526211,23.420266887156334],[77.39672990641454,23.420191168290035],[77.39643891117392,23.420201606785604],[77.39603858863596,23.420249551125618],[77.39587783360669,23.4203057600313],[77.39551458874726,23.42061587347681],[77.39476922370153,23.421266243922425],[77.39428112655939,23.42147078454003],[77.3939508846396,23.421457936081417],[77.39367854003997,23.421426283968767],[77.39355784991608,23.42155154218633]]]},"properties":{"objectid":1,"name":"Planning Boundary 2031","statename":"Madhya Pradesh","state_code":23,"city":"Bhopal"}}]}