{"type":"FeatureCollection","features":[{"type":"Feature","geometry":{"type":"Polygon","coordinates":[[[77.45134900220948,23.2111391641872],[77.45102265112335,23.21116528410905],[77.45106676117221,23.214727143206417],[77.45108896713742,23.216447327438658],[77.44196668459173,23.216123338393672],[77.44143587816379,23.21610741875581],[77.44143647997326,23.216104866023514],[77.44143649199044,23.21610481068441],[77.4424328119227,23.21185316182315],[77.44291142202141,23.209849281335746],[77.44397063192501,23.205403003948366],[77.44749057413162,23.193182950571803],[77.44837007873505,23.190131685620127],[77.44835586319428,23.190130091067665],[77.4483565829338,23.19012754903445],[77.44319914087757,23.189551403708364],[77.44319837333826,23.189551335808613],[77.44220383819271,23.189439733054616],[77.44102461013225,23.18935123869138],[77.43974942726207,23.188813319900287],[77.43910560761461,23.188475464346862],[77.43825715405943,23.18802534401142],[77.43781671702106,23.187977906747292],[77.43645104743618,23.187784232874414],[77.43408865937802,23.187576374564006],[77.43386470727204,23.18755225367071],[77.43377261692952,23.18753196391318],[77.43346629384446,23.187464469771513],[77.43296798368173,23.187371956732488],[77.43241921279154,23.1871617002592],[77.4321816219839,23.186919904438792],[77.43170854442164,23.186551953794773],[77.43147515822947,23.186417388987568],[77.43080443732796,23.18613564383066],[77.43049535933358,23.186085183283947],[77.43008956313481,23.18619031083361],[77.42956391956214,23.186442619672942],[77.42919596977671,23.186713851775366],[77.42889530243761,23.187094417110814],[77.42865771065728,23.187481291426437],[77.42814258061398,23.188246626929445],[77.42781977651228,23.188742124741864],[77.42746134671971,23.189272681935154],[77.42720273076719,23.18962170918855],[77.42678011365568,23.190120018780046],[77.42612831621615,23.19069822736275],[77.42603007588099,23.190777636643066],[77.42587600810737,23.19090217558226],[77.42577928871502,23.190963150922695],[77.42548913369113,23.19108089519317],[77.42502656768262,23.19123228002817],[77.42465020812527,23.191295357292695],[77.42385122974814,23.19141940946001],[77.42349589566615,23.191522434915623],[77.42305015005648,23.19158761512653],[77.422307022846,23.191718047576654],[77.42217353145402,23.191834148716126],[77.42194345254921,23.192024069459677],[77.42122139024085,23.193686290678396],[77.42120907813961,23.19371423712168],[77.42120876964927,23.193715343088815],[77.42119283776061,23.193752020045793],[77.42071983403932,23.19542660734241],[77.42040856069742,23.19600229190961],[77.42008153548335,23.196311738991593],[77.41939366918294,23.196612575565524],[77.41887484062934,23.19674994812013],[77.41852223927583,23.196843307202535],[77.41798288188208,23.196981388109975],[77.41771280535073,23.197038239301687],[77.41701773195764,23.19720246875296],[77.41690132509352,23.196928864175163],[77.41695367964563,23.195784702807988],[77.41703790708803,23.194730999376443],[77.41706251437292,23.19443835995877],[77.41706228061805,23.19435543161925],[77.41708994938784,23.193663932029988],[77.41711730421785,23.193095074863898],[77.41711642088076,23.19300233170816],[77.41712347340636,23.19282607484241],[77.41710953652068,23.1922795877124],[77.41710669181064,23.19198093658385],[77.41719594633287,23.191479189184136],[77.41729367043388,23.190980022352853],[77.4173232225993,23.190626413090186],[77.41734393690858,23.190431887733588],[77.41734050786866,23.19041960193475],[77.4173422514681,23.190398752168328],[77.41722020532711,23.189988526709907],[77.4171465649229,23.18972465928291],[77.41753410755612,23.189747753239228],[77.41777705305624,23.189730997630008],[77.41799905366204,23.189689111083954],[77.41816660228616,23.189663978770504],[77.41838022597138,23.189668167239976],[77.41854358541136,23.189697487982723],[77.41865668005688,23.18975612998958],[77.41872788844864,23.1898147721119],[77.41883679373299,23.189932055300925],[77.4189666442217,23.190087036953564],[77.4190262940413,23.19014447804593],[77.4190797392674,23.190195944220658],[77.41920121081522,23.190288094834475],[77.41931430627167,23.190309038646006],[77.41943996661472,23.190283906212045],[77.4195404958216,23.190233642177013],[77.41974045914661,23.190147943174257],[77.41974574273436,23.190145678806864],[77.41975013686441,23.190144720267874],[77.41997612054404,23.19009541486859],[77.42012272638603,23.190057715570507],[77.42023582137014,23.19002839580968],[77.42058348312621,23.189915301027927],[77.42077865120245,23.18981870239242],[77.42099816374142,23.189710054125978],[77.4211447685861,23.18960533694844],[77.42133744902621,23.189609524831923],[77.42146310978507,23.189626279761818],[77.42155845141544,23.189638198208147],[77.42159714913295,23.189643034846963],[77.4217102434724,23.189638846025982],[77.42183171608863,23.189580204035163],[77.42195737720088,23.18950899667343],[77.4221835665017,23.18922835362142],[77.4223533219018,23.188911645799394],[77.42246420972056,23.188704765581775],[77.42279930598157,23.188151857098507],[77.42297646835961,23.187993773915395],[77.42307157063573,23.18790891346759],[77.42318047848238,23.187712044367743],[77.42319723233733,23.187565438649777],[77.42318047830084,23.18734762701585],[77.42305900478266,23.18707117172119],[77.4229333444049,23.186886870003708],[77.42264432355728,23.186874302997207],[77.42246190921045,23.186890886555382],[77.4220914150206,23.187046040287246],[77.42193224510062,23.1871591353856],[77.42181077234052,23.18720521054681],[77.42171862084598,23.18724290929644],[77.42158039419795,23.18728060685945],[77.42150119245684,23.187280606889527],[77.42145164157125,23.187280607441828],[77.4214296010448,23.187280607352324],[77.42134163826975,23.187205211430566],[77.42131650636895,23.18708373801681],[77.4213117151088,23.187066970305704],[77.42126914277638,23.18691796789895],[77.42126624073805,23.186907812806965],[77.42134582597781,23.186669057217017],[77.42143378900843,23.186530830293993],[77.42155526233454,23.18643867794926],[77.42167254465463,23.186400979728454],[77.42182333792613,23.186346526788174],[77.42201307795293,23.186314903819053],[77.42215005701424,23.1862920739865],[77.42233854927085,23.186208299771238],[77.42241813390973,23.186149658279806],[77.42242276762168,23.18614475083751],[77.42256055004027,23.185998865120037],[77.42256427218898,23.18599378983883],[77.42265270113178,23.185873203554046],[77.42272390853698,23.18575591962694],[77.42280349449754,23.18554648461433],[77.42280349531822,23.18543757900659],[77.42274904110607,23.185257464803016],[77.42253673603193,23.185108345378975],[77.42231760456058,23.184960066856373],[77.4221081696429,23.184708745010482],[77.42203696192846,23.18448674429829],[77.42206463614721,23.184395583090218],[77.42207321705062,23.18436731525028],[77.42210816959137,23.184252175678978],[77.42221288837568,23.18412651508923],[77.42237624704072,23.18406368532589],[77.42270296590175,23.183975721619667],[77.42287889081874,23.18394640126205],[77.42300036445658,23.183958967091673],[77.4231511565537,23.184005043412903],[77.4232768183308,23.184076251143942],[77.42336976076714,23.184180812111475],[77.42353232862997,23.184340139075427],[77.42365380145628,23.184382025730105],[77.42375851808647,23.184394592162583],[77.42397214228178,23.184373649246442],[77.42411874725674,23.184310818007695],[77.42419414344451,23.184214477893377],[77.42421508678856,23.18403017459075],[77.42423184173745,23.183866815884887],[77.42425920210069,23.183663135237317],[77.42426953986912,23.183586173313024],[77.42431561636437,23.183498209774918],[77.42446222021422,23.18335579379328],[77.42459207014416,23.18325945358475],[77.42475124103834,23.183242698900294],[77.42502939221446,23.18324017143675],[77.42521199790396,23.183238510755466],[77.42539211204016,23.183200812211844],[77.42555965966433,23.183137982440353],[77.42570207588247,23.183050019340403],[77.42570857906861,23.18304091375579],[77.42573761098198,23.183032397424263],[77.42587381280018,23.182890848020413],[77.42590732230612,23.18281964087886],[77.42594502133001,23.182668846573613],[77.42596421804811,23.18247687361896],[77.42597015270859,23.182417524680517],[77.42594083170147,23.182287675322637],[77.4259575871156,23.182199712765172],[77.42607068195352,23.182061485711124],[77.42614188964332,23.181960957333562],[77.42641415474299,23.181772465205857],[77.42641861988014,23.18177019373911],[77.42665291066807,23.181650992933047],[77.42677857162599,23.18155465337045],[77.42690842190963,23.181571408138726],[77.42708434705142,23.181625860561972],[77.42725189531757,23.18167193599212],[77.42736498977985,23.181722200945558],[77.42752416111357,23.181726389351578],[77.42767495392458,23.181709634731284],[77.42786763425336,23.181625860643276],[77.42801005049039,23.181550464147925],[77.42815887497686,23.181473394165845],[77.42824461835895,23.181428992420297],[77.42829714467881,23.18140564641697],[77.42835771288468,23.18137872694976],[77.42848756219468,23.181320084994653],[77.42855876982368,23.181261444254574],[77.4286257885405,23.181123215757584],[77.42874726190412,23.18084257342744],[77.42878279125833,23.18077151633427],[77.42880590420135,23.18072529028269],[77.42890224437136,23.180608005656207],[77.42908654723657,23.180486533768605],[77.42934205746258,23.180352495060543],[77.42953473839883,23.180239400270445],[77.42964029280104,23.180186622582223],[77.42975565615471,23.180105012314],[77.42983213542448,23.180050908637064],[77.42993685282578,23.179887549574715],[77.42995217021799,23.179845133840384],[77.42999130572932,23.179736755695746],[77.42999669110785,23.17968291198894],[77.43000387195255,23.179611094961018],[77.42995360834135,23.17953150999376],[77.42981956923178,23.179447736089784],[77.42978886473063,23.179430987579966],[77.42972741772479,23.17939747196519],[77.42962688875939,23.179334640661846],[77.4296205792541,23.17933013415841],[77.42953892613178,23.179271810224705],[77.42940488782257,23.179221545596505],[77.4292708487482,23.17917965921752],[77.42912005601772,23.179066564122977],[77.42908654665925,23.17896184740701],[77.42908654694564,23.178917033740586],[77.42908654721526,23.178911581745194],[77.42911586658208,23.178844563349298],[77.42919126374666,23.17874403364428],[77.42922412183043,23.17869269441092],[77.42925828265517,23.178639316971555],[77.4292834161094,23.17853878768757],[77.42934624598495,23.178367051391493],[77.42942583061021,23.177977502457953],[77.42943002034018,23.17796493626432],[77.42944258572547,23.17794399189125],[77.42950122810862,23.17772617959425],[77.42956824727051,23.177604707175966],[77.42961013447058,23.177508366878044],[77.42969809657677,23.17743715933144],[77.42973018049368,23.1774138246417],[77.42979024836015,23.177370139560225],[77.43000806144327,23.17729893182878],[77.43027194912301,23.177252856419134],[77.43055259236993,23.177181648302287],[77.43087002865894,23.17710718837102],[77.43089187749165,23.17710206324784],[77.43122928954153,23.17694377037663],[77.43123116202057,23.17694289295765],[77.43153693660389,23.176758589982764],[77.43171286179965,23.176720890988175],[77.43189297558288,23.1766790039885],[77.43215686479392,23.176649683173867],[77.43241656408694,23.176603608120196],[77.43243582701338,23.176600950662028],[77.43253803595138,23.176586853144794],[77.43264725603204,23.176548863404765],[77.43273071706975,23.176519833773977],[77.43280230146921,23.176434828376497],[77.43286475525046,23.17636066268424],[77.43291083100146,23.176184737755836],[77.43291090813754,23.176182733383673],[77.43291342548348,23.176117280071164],[77.43291920807343,23.175966925410012],[77.43284800001102,23.175665339025752],[77.43283910528028,23.175651105540176],[77.43283231090203,23.17564023557838],[77.43276422621625,23.17553129966897],[77.43259248974812,23.175384695719472],[77.43249181515358,23.175341161375517],[77.43243750796876,23.17531767580532],[77.43234535628208,23.17523809106186],[77.43229090251154,23.175233901799945],[77.43209403365721,23.174923937796827],[77.43194743029554,23.174676804640722],[77.43193319856384,23.174639646245772],[77.43187203326877,23.174479935695203],[77.43182176941343,23.174345898066658],[77.43172714709961,23.174125114829653],[77.43170867396184,23.17408200879315],[77.43167935250287,23.17393959371488],[77.4316793532732,23.173890336039925],[77.43167935345419,23.173797177681056],[77.4316416540675,23.17352072401971],[77.43164165414548,23.17345370383242],[77.43171631505976,23.173274517835345],[77.43172542833591,23.1732526470483],[77.43174780117033,23.173235643037497],[77.43193486306504,23.17309347571214],[77.43202282603808,23.173043212214623],[77.43213173174061,23.172963626016355],[77.43240399790919,23.17244422697129],[77.43272652763528,23.171987659263202],[77.43289826527072,23.171815922206914],[77.433023926055,23.171715393104872],[77.43317053006932,23.17150595785182],[77.43327742077358,23.171376952669345],[77.43329200283718,23.171359353919268],[77.43341766363348,23.171271390742742],[77.43348049419555,23.171250446918197],[77.43358102309887,23.17124625937407],[77.43371087294005,23.171237881062375],[77.43388679813629,23.171279768308164],[77.4340543456798,23.171359353595605],[77.43414230910446,23.17138867523945],[77.4341814763047,23.171398465714187],[77.43427634819149,23.171422184085742],[77.43437268751636,23.171422183875446],[77.43448578332503,23.171443127607347],[77.43470359532786,23.17146826030966],[77.43538635269466,23.17149758130043],[77.43565861903426,23.17150595765466],[77.43576246497427,23.1714997266254],[77.43586411998245,23.171493628095284],[77.43586805365065,23.171493391626935],[77.43603979130765,23.17146826011758],[77.43622828206433,23.171417995196055],[77.43634024400663,23.17136790694603],[77.43638745267106,23.17134678833582],[77.4365131135568,23.171258824873973],[77.43662620885958,23.17118761721941],[77.43675605893941,23.171066145065197],[77.43684394563016,23.170975118586558],[77.43689847483022,23.170806444801762],[77.43690271716846,23.170741747008773],[77.43691009406272,23.17062925641728],[77.43691522853206,23.17055093408415],[77.4369068515929,23.170383385929842],[77.43683983285692,23.170274479736676],[77.4367141716581,23.17014044213868],[77.43660945405452,23.17006923385503],[77.43656641561164,23.17006182877795],[77.43651062417486,23.170052231257745],[77.43621990469069,23.170002214370857],[77.43589318598971,23.169985460210164],[77.43568642401559,23.17002228016106],[77.43528163619857,23.170094365817572],[77.43517691807696,23.170081799652078],[77.43478736896087,23.17008598835394],[77.43465963262405,23.170000012446256],[77.43456955677573,23.169939384391743],[77.43434336741362,23.16973413671794],[77.43423446123901,23.16953726863603],[77.43387842141387,23.169160284843226],[77.43375694871487,23.168942472807554],[77.43361872125138,23.1685822452502],[77.43357823120817,23.168460774245705],[77.43354751437401,23.168368621351323],[77.4335349465372,23.168205260837702],[77.43353522691326,23.168201528612542],[77.43354751421269,23.168037713229108],[77.43357835068151,23.16790234904399],[77.43366455810957,23.167574972971213],[77.43379570366652,23.167469391442626],[77.4341899866326,23.167124356813634],[77.4342421234767,23.16710998703852],[77.43425899018642,23.16709640806808],[77.43440695631935,23.16706455578592],[77.43566913546711,23.1667166688013],[77.43576715000967,23.166717321374325],[77.43581495005279,23.16670404221228],[77.43626827447028,23.16670472597916],[77.4369591784092,23.166909277009747],[77.43726253887861,23.166988177246566],[77.43777843115927,23.166992223833113],[77.43903327170298,23.167282554929674],[77.43939990211143,23.16732625040571],[77.44015030924496,23.167399772293773],[77.44017892608896,23.16739592342519],[77.44106757255524,23.167322282191233],[77.4413576867122,23.167315089278105],[77.4414392064477,23.167315089247843],[77.44156867908237,23.167310293836362],[77.44173477842466,23.167291665892787],[77.44182522498133,23.167281521702968],[77.44197627760359,23.167288433310134],[77.44219206305061,23.16729830557531],[77.44236948787977,23.167310293636216],[77.44301443603972,23.167285428001488],[77.44418928211059,23.167297605661613],[77.4442858486823,23.16729765573342],[77.44482834832318,23.166812333366092],[77.44483625443561,23.166805252288427],[77.44548255818859,23.16683987013135],[77.44564090784186,23.166846533742564],[77.44611805918497,23.166737705795136],[77.44663472691983,23.16661092343225],[77.4476916276853,23.166337010009887],[77.44848113655294,23.16660151362766],[77.44972382494149,23.16700963793725],[77.45010416856393,23.166253546321435],[77.45032073528138,23.165810979859593],[77.45141590754183,23.16347763725514],[77.45164254839784,23.163010110870708],[77.45192727224236,23.16239199265817],[77.45202216391365,23.162183636960158],[77.45200233650684,23.162080491623367],[77.45198900020962,23.162017999627246],[77.45198865490735,23.162009316657677],[77.45198856948505,23.162008870324538],[77.45193368470767,23.16111478678797],[77.45192500031118,23.161010000103893],[77.45192229463184,23.160929236217516],[77.45191159585067,23.16075494175669],[77.45188029744061,23.159487218895283],[77.45188002313027,23.15947870691055],[77.45168109674253,23.158923635042804],[77.45165940941813,23.15865569203342],[77.45165300018911,23.15858999975026],[77.45165126329583,23.15855504860418],[77.45160767617814,23.15801655169432],[77.4515800002367,23.15778099991204],[77.45150899986285,23.157438999975064],[77.4514803146028,23.157371762646097],[77.4514141346297,23.157237347094647],[77.45021416331826,23.15652824566446],[77.45014550183267,23.156490094727726],[77.44972807667341,23.156194554834713],[77.44970868792961,23.15618225481955],[77.44953960557436,23.15597233319604],[77.44953951802883,23.15597053322243],[77.4495202244658,23.15594842902168],[77.44952192668013,23.155610906030653],[77.44951461095248,23.155461351307554],[77.44952120119888,23.155419275557225],[77.44949844968336,23.154858933607315],[77.44950329637535,23.154828868648572],[77.4496478546463,23.154440711330015],[77.45032900418269,23.15427865625282],[77.45086342461839,23.15405504539797],[77.45136734011152,23.153711689646084],[77.45140700153547,23.153684664741355],[77.4519531643265,23.15315949707881],[77.45195709422438,23.153151448260164],[77.45223523574128,23.152581792363083],[77.45224337329509,23.152574739944537],[77.45254412727668,23.152314100833312],[77.45283409495204,23.152275886805743],[77.45284697188099,23.15226858006416],[77.4532714692583,23.152027715009723],[77.45338477684486,23.15153245486993],[77.45338478515822,23.151532417663496],[77.45344228091915,23.151281106327687],[77.45360565205043,23.15088911565178],[77.45360757065313,23.150884512355653],[77.45425287172732,23.15045361583718],[77.454538542439,23.150127983149247],[77.45458041273622,23.150070188403603],[77.45475688744305,23.14982659611907],[77.4549735608029,23.1496228249013],[77.45584672270618,23.14916246638373],[77.45596256458363,23.149057939240453],[77.45633116598063,23.14872534190865],[77.4569738595683,23.14812979987316],[77.45741782435073,23.147908161337902],[77.45794585538503,23.147451029205683],[77.458200255407,23.147230784933765],[77.45820049895968,23.147230573638428],[77.45858718240535,23.147120442558922],[77.45935708494646,23.146740690143716],[77.45982638162994,23.146509207730336],[77.46007591964816,23.146444911613543],[77.46047061656196,23.14634321338381],[77.46053346499312,23.146339197169343],[77.46060326546827,23.146334736860027],[77.4608149999349,23.146397114218704],[77.46085919810422,23.14641013502066],[77.46127261876639,23.14646722058466],[77.46187575956256,23.146311621909923],[77.46322320198693,23.14585150504289],[77.46334747273619,23.145809069090866],[77.46369757580716,23.145689514804655],[77.46466171117281,23.145449561674237],[77.46504533566174,23.145336532296835],[77.46512612707559,23.145312727875677],[77.46563012285095,23.145011922962343],[77.46594799596078,23.14472081918084],[77.46605876388026,23.144619379445622],[77.46612340642712,23.14460383106597],[77.46646209424878,23.144522370113055],[77.46646216296232,23.144522352947522],[77.4664703120139,23.144522214118748],[77.4668527750899,23.144515700095578],[77.46748923393149,23.144351815301924],[77.46831140531145,23.14410241412346],[77.46860413614813,23.144013615203786],[77.46864479675396,23.14413008492043],[77.46872411570803,23.144357284832775],[77.46874234538805,23.144483213582287],[77.46877359947167,23.14469911301854],[77.46891618717497,23.14474578275354],[77.46915268898037,23.144733390335258],[77.46915281645254,23.144733382538938],[77.4694510032093,23.14471775655298],[77.46971038781003,23.14487390015305],[77.47001058765991,23.145000707687654],[77.47001557891605,23.145001115236308],[77.47072507533704,23.145058948137592],[77.47073068829432,23.145059406273397],[77.47160933750253,23.14501846777942],[77.47167487495747,23.14500264815451],[77.47181151100457,23.145495430421445],[77.47183378354443,23.145575760808107],[77.47178592214445,23.14576469074644],[77.47177953272063,23.14578990974522],[77.47170814957522,23.14594409786937],[77.47164533323699,23.14610399624607],[77.47170815038191,23.146278171057897],[77.47176811214793,23.146557991849022],[77.47177969471576,23.14660947387831],[77.47181950838053,23.146786418196807],[77.47187090313388,23.147117635770368],[77.47189374572824,23.147294666170232],[77.4718908905231,23.14741744496072],[77.47186260201941,23.147519284736767],[77.47184806055874,23.147571632724677],[77.47185662657209,23.14770583288276],[77.47186233827846,23.147888573701923],[77.47193657557894,23.148057037730897],[77.47200510404909,23.148314017078537],[77.47185662708405,23.149062112180292],[77.47219070004563,23.149775942913806],[77.47227423456965,23.149855252978153],[77.47232278086726,23.149901344282977],[77.47240986795472,23.150072407287105],[77.47250038273138,23.15033040061667],[77.47302675531311,23.15141105754177],[77.47317288697587,23.151678503112628],[77.47333573911801,23.1520132553657],[77.47335383293384,23.152142179556165],[77.47333573861461,23.152318602778198],[77.47328597811466,23.15239324388838],[77.47325408357781,23.152568113402882],[77.47322038517463,23.15275287475403],[77.47317514837019,23.153083103654872],[77.47319470221441,23.153283916878337],[77.47340890666764,23.15391986267125],[77.47362582410709,23.154221619628448],[77.47387525712301,23.154568610903898],[77.47422314120631,23.154912944396116],[77.47429039410137,23.15498274961198],[77.47439138068545,23.1550875716682],[77.47441764819096,23.15511884055442],[77.47449945163144,23.155283442169754],[77.47462402704866,23.155534101557066],[77.47474881201644,23.15575798038656],[77.47483666054279,23.15591559232596],[77.47493297156403,23.15596812512307],[77.4750392891774,23.156066938035142],[77.47525567474449,23.15630208519528],[77.47533572462677,23.15644467462526],[77.47543703909766,23.156582262147303],[77.47551959099948,23.15670734019147],[77.47560714567042,23.15675236908599],[77.4758060214418,23.15694248779145],[77.47592764798422,23.1570799789623],[77.47600739653036,23.157170130956622],[77.47616874889295,23.157323977641347],[77.47624004366396,23.15735649920013],[77.47629257691867,23.15736275313277],[77.47634636127029,23.15736650529318],[77.47643641719324,23.157370256672827],[77.47650396028104,23.157384016366194],[77.47655774372352,23.15739277086078],[77.47661277805027,23.1574065298258],[77.476669064049,23.15742028906042],[77.47672159698523,23.157434047290284],[77.47676162160431,23.157445303639125],[77.47682040862257,23.15747282180444],[77.4769042114291,23.15752160225093],[77.47703679513273,23.15758539298609],[77.47736450094966,23.157746744128417],[77.47742328789879,23.157775511696205],[77.47746206231044,23.157796774858028],[77.47750083748181,23.157808033255655],[77.4775571219663,23.157808033016913],[77.47760715358831,23.157810534011308],[77.47771722311239,23.157810533553295],[77.47801741234602,23.157848057615976],[77.4782900833196,23.157869320782236],[77.47837324762963,23.157876002172276],[77.47874161649308,23.157905593618572],[77.4790480599228,23.15791810182666],[77.4791406176479,23.157925605670048],[77.47919815425135,23.157941867144768],[77.47926069266084,23.157956875766992],[77.47935700411458,23.15797313623333],[77.47942329642451,23.157989397128645],[77.47950584810464,23.158014411748205],[77.47957839342362,23.158033173569358],[77.47965719282358,23.158054438082],[77.47971723109846,23.158068196097734],[77.47979227765894,23.158074449921596],[77.47984731158579,23.158093211717244],[77.48016251128283,23.15812197996066],[77.48038390002215,23.15814699611593],[77.48071035489319,23.158182018049878],[77.48093549668648,23.158220792415847],[77.48128980983591,23.15827140790827],[77.48135576065732,23.15828083016033],[77.4817209913271,23.15833086056195],[77.48236889810653,23.158412162339935],[77.48279291462072,23.15845343801601],[77.48320192234205,23.15847595305081],[77.48369223061414,23.158513475963023],[77.48380104944914,23.15850847285314],[77.48543136476789,23.1584545943708],[77.48706664259703,23.158440106885838],[77.487052967717,23.15856314195595],[77.48709645194548,23.158650110258932],[77.48709935059543,23.158766068357714],[77.4870742378771,23.158796639814046],[77.4870326756129,23.15884723811146],[77.4869192747712,23.158917881245678],[77.48685583976096,23.158957398413754],[77.4866819036404,23.15907625381021],[77.4865456528296,23.159215403927163],[77.48642099905602,23.15942122858591],[77.48639925985398,23.15946084066248],[77.4862905459552,23.159658942360444],[77.48626238999486,23.15979409295214],[77.48626155690356,23.1597980906777],[77.48626371411386,23.159814847785604],[77.48629924345506,23.16009088411795],[77.48634182705506,23.160321336014185],[77.48634852480838,23.1603575868834],[77.48651376495489,23.16054891680275],[77.48651895282894,23.16055447573177],[77.48671669133218,23.160766337621922],[77.48678100719168,23.160883277320927],[77.48684424354434,23.1609982531304],[77.4869625067542,23.161149520117245],[77.48696889910161,23.161157694976332],[77.48700368622772,23.16132003568692],[77.48698339266778,23.161433093875385],[77.48695620431755,23.1614852071965],[77.48694860565965,23.16149977030022],[77.48694570727568,23.161522962267657],[77.48694280811253,23.16155774915253],[77.48694280773447,23.16160992969613],[77.4869573034147,23.161653413971102],[77.48695956632389,23.161655353918942],[77.48699788780932,23.16168820120723],[77.48702107952629,23.161711392663534],[77.4870413718326,23.16174328120132],[77.48704427073497,23.161775169783848],[77.48702107977944,23.161833147787746],[77.4870123826459,23.161856339823895],[77.48699208988963,23.16187953189248],[77.48696608912321,23.1618984420681],[77.48696020241249,23.1619027230449],[77.48692934457762,23.16192696813352],[77.48687903196513,23.161966499595714],[77.48680365898757,23.162004186309193],[77.486667408974,23.16203897344586],[77.48639780676878,23.16210564874315],[77.48618446638277,23.162218312375856],[77.48613980102334,23.162241899241092],[77.4859542685369,23.162366554300778],[77.48587138930964,23.16243071906792],[77.48586440197879,23.162436128333812],[77.48580932226842,23.162494106682168],[77.48579482660321,23.162537591148624],[77.48580932245278,23.16277530497092],[77.48584990734314,23.16307969408181],[77.48584990671245,23.163204347812748],[77.485823816633,23.16330001285055],[77.48580062527503,23.16335509261682],[77.48574844408898,23.163517433721452],[77.48577163612,23.163598604330822],[77.48582671587417,23.163662381304256],[77.48589339132332,23.16372905742943],[77.4859571679782,23.16377833891186],[77.48602852662633,23.16383542587864],[77.4861600942276,23.163940679843613],[77.48627315267284,23.16411171685902],[77.48632823290583,23.16420738171666],[77.48639200877375,23.16432623859236],[77.48644129100654,23.164410307613128],[77.48648187577068,23.164505972914988],[77.48652246200787,23.164578447438874],[77.48655145053023,23.16464802114858],[77.48656884490016,23.164723394062456],[77.48657924161164,23.164769439702525],[77.4865891373843,23.164813260608195],[77.48655434981346,23.165033580752624],[77.48653115858242,23.165143741295715],[77.48648767421554,23.165239405698713],[77.48645288743987,23.16532347467148],[77.48642099906827,23.165366959294367],[77.48632243467554,23.165668448648002],[77.486305041283,23.165761215070688],[77.48627605187592,23.165888768958915],[77.48625285965521,23.16597863630715],[77.48625141471675,23.16598104465095],[77.48620937629593,23.166051109111635],[77.48615139663143,23.166111986734915],[77.48611661048655,23.166164168392182],[77.48607022690764,23.16620475260793],[77.48601514672336,23.166239540740058],[77.48594557204909,23.166262731766633],[77.48584587811344,23.16626273163692],[77.48582381659126,23.16626273224631],[77.48571945488149,23.16625113676841],[77.48564639622575,23.16623165396344],[77.48554551802219,23.166204753055823],[77.48538317698578,23.1661641683577],[77.48531339779666,23.166148661618855],[77.48530490578104,23.166146774644073],[77.48522663384789,23.166140976740067],[77.48513966631184,23.16617286489954],[77.48505559726313,23.16625693423424],[77.48500341634758,23.16634100406641],[77.48498602216716,23.16643087055521],[77.48497732477428,23.166541030872214],[77.48496862940138,23.166619301902735],[77.48495123453749,23.16672076516136],[77.48491644779246,23.166801935840557],[77.48485846917437,23.166906297256673],[77.48484107478147,23.166984568860897],[77.48482078251043,23.16707443578384],[77.48484687303151,23.16713241539311],[77.48490195291191,23.167190394126436],[77.48492078870781,23.16721236900513],[77.48493673971659,23.167230979111398],[77.48494823896523,23.167279272643725],[77.48495123493073,23.16729185693784],[77.48493673961646,23.16735563399446],[77.48490775116932,23.167416511334913],[77.48487586224569,23.167454197556875],[77.48483527678017,23.16749768166818],[77.48473961165276,23.167567256091722],[77.48432216363207,23.167683214294406],[77.48421490364211,23.16768321425462],[77.48415353267093,23.16769912483938],[77.48413663178128,23.16770350685352],[77.48413192361294,23.167705860986995],[77.48407865261451,23.16773249573031],[77.48401487729967,23.167761485360764],[77.48400617957184,23.167839756632976],[77.48400907885966,23.167920927088527],[77.48402067362207,23.167999198925937],[77.48402357331877,23.168060075959037],[77.48402133237576,23.168102656195906],[77.48402067441556,23.16811515642496],[77.48400618005115,23.168158640973708],[77.48396849414304,23.16818763037557],[77.48390471698035,23.168210820851897],[77.4838554350123,23.16823691189667],[77.4838148500202,23.168251406678266],[77.4837626692024,23.168245608867853],[77.48373077990793,23.168225315747854],[77.4837115704417,23.168225315553865],[77.48369889214915,23.168225315946888],[77.48368773974939,23.16823475226464],[77.48366120600238,23.1682572053897],[77.48362641835037,23.16830938604601],[77.48357713644215,23.168413747014423],[77.48354524815228,23.168434039741854],[77.48349596625314,23.168457232412106],[77.48347750240177,23.168465145229582],[77.48345538088199,23.168474625435767],[77.48342639121475,23.168500716115382],[77.48342484743596,23.16850457761664],[77.48340146871124,23.168563065308323],[77.48339019638043,23.168591829773067],[77.48335880653217,23.1686719259387],[77.48333085630784,23.1687822590171],[77.48335145207335,23.16882345039154],[77.48338381575553,23.16884110282327],[77.48342647837283,23.168848458910304],[77.48350003316287,23.168855815034302],[77.48356113774881,23.16885714292129],[77.48356770417601,23.1688572859278],[77.48366332590768,23.168860227964228],[77.48372658261135,23.168867583409124],[77.4837824846143,23.168877881228312],[77.4838045523601,23.1689190724114],[77.48379719648426,23.16893966818212],[77.4837736593039,23.16896173373008],[77.48373246797938,23.16897497411759],[77.48372420023505,23.16897497364631],[77.48369863212362,23.168974974292123],[77.48367362385623,23.16899115633517],[77.4836677391562,23.16903234668581],[77.48367083740933,23.169053415954597],[77.48367509519764,23.16908236503295],[77.4836853921861,23.16911472915212],[77.48366626777305,23.169151506575126],[77.48363831701255,23.169173573164464],[77.4836236056145,23.169207409145756],[77.48362360558785,23.169230945997008],[77.48361772243106,23.169255954965337],[77.4835985972424,23.169275079121345],[77.48358726460944,23.169287603718647],[77.48357064639289,23.169305973264642],[77.48356904034151,23.16930688337916],[77.4835265125989,23.16933098081375],[77.48348238003786,23.16934716431933],[77.48344009990002,23.16934174273529],[77.48342500651687,23.169339807819398],[77.48339558540259,23.169322155319282],[77.48337940312207,23.16934716377232],[77.4833573361839,23.169385412399524],[77.48334556723245,23.169432488267613],[77.48334409575196,23.169448669643877],[77.48333821200067,23.169485446632496],[77.4833382122334,23.169519283045403],[77.48333866464097,23.169522683017252],[77.48334409610305,23.16956341620053],[77.48334556746732,23.16959872278195],[77.4833411542378,23.169642856207375],[77.48333085617237,23.169681103598023],[77.48332055772917,23.169711998149257],[77.48330437601648,23.1697355345731],[77.48329113604902,23.169744361626503],[77.48326171429109,23.169785552663658],[77.48324111870447,23.169812033259415],[77.4832278788479,23.16983115718001],[77.48322052335632,23.16985910759345],[77.48321719020058,23.169877442021725],[77.48321169745601,23.16990765535098],[77.4832216726049,23.169977487991613],[77.48322199388036,23.169979738631522],[77.48322640769264,23.170037111778708],[77.48321611001552,23.17007683206135],[77.48319992796235,23.170126849393682],[77.48319110104835,23.17017098208862],[77.4831822737011,23.170203346820475],[77.48318227384479,23.170223954014272],[77.48318227365631,23.170226883694962],[77.48318963044709,23.170247479851525],[77.48321169717747,23.170259248964875],[77.48327201207309,23.170276902286442],[77.48332202945102,23.170293083878523],[77.48335439413083,23.170298969094148],[77.48340882473616,23.170298969208257],[77.48346325533495,23.170298969303207],[77.48349562000249,23.170300440261883],[77.4835338685496,23.170294554609285],[77.48355005071475,23.170282786107975],[77.48355005117944,23.170243067020746],[77.48354683731041,23.170238246290754],[77.48353239692365,23.170216586771502],[77.48352062937904,23.17020040487094],[77.48352209983852,23.17017980932427],[77.48355152223128,23.170165098169885],[77.48357800209924,23.17016068488941],[77.48359272234333,23.170166912599267],[77.48361625043299,23.17017686677533],[77.48363620784804,23.170185895027636],[77.48367803736173,23.170204817597764],[77.48368597503838,23.170222680224327],[77.48368980617134,23.17023129807365],[77.48368912323352,23.17023676057916],[77.4836853921695,23.170266603981283],[77.48367509495496,23.170307795352148],[77.48365008636893,23.17036516763716],[77.48365744118674,23.17039900384331],[77.48365744144473,23.170441665999757],[77.48365302751931,23.17050492298487],[77.48364420087894,23.170544643232304],[77.48363978786684,23.170584363316667],[77.48362948985525,23.170599073872523],[77.48361183717036,23.170603486860017],[77.48358388637388,23.170603486877784],[77.48353828205906,23.17059907415367],[77.48349562043938,23.170566710207503],[77.48347208166221,23.170503452407118],[77.4834426597953,23.170460790251862],[77.48341323816011,23.170428425843927],[77.48339403324819,23.170428426335004],[77.48338528738842,23.17042842581496],[77.48335145246203,23.170453434822267],[77.4833205576132,23.170479914063332],[77.48329702142458,23.170512279137768],[77.48328525166714,23.17054170086148],[77.48328672337061,23.17058289187292],[77.48330731755782,23.1706284957216],[77.48334059015644,23.17064257202015],[77.48334556700249,23.170644677592385],[77.48337940266252,23.170650562742715],[77.48340588205733,23.170671158363945],[77.48341176666284,23.1706946959263],[77.48341029645786,23.17071676167873],[77.48339999847865,23.170735887349238],[77.483380874154,23.170741770605915],[77.48334967290444,23.17074292682449],[77.48334115359772,23.170743242121166],[77.48331761573304,23.170744713088208],[77.48329407793142,23.170769721814096],[77.48326318530992,23.170797672951082],[77.4832664413534,23.17083999799098],[77.48327201231223,23.170912419269396],[77.48327054073656,23.170946254881912],[77.48325730118091,23.170962436597016],[77.48322346534451,23.170969792338198],[77.48320875411481,23.170968320800352],[77.48319520767673,23.17095846858393],[77.48317638957016,23.170944784047407],[77.48315726642493,23.170933014788915],[77.48313078587105,23.17093007341606],[77.48311460405529,23.170930072995525],[77.48308518128512,23.170958024137946],[77.48308518096836,23.17098450415243],[77.48309842058296,23.1710153970969],[77.48312048765868,23.17103304972475],[77.48314108293587,23.17105070332759],[77.48315277509835,23.17106141996687],[77.48315873703285,23.17106688495456],[77.48316756276871,23.17109189361199],[77.48315873675138,23.17112131606927],[77.48313961165373,23.171137498026056],[77.48311460394126,23.171158094294814],[77.48307488399192,23.17117280484071],[77.48303810623132,23.171212525075752],[77.48301604042518,23.17124341814418],[77.48299250188498,23.171265484677356],[77.48297631955971,23.171277253169972],[77.4829542528376,23.17128019606567],[77.48292188932646,23.171262541861473],[77.48290717753638,23.17123017788677],[77.48289885719777,23.171221164433238],[77.48288952475787,23.171211053933373],[77.48287481324738,23.171203697937525],[77.48284097820087,23.17119192911898],[77.48281743992408,23.171191928939464],[77.48275859600392,23.17118604527577],[77.48273652982706,23.171191929435107],[77.4826938679916,23.171211054192607],[77.4826909253338,23.171244888980844],[77.48269828059327,23.17128166658838],[77.48270721754443,23.171297308285638],[77.48271005007093,23.171302261787645],[77.48270857940219,23.17133609827916],[77.4827026942927,23.171371404277362],[77.48268945401857,23.171408181579],[77.482679157473,23.171425835153755],[77.48267327181662,23.171434662061436],[77.48264973391004,23.171446429847332],[77.4826367643032,23.171448506127774],[77.48261295680003,23.171452315307143],[77.48258500576239,23.171452315196568],[77.4825467569233,23.171440545573528],[77.48251586393968,23.17145378642631],[77.4825070367448,23.17148320805488],[77.48250703732307,23.17155235031626],[77.48254969863882,23.171600896781424],[77.48258647728794,23.17163031883748],[77.48265120606129,23.171636203227376],[77.4826865123105,23.171634732008705],[77.48271190061583,23.171635708462794],[77.48272476096703,23.171636202909536],[77.48275271169788,23.1716626830177],[77.4827630089532,23.17169063386784],[77.48276448120902,23.17171122932956],[77.48276448112655,23.171739179565186],[77.48275565424574,23.171778899864435],[77.4827630093552,23.17181420725316],[77.48277638708062,23.171838904381023],[77.48278213358495,23.171849513377058],[77.48280714262553,23.171871580186963],[77.48282920889223,23.171889232878712],[77.48284686195066,23.171927482156494],[77.48284686217055,23.171946608391043],[77.48284686164523,23.17194954795376],[77.48284621294685,23.171950647269213],[77.48282773789482,23.17198191296472],[77.4828056724184,23.172001037134976],[77.48278213445242,23.172017219199276],[77.48278213445245,23.17204517032731],[77.48279978742897,23.172087832053663],[77.48283509390502,23.172109899446294],[77.4828683059719,23.172145254151467],[77.48288069828548,23.172158444717656],[77.48289835121412,23.172190810435552],[77.4829189472182,23.172248183115556],[77.48293218671836,23.172277604954324],[77.4829513113361,23.172355573248865],[77.48295131143753,23.17237911102949],[77.48294601374465,23.17241751295396],[77.48294542702047,23.172421772559158],[77.4829145330263,23.172454137151107],[77.48290182246522,23.17247023818254],[77.48285568890881,23.172496798568957],[77.48282773807367,23.172526221680794],[77.4828247964594,23.172564469756736],[77.48283067960014,23.17258947944103],[77.48284186034643,23.172631940147216],[77.4828292088325,23.172668918621508],[77.48279537412532,23.172711581008013],[77.48277876415058,23.172722495985063],[77.48276351403162,23.172732516893024],[77.48274388458648,23.17274541646165],[77.48267621432541,23.17277189586904],[77.4826552464448,23.17277703109314],[77.48255852555683,23.17278660702296],[77.48250556647297,23.172808674370405],[77.48241288625262,23.172889584779714],[77.48238199318371,23.172932247065052],[77.48234668739434,23.172966081868697],[77.4822966689473,23.172992561612958],[77.48224665184539,23.172992562123607],[77.48220693220075,23.17298373476375],[77.48217015438998,23.172960197985102],[77.48213926087433,23.172935189028248],[77.4821039538284,23.172916063754528],[77.4820745318882,23.172917535663167],[77.48204510969286,23.172932246711017],[77.48202745737743,23.17294989961],[77.48200097703284,23.172988149317323],[77.48193771996179,23.17308524094688],[77.48189591074156,23.173128179957388],[77.48189505767566,23.173129374630207],[77.48186269271659,23.173177921404648],[77.48181267621496,23.173210285385988],[77.48176118675879,23.173247062839938],[77.48169204544045,23.173289725116657],[77.48165232515046,23.173297080823062],[77.48162290348326,23.173291196177495],[77.48159348056288,23.173264715977673],[77.48155376057204,23.173239707996505],[77.48152278860786,23.173227088857114],[77.48151404128788,23.17322352486389],[77.48148167703526,23.173223524739594],[77.48144048594816,23.173226467955956],[77.48139046755652,23.173230880726702],[77.48131544174454,23.173255889605418],[77.48126524901635,23.173281951819757],[77.48124188687702,23.173310320756777],[77.48120510950359,23.173357396393627],[77.48118745630156,23.17339123066946],[77.48115067754365,23.17344124861201],[77.48110948703274,23.173486853214257],[77.48106829609371,23.17352068890069],[77.4809785589355,23.17355158157397],[77.48093148391644,23.173554523880448],[77.48087411141518,23.173557466369946],[77.48084261223629,23.173562191136064],[77.48081526623135,23.173566293423654],[77.48079467070298,23.173617782058415],[77.48079172912186,23.173633964376997],[77.48079101506342,23.173645384781974],[77.48079025792816,23.17365750139682],[77.48079025766052,23.173695749573337],[77.48080055543325,23.173711931657316],[77.48082262226713,23.173731056619868],[77.48082628650783,23.173734554880525],[77.48085498602113,23.173761950349377],[77.4808711677778,23.173794313722695],[77.48088587945746,23.17385021584286],[77.4808961773764,23.17389140690297],[77.48089871890126,23.17391766843809],[77.48090059147808,23.173937011405993],[77.48090059145323,23.17396643285897],[77.48090206156488,23.174006153051486],[77.48090794630897,23.174035575255708],[77.48091530228531,23.174066468537877],[77.48092412800142,23.174106187668926],[77.48098003030333,23.174178272963093],[77.48100503926052,23.174217991662662],[77.48103887430712,23.1742400585709],[77.48107712255198,23.174259183139686],[77.48112125619564,23.1742621261164],[77.48116244723595,23.174266539390963],[77.4811888928125,23.17428336837159],[77.48122081315768,23.17443372169969],[77.48121099408395,23.17451221290949],[77.48120363760067,23.174522510957743],[77.48117274490569,23.174541635301214],[77.48115950519455,23.17455487476329],[77.48114038117309,23.17458429754284],[77.48111390074739,23.17461519076648],[77.48111242964055,23.174643142024763],[77.48112125615985,23.174685804211567],[77.48112245311901,23.17470375932737],[77.48112272666502,23.17470787006701],[77.48112125601384,23.174728465715855],[77.48110801598034,23.17475935860144],[77.4810977191484,23.17479172337628],[77.48108447918324,23.174818202907844],[77.48104034470937,23.17485498107093],[77.48102809614413,23.17486134994938],[77.48100356808517,23.174874104622393],[77.48097267538606,23.17494177582808],[77.48096237674264,23.174965313999298],[77.48095207944188,23.175000620141514],[77.48094178063687,23.17503298502754],[77.48093883947644,23.175046225097773],[77.48092707035651,23.175072703713145],[77.48091235893953,23.175091828607414],[77.48089323505218,23.17510801132325],[77.48088587897743,23.17512566404068],[77.4808799945785,23.175156556752572],[77.48088146639512,23.175180094563316],[77.48088735067898,23.17519186427112],[77.48089911905979,23.175219815255648],[77.48090431896773,23.1752666142572],[77.48090647458113,23.175286015377985],[77.48089764762449,23.175318379298506],[77.48088038815557,23.17534714600017],[77.48087558204104,23.17535515681551],[77.48084763146083,23.17538605003096],[77.48083439060792,23.175403702909843],[77.48082409314921,23.175409586711705],[77.48072994227702,23.17549049770856],[77.48065932939859,23.17552727636806],[77.48065620906716,23.17552727623773],[77.48063284929722,23.175527276078146],[77.48059460144718,23.175516978155358],[77.48056812101241,23.17550079556676],[77.48053428549805,23.175487556241272],[77.48053260801403,23.175486960555805],[77.48048868076052,23.17547137404492],[77.4804739703585,23.175466960966297],[77.48043277940619,23.17548461436723],[77.48037099264803,23.175524334094746],[77.48034892608024,23.175537573725027],[77.48033568626732,23.175565525255077],[77.48033421519385,23.17559936013025],[77.48033421538645,23.17561402828164],[77.48033421516898,23.17562878162067],[77.48033421516841,23.175662618260713],[77.4803327439543,23.175700865605776],[77.4803327439396,23.175719991053978],[77.48031861686218,23.17575295273058],[77.48029302410966,23.17581266970692],[77.48025771834361,23.17586710091742],[77.48024889115662,23.175874456726344],[77.48023503572715,23.175932321258827],[77.4802238822626,23.17597890494376],[77.48020622919776,23.17602009574924],[77.48018857629295,23.1760377486307],[77.48015465426221,23.176044031152294],[77.48014885603638,23.17604510505692],[77.48013120310941,23.176048046736447],[77.48011501949912,23.176052459601777],[77.48009589625318,23.176073055600835],[77.48009148279738,23.176084824656098],[77.48009001174923,23.176103949242552],[77.48009736670146,23.17612454391125],[77.48010030943328,23.176177504144864],[77.4800870687738,23.17621134020982],[77.48008265643551,23.176243703990387],[77.48007382860169,23.176277539098464],[77.48007311457405,23.176292549914855],[77.48007235795508,23.176308432625635],[77.48007355154787,23.176311716210925],[77.4800841272389,23.17634079700681],[77.48009442467449,23.17635403689507],[77.48018710508413,23.176373161291217],[77.4802600103305,23.176376077173966],[77.48026065969233,23.17637610290186],[77.48030626359852,23.176386400668633],[77.48034598394938,23.176398169622438],[77.48037099257611,23.17641876564486],[77.4803747373811,23.176431245820886],[77.48038423333736,23.176462898885283],[77.48039305923056,23.176492321113425],[77.4804107128488,23.17652174308068],[77.48048426764505,23.176554106933846],[77.48055046807015,23.17656440496778],[77.48056109069597,23.176565979238234],[77.48059018728839,23.176570289426316],[77.4806269653314,23.17658941395729],[77.4806563873282,23.176621777856845],[77.4806725694586,23.17664825759588],[77.4806799253584,23.17668650737419],[77.48068286705713,23.176718871041842],[77.48068038159268,23.176740404808523],[77.4806787910901,23.17675419375986],[77.4806784542187,23.176757120209828],[77.48066521402701,23.176788013147753],[77.48063262444614,23.176802059623146],[77.48057988974159,23.17682478964216],[77.48050192064703,23.17686303885452],[77.4804430771348,23.17689246080588],[77.48042670563457,23.17690162897646],[77.4804062993532,23.17691305734859],[77.4803680504757,23.176933652125804],[77.48031214860292,23.17694247922534],[77.48024300720607,23.176923355303447],[77.48018857583358,23.17690128794276],[77.48014591421725,23.176879221151292],[77.48010178010969,23.176839501905484],[77.48008854055682,23.17679683878259],[77.48009589561872,23.17675859132103],[77.48013855826044,23.17670857319926],[77.48015864040019,23.17669009820783],[77.48017533642789,23.176674738418246],[77.48018416192424,23.176654141715126],[77.48017680689448,23.17661442160788],[77.48014591443247,23.1765938265434],[77.48009736736968,23.17659235557528],[77.48001792670713,23.176623248992197],[77.47995319913821,23.176642373008995],[77.47989876779833,23.176673266744874],[77.47986051910728,23.17669974676513],[77.47983992361092,23.176739465634203],[77.47984875012112,23.176796839181783],[77.47989435527782,23.17689098996286],[77.47993407471674,23.17702927362974],[77.47992524788103,23.177063109597054],[77.47990170964674,23.177113127316396],[77.47987228765271,23.17716902870742],[77.47983992443676,23.177194038358103],[77.47979284767136,23.177210219914357],[77.47976048386775,23.177213161872256],[77.47973400439896,23.17721316236769],[77.47968398690651,23.177216103779593],[77.4796758543696,23.177216103942587],[77.47963249790887,23.17721610387845],[77.47961555708697,23.177208574580725],[77.47957953819305,23.177192566916418],[77.47953540503025,23.17715284743713],[77.47953011832871,23.177147559955944],[77.47949567051778,23.17710136864653],[77.47941330273679,23.176995438670925],[77.47938976606257,23.176974843305096],[77.47932349522611,23.176948101805216],[77.47930591302783,23.176941007983142],[77.47927060576133,23.17694100769416],[77.4792338285996,23.176951306108286],[77.47919557971193,23.176998380843173],[77.47917792739453,23.17704545609379],[77.47917116819173,23.177054917573173],[77.47916321486274,23.177066052119486],[77.47913526434841,23.177091060713597],[77.47912529874583,23.17709803628876],[77.4791058419977,23.17711165599859],[77.4790602379887,23.177142549356017],[77.47903228708445,23.17718079806866],[77.47901904701676,23.177214633205693],[77.47901904708517,23.17727053498394],[77.47904994030557,23.177339677303728],[77.47901662921973,23.17741601509406],[77.47901463395299,23.177420587808136],[77.47898962473336,23.17745736628866],[77.47894843425928,23.177507383277547],[77.4789307685554,23.17751553590464],[77.47889106134284,23.177533862538485],[77.47886433278978,23.177538954072684],[77.47886016807051,23.17753974837796],[77.47879543912318,23.177535334143975],[77.47875424800111,23.17751621010941],[77.47872776819077,23.177489730231134],[77.47869246204553,23.17744559695712],[77.47867312639724,23.17742303798411],[77.47866598239001,23.17741470368139],[77.47861596430181,23.17737939736067],[77.47859026992312,23.1773728089749],[77.47856588947204,23.177366557204827],[77.4785585913148,23.17736468591611],[77.47851298720708,23.177360273075504],[77.47846591151507,23.17736321498977],[77.47841001021574,23.177377925930102],[77.4783658773513,23.17738528202038],[77.47831880121518,23.17740146404098],[77.47827613911369,23.17741323259021],[77.4782452455304,23.177444125656493],[77.47823053495075,23.17746619176085],[77.47820699679197,23.177520622761257],[77.478196698634,23.177570641148602],[77.47819522812458,23.177604476117974],[77.47819228593701,23.177650080136736],[77.4781658057782,23.1777148090407],[77.4781496242877,23.177872216909226],[77.47814815301366,23.17793253308155],[77.47813932606098,23.177973723810194],[77.47813344191226,23.178029625733465],[77.47812461537248,23.178067874190774],[77.47809519332228,23.178097296109907],[77.47802899264094,23.178137016330655],[77.47798191755885,23.178170851777363],[77.47791277605573,23.178212043044187],[77.47787158487891,23.17824587844333],[77.47782450992781,23.17828118408343],[77.47776125187858,23.178315019673793],[77.47770682116429,23.178335614994193],[77.47763620764995,23.178345913467087],[77.47751852014068,23.178387104050287],[77.47747585810365,23.17841211261209],[77.47743025417046,23.17844300567828],[77.47739641828329,23.178463601707627],[77.47738170738691,23.178506263598866],[77.47738170699273,23.178551867683318],[77.47741112862106,23.17857687668851],[77.47747144506523,23.178601885383056],[77.47753470228206,23.178625422976815],[77.47755382739153,23.178647489700875],[77.47755722065318,23.178676908376477],[77.47755823967198,23.178685738136142],[77.47754500004989,23.17875046692758],[77.47750785987175,23.178821995683755],[77.47750527972666,23.178826964094174],[77.47743760942322,23.1789402396077],[77.47733169008943,23.179069696918752],[77.47725077901113,23.179143252095546],[77.47715221506405,23.179191798153884],[77.4770860149602,23.17919179766169],[77.477016873056,23.179197683441846],[77.47694625970729,23.179185913875955],[77.47689477168616,23.179175616166894],[77.47681091898727,23.17915649180595],[77.47676847717884,23.179154920131],[77.4767255944315,23.179159434382292],[77.47669189049323,23.17917066925889],[77.47669028751986,23.17917120265155],[77.4766900340079,23.17917147100317],[77.47667182241936,23.17919075511742],[77.47666527937504,23.17919768302389],[77.47665645206368,23.17922857591468],[77.47665213969127,23.179242233760636],[77.47663879933413,23.179284477972413],[77.47659907867217,23.17936244711519],[77.4765593603715,23.17941099263303],[77.4765211106194,23.17945071329472],[77.47648355832847,23.179498139952525],[77.47652685197858,23.179536436562532],[77.47663167814565,23.179629165993248],[77.47677487697676,23.179851045720312],[77.47696371112072,23.180164195105597],[77.47717300057147,23.18055130327476],[77.47745939945665,23.18104384356014],[77.47775681100437,23.181525370066115],[77.47790082417605,23.181653813559304],[77.47798970580942,23.181733086964712],[77.47805894452375,23.181808619937527],[77.47813240243394,23.18192903401962],[77.47827928639553,23.18216981082473],[77.47830757627636,23.18221618572427],[77.47831611967064,23.18239219816839],[77.47833118027275,23.182702432336665],[77.47845823397262,23.182712668813938],[77.47856323674183,23.182727551272375],[77.47897726566588,23.182757310067807],[77.47918885442718,23.18277756981455],[77.47937431545735,23.182819899229404],[77.47971235563621,23.18310396782898],[77.47997136739053,23.18285977524383],[77.4802743565867,23.18292712108866],[77.48073498540036,23.182945993423257],[77.48068794496827,23.183250170834093],[77.48070829325648,23.183808370921437],[77.48048224185285,23.184089738819722],[77.4804705051955,23.18423115605759],[77.48049166247705,23.184335470392238],[77.48060363020508,23.184537752066067],[77.48077580763163,23.184583284182814],[77.48103275153815,23.184589846069205],[77.48124709580364,23.184334361223037],[77.48141775494788,23.184321285383568],[77.48159792634932,23.184481039315536],[77.48187235958085,23.18486056259961],[77.48231466578554,23.184938503049096],[77.48268727960553,23.184826775297992],[77.4828399423966,23.184594825103048],[77.48269817496673,23.184375837021967],[77.48239913844556,23.184180795670283],[77.48239396056347,23.183702572378294],[77.48269308597833,23.183590188277964],[77.48341610481174,23.183607768730706],[77.48366996458353,23.18383720839961],[77.48388319012504,23.18396676334797],[77.48396694162145,23.18401374802297],[77.48396486651163,23.184016389640476],[77.48393468235452,23.184054807176455],[77.4839200183321,23.184095865740638],[77.48394641297604,23.184166252657057],[77.48396104496547,23.184190127344678],[77.48400213640339,23.184257169394275],[77.48403912961467,23.184333624578],[77.48404612838291,23.18434808567525],[77.48407838784296,23.184456599329714],[77.48408718708099,23.184500591079928],[77.48409891842611,23.18457977601756],[77.4841077163182,23.18463549907606],[77.48410771559864,23.18468242317539],[77.48407838773355,23.1847440120187],[77.4840226652291,23.184805599654982],[77.4839698748837,23.184861322924824],[77.48391121897886,23.184902381914892],[77.48391415158655,23.185010894917717],[77.48392427709483,23.185032703170517],[77.48395227777556,23.185093013452082],[77.4840255977873,23.185175131416653],[77.48410771611229,23.185257249412704],[77.48416637158567,23.185383359157594],[77.4841956998116,23.18546547657659],[77.48419978502123,23.185487070410634],[77.48421622929258,23.18557398966457],[77.48422209491945,23.185664906958447],[77.48422502674855,23.185749956571907],[77.48422795956486,23.185870201641336],[77.48429834652212,23.186148815921275],[77.48432767536899,23.186251464241273],[77.48433940639903,23.18633064912786],[77.48435700328787,23.186409833731695],[77.48436873382288,23.18644209458594],[77.48438363625512,23.186466311273772],[77.48439219640504,23.186480221372047],[77.4843951547868,23.186483987273867],[77.48442445737342,23.186521279661083],[77.4845359026365,23.18657113813425],[77.48462095392327,23.186585801755864],[77.48470600381253,23.186609264272064],[77.48476155291175,23.186622594856367],[77.48477932358794,23.18662686073265],[77.48479318773305,23.18663256871047],[77.484854496673,23.186698712269642],[77.48489663485844,23.186744171788334],[77.48491423217867,23.186805760274247],[77.4849171646112,23.186870282340355],[77.48492358572928,23.186925931725003],[77.48492596257985,23.186946534446516],[77.48495235791509,23.187034517757994],[77.4849787537655,23.187113703058994],[77.48500963800075,23.187211970726338],[77.48501101405107,23.187216350562764],[77.48503154390217,23.18730726738616],[77.48503447561528,23.187374720939328],[77.48503740924559,23.1874568388674],[77.48507553499664,23.18758001612589],[77.48509899761845,23.18762694068053],[77.48514005659526,23.187682664087625],[77.48525443523154,23.187864496000124],[77.4852925621615,23.18802873234314],[77.48531309112784,23.188128447078935],[77.48531309090114,23.188184169938832],[77.48532482157563,23.188269221118116],[77.48533655280318,23.188348405757527],[77.48536294809097,23.188421726208233],[77.48542160352164,23.1885097089028],[77.48542519530471,23.18851442200196],[77.48546852937315,23.188571298237846],[77.48552718477507,23.188641684934407],[77.48553891742897,23.188654621155873],[77.48582122945635,23.189002659206935],[77.48597698995742,23.189611103860326],[77.48625787757314,23.19023107043875],[77.4861476316933,23.190387703694697],[77.48598902831016,23.190620653580183],[77.48576103444069,23.191210463814247],[77.48556968830763,23.191770658801428],[77.48561761839073,23.19182244953715],[77.48555750551039,23.1921230088987],[77.48548497706341,23.192413123795777],[77.48546018222973,23.19251230616151],[77.48530274564965,23.192970301447442],[77.48511668503366,23.19342543478858],[77.48499932367339,23.193725994312274],[77.48498959570676,23.193747076149375],[77.4848950998384,23.193951863353945],[77.48481169817627,23.194140160662784],[77.48472425001523,23.194333821748856],[77.48462750081924,23.19451494707431],[77.48459937624682,23.194574570688044],[77.4846529010922,23.194775125029235],[77.48433353982264,23.195513687753262],[77.48432349719933,23.195540730321802],[77.48430138105245,23.195578702290092],[77.48205240440242,23.199712450814452],[77.48068528510203,23.198617670008492],[77.47962952926345,23.197753563357796],[77.47960861778024,23.197755481303066],[77.47960309383845,23.197751056748153],[77.47825400806154,23.197862516320306],[77.47799240303291,23.198017267563223],[77.47787419728118,23.19808292627576],[77.47776721505858,23.19815047690123],[77.47748360876444,23.198318242833682],[77.4773706615556,23.19836293573139],[77.4768909942601,23.19850995118112],[77.47622974333004,23.198775343581577],[77.47605893377542,23.199116933372643],[77.47593596086406,23.199261472627345],[77.475553844754,23.19966839357825],[77.47539325403685,23.200115822263225],[77.47538010572451,23.20014623736586],[77.47491212808801,23.200695979845424],[77.47464920311347,23.200826625418816],[77.47441783438782,23.20091434216948],[77.4741019864289,23.201268443967432],[77.47406182140837,23.20130943966247],[77.47361792785944,23.201547016038575],[77.47352393520184,23.20163350131657],[77.47349408192215,23.201650909239447],[77.47339926229833,23.201748215183184],[77.47320156780059,23.201930116991974],[77.47270680788219,23.20217120632004],[77.47266231503468,23.20216745596635],[77.47227520989064,23.202120609144636],[77.47220120691273,23.202193245153858],[77.47169426908823,23.202629164359095],[77.47131503465113,23.20295658224922],[77.4711097740079,23.203223402896207],[77.47099801080081,23.203349475925418],[77.47001196309607,23.2036426061611],[77.46945985660325,23.203639371865805],[77.46940502949091,23.203658440307713],[77.46940343737712,23.20365840114743],[77.46935391266037,23.20367621825859],[77.46881037813519,23.203865253402395],[77.46879511080206,23.203877256253666],[77.46876286823708,23.203888855576164],[77.46868744234028,23.20396190572911],[77.46846243296815,23.20413880875699],[77.46842818727008,23.204212993773563],[77.46842702955865,23.20421411442721],[77.46842269189425,23.20422489698776],[77.46807125433409,23.204986187219433],[77.46813871886967,23.206136468912955],[77.46814238391072,23.206235677780427],[77.46770907314733,23.206507414357333],[77.46742308824142,23.20699693878264],[77.46707153621132,23.20768550483348],[77.46705528537822,23.20771418753733],[77.46708361853051,23.207860228041003],[77.46711857009538,23.208082390292173],[77.46728797552264,23.20825628374134],[77.46736534929407,23.2083414815855],[77.46744104322825,23.208638164876835],[77.46747476092199,23.208778499185854],[77.4673561467517,23.209194761841914],[77.46738954616558,23.20963253002142],[77.46722063528259,23.21009102507458],[77.46719338976071,23.210100280744403],[77.4670817812057,23.210132783109376],[77.46685668209749,23.21003945686737],[77.46649958359136,23.209667577839102],[77.46564727608752,23.20877999222983],[77.46562714966063,23.2087508389851],[77.46561266912302,23.208735623294146],[77.46451482655733,23.207782032419377],[77.46387677938827,23.207523407701864],[77.46336750223693,23.207316980395557],[77.46301119774924,23.206948009172315],[77.46304332090678,23.206826655806285],[77.46307544264324,23.206708873323265],[77.46307544282828,23.206591089920558],[77.46305402843538,23.20656967378304],[77.46302547505778,23.206551828075458],[77.46296479850126,23.206551828307635],[77.46288270727872,23.20655182818203],[77.46282203070315,23.20655182835812],[77.46270424707534,23.206562535842174],[77.4626364330985,23.206580382306246],[77.46255790970886,23.20657681328223],[77.46251151122249,23.20656967429064],[77.4624401272994,23.20656610466701],[77.46243085401733,23.206566105193424],[77.46235089746033,23.206566104742066],[77.46229022056478,23.206530412846114],[77.46176940730348,23.20606955180847],[77.46109754240489,23.206783825566248],[77.46064267327571,23.207259609314885],[77.46030282799491,23.207615138777307],[77.46003407483366,23.208013097645132],[77.45962836604065,23.208937920412158],[77.4593512622524,23.209450302171007],[77.4590271021297,23.2102345586159],[77.45864542981613,23.21110247084076],[77.45833417819766,23.21199443098545],[77.45722444214738,23.211673648812173],[77.45687292791203,23.21157322991559],[77.45548147571476,23.21127566497363],[77.45460558735832,23.211198740263853],[77.45268001457352,23.211033113842383],[77.45134900220948,23.2111391641872]]]},"properties":{"zoneNumber":13,"zoneOfficerName":"Mr. Sham Lal Sharma","zoneOfficerMobile":"9424499913"}},{"type":"Feature","geometry":{"type":"Polygon","coordinates":[[[77.40126007168618,23.236282129595413],[77.40118449985951,23.237024102945444],[77.40115934133051,23.237313158242145],[77.40114189259666,23.237513623727903],[77.40105146939774,23.23779135571845],[77.40094075383357,23.23804648127775],[77.40090291419254,23.238133676614307],[77.40026348437674,23.2388376957924],[77.39959176011799,23.239502961736648],[77.39874450202772,23.240350641988478],[77.39629932589655,23.238137320737742],[77.39596777932714,23.237829716748095],[77.39565446929312,23.237767786230904],[77.39526197327754,23.23764652707414],[77.39516546497592,23.237616711095335],[77.39510838319845,23.23758158319326],[77.39502363481292,23.237529430630254],[77.39485504167175,23.237425681910672],[77.3945446194321,23.237110483022043],[77.39415300899982,23.236446656356673],[77.39364873598042,23.23537159859382],[77.39355696250473,23.235179650775493],[77.39313441751042,23.23437292686239],[77.39288539952845,23.23412347782084],[77.39288188457289,23.23397785594824],[77.39286370202161,23.23388579842704],[77.39287869397785,23.233845639104825],[77.39287760817768,23.23380062776107],[77.39290625306973,23.233771817833397],[77.39292074194182,23.23373300630427],[77.39363808632297,23.23303576800733],[77.39376787741887,23.23290522923781],[77.39377309568893,23.232904542343316],[77.39377679286898,23.232900947935363],[77.39379509549354,23.232901645384132],[77.3940686653095,23.232865619790307],[77.39428359173434,23.23276161428773],[77.39434029842727,23.232636752836527],[77.39429925812276,23.232292646602392],[77.39447855516005,23.232111942061394],[77.39298255327604,23.230846249540264],[77.3887890108684,23.227529069264254],[77.38872793978176,23.227491020106957],[77.38748389824158,23.226496695685437],[77.38739493574968,23.226426324702885],[77.38739532639072,23.226425902913686],[77.38737916521822,23.226412985741145],[77.3892183426272,23.224438925577935],[77.38941323215548,23.22454677169248],[77.38970238163397,23.2245210690192],[77.38997439590584,23.224411835324243],[77.39022284993072,23.22434972225117],[77.39054412669792,23.22426833197014],[77.39069405590233,23.224191225129722],[77.3916707366561,23.22392992034887],[77.39174662483835,23.223912167427027],[77.39177339609668,23.22390590416379],[77.39179944931686,23.22389980861763],[77.3925067049231,23.226082823139002],[77.39571825465084,23.225195192268142],[77.39811396864327,23.224491061262516],[77.39836591092921,23.224463413828236],[77.3986154752692,23.224394438090968],[77.39887477043733,23.22440757479402],[77.39904987167458,23.224388359799025],[77.40081116608363,23.22450567881579],[77.40226846903136,23.224603795047898],[77.4035642540527,23.22187874443271],[77.40361319072132,23.221772217190374],[77.40383768906361,23.221304687281307],[77.40393167581703,23.221244976982337],[77.40395811612888,23.221228180187996],[77.40402907883738,23.22124279003396],[77.40411047752937,23.22125531281424],[77.40440189815786,23.22137520084665],[77.40444024817992,23.221390977427564],[77.4048535047516,23.221534991275217],[77.40522043384476,23.22155945645561],[77.40550247364084,23.22149858714125],[77.4059069314508,23.221411298033043],[77.40627290822889,23.221334433196247],[77.40631834278543,23.22132658688076],[77.40846232604146,23.220985117943556],[77.40846844916392,23.22098403763376],[77.4085513253879,23.22018933010614],[77.40851722022973,23.219992274945753],[77.40847932517266,23.21990511733962],[77.40847888443315,23.219806384364613],[77.40847235363076,23.219754650084727],[77.4084479506836,23.21956129879116],[77.40849078132395,23.219430429257415],[77.40857745422693,23.219352010653886],[77.40863894436329,23.219296376387746],[77.40864068719648,23.21929480042693],[77.40869779366382,23.219244831192615],[77.4089534442276,23.21941638511882],[77.40905947174464,23.21948753586588],[77.4092069990334,23.21949229479652],[77.40928552081145,23.219492294728823],[77.4093259715973,23.21948039818624],[77.40940925264589,23.219432807623583],[77.40949015499993,23.219378080954655],[77.4095554597731,23.219323365224636],[77.40957819458288,23.219304316947678],[77.4095924719128,23.219261486623793],[77.40965909703408,23.21912823680145],[77.40973286023663,23.218811769420235],[77.40985646038703,23.21882389857429],[77.41036390056139,23.218873701112347],[77.41049402505307,23.218544250294926],[77.41051465740478,23.21848572159222],[77.41063623769315,23.218375954872613],[77.41084983450158,23.218166206403474],[77.41125889056545,23.217952297995982],[77.41163576159687,23.217770713969465],[77.41193588597594,23.21761668034557],[77.41213004982772,23.21759163509348],[77.41272276345619,23.217499066040137],[77.41281968751521,23.21692205866357],[77.41305607935827,23.21686894005812],[77.41390925817032,23.216657955185646],[77.4140860412954,23.216614238034282],[77.41437188140742,23.216508365373894],[77.41456089122565,23.216437274876785],[77.41459958351554,23.21622555173566],[77.41466837938387,23.2161764142647],[77.4147607881874,23.216110406928394],[77.41476465054687,23.21609064505272],[77.41483563177404,23.215727549096457],[77.4149215516934,23.215757106429123],[77.41517687210303,23.21584493588151],[77.41519546132086,23.215851329772498],[77.41555816785991,23.215669976865062],[77.41558695146722,23.215679661236315],[77.41586618181007,23.215773607224676],[77.41589006079978,23.215771839348186],[77.41589380514458,23.215771561281976],[77.41594390540237,23.215767849932583],[77.41595323940686,23.21567637554972],[77.41597269142623,23.215485743825294],[77.41609764009097,23.215480231671275],[77.41616843758344,23.215477107988352],[77.4163641852978,23.21527848273872],[77.41644190805363,23.21519500304624],[77.41646646699867,23.215130876827434],[77.41649372437013,23.215059706808287],[77.41657144732008,23.215062586135893],[77.41669810630938,23.21511440134467],[77.41702051277616,23.215079857358276],[77.41717020222123,23.215036678235286],[77.41738609928807,23.214875474962195],[77.4176595687374,23.21466245590539],[77.41762502486675,23.214302627027806],[77.41772577844766,23.214127031182336],[77.41793015979779,23.21385931772876],[77.41808560641326,23.21366357099169],[77.41817196516212,23.213464945245786],[77.41830726106255,23.213171324800097],[77.41832165362645,23.213059058804948],[77.4181806009992,23.21268771507495],[77.41804818382404,23.212454545723194],[77.41788410222054,23.212287585309703],[77.4177782554313,23.21217788853921],[77.41776780220412,23.21217218322531],[77.417567452649,23.212097596278852],[77.41723928863388,23.212077444684628],[77.41708672145697,23.21208896024796],[77.41682764482736,23.212178197095078],[77.41657432508394,23.21222425574888],[77.41561862035738,23.212382580330015],[77.41542301623497,23.212400162729175],[77.41527013371575,23.212350116923815],[77.41459361467629,23.21212721735568],[77.41459270960479,23.21212607905236],[77.41458641837627,23.2121240098821],[77.41449307528791,23.212074566571555],[77.41422248380317,23.211714737989084],[77.4139864363217,23.211481569406292],[77.41387992665295,23.21126567244315],[77.41396916412985,23.211078561117603],[77.41408718774541,23.210828120033124],[77.41422248411162,23.21049995629391],[77.41435490061664,23.21030132988432],[77.4144050112686,23.21032638507933],[77.41441823057488,23.210332995117223],[77.414413410557,23.210308252628717],[77.41433187203985,23.20988968599143],[77.41410158070371,23.2096363661452],[77.41395189205237,23.209288052000243],[77.41377629583647,23.208980039199375],[77.41345101081542,23.208643239000633],[77.41340783151084,23.208364012410232],[77.41337040850706,23.20815962861095],[77.4133272297676,23.208087662800494],[77.41329556545783,23.20794661035376],[77.41330707914872,23.207845858052053],[77.41339055877167,23.2073277054078],[77.41344813209885,23.20707438526331],[77.41369491423848,23.20711803478376],[77.413835962297,23.207130116959778],[77.41384132760795,23.207122491988546],[77.41395731220013,23.20694413627578],[77.41398396476968,23.20685894186203],[77.41388947656246,23.206820814758068],[77.41380937912704,23.206675202090565],[77.4136487699325,23.20612408956073],[77.41364970380972,23.206089353833455],[77.41364431705487,23.206070181819275],[77.4136563541878,23.20577831785577],[77.4134262922881,23.205599360188295],[77.41325075585382,23.20543952241054],[77.41325815955081,23.20525193822819],[77.4132567297631,23.205199881311376],[77.41336208006383,23.204995659721558],[77.41324537525611,23.204907771146722],[77.41316981758871,23.204850870026185],[77.41302797041342,23.204664021735454],[77.41282564528221,23.20439751099144],[77.41268017637982,23.204273125400668],[77.41266186637311,23.204257468336202],[77.41237931091257,23.203652932660404],[77.4123556701865,23.203602351791467],[77.41222226441826,23.203454225802727],[77.41205911757116,23.203273078827703],[77.41150197874056,23.20266500424053],[77.41147559047248,23.20262574531403],[77.41112759930311,23.202108046161946],[77.41095761507303,23.201629883905195],[77.41083212421009,23.201071746688502],[77.41070164752831,23.20045843059313],[77.41069889081541,23.200445485206295],[77.41113442791243,23.20030766144878],[77.41113485371808,23.20030779990511],[77.41159518628692,23.20016241833849],[77.41163303970221,23.200149878014436],[77.41156658002545,23.199169124295786],[77.4115147992961,23.19840498528464],[77.4113989448195,23.197306556148757],[77.41128451757547,23.196347494757475],[77.41123723366705,23.196375921743606],[77.41123099633843,23.196376956931967],[77.4112119372734,23.1963884230648],[77.4110438725953,23.19640799833804],[77.4110230775577,23.196411448256566],[77.41084600363193,23.19651098317117],[77.41077549579583,23.19656079344629],[77.41063533611238,23.19676408379098],[77.41056673320472,23.196838511391682],[77.41045066410999,23.197005981361375],[77.41034610420672,23.197003986295837],[77.41034546735251,23.197004115622935],[77.4099571950043,23.19639964626464],[77.4099280183993,23.196217611851594],[77.40992839960461,23.195991412344636],[77.40999526427474,23.19553636477995],[77.41042456155883,23.195217154288482],[77.41079932530349,23.195601341099096],[77.41143446447839,23.195805499408937],[77.4117206376918,23.195725182403905],[77.41222150557945,23.195362059615405],[77.413116491263,23.194763547033535],[77.41381482981376,23.19430300380955],[77.41447883912157,23.193959404908526],[77.41494920676695,23.193523406885465],[77.41472748509838,23.193146980354086],[77.4142157421034,23.192832488301672],[77.41419470599249,23.192400479889578],[77.41400260842434,23.19190927277595],[77.41389289060479,23.19122431193911],[77.41423222767294,23.190720583907932],[77.41493122776407,23.190579599800497],[77.41556525686919,23.190567399051957],[77.41618863270365,23.190317250914017],[77.41670259204481,23.189965122812854],[77.4171465649229,23.18972465928291],[77.41722020532711,23.189988526709907],[77.4173422514681,23.190398752168328],[77.41734050786866,23.19041960193475],[77.41734393690858,23.190431887733588],[77.4173232225993,23.190626413090186],[77.41729367043388,23.190980022352853],[77.41719594633287,23.191479189184136],[77.41710669181064,23.19198093658385],[77.41710953652068,23.1922795877124],[77.41712347340636,23.19282607484241],[77.41711642088076,23.19300233170816],[77.41711730421785,23.193095074863898],[77.41708994938784,23.193663932029988],[77.41706228061805,23.19435543161925],[77.41706251437292,23.19443835995877],[77.41703790708803,23.194730999376443],[77.41695367964563,23.195784702807988],[77.41690132509352,23.196928864175163],[77.4169972959927,23.197154437243306],[77.41701773195764,23.19720246875296],[77.41771280535073,23.197038239301687],[77.41798288188208,23.196981388109975],[77.41852223927583,23.196843307202535],[77.41939366918294,23.196612575565524],[77.42008153548335,23.196311738991593],[77.42040856069742,23.19600229190961],[77.42071983403932,23.19542660734241],[77.42119283776061,23.193752020045793],[77.42120876964927,23.193715343088815],[77.42120907813961,23.19371423712168],[77.42122139024085,23.193686290678396],[77.42194345254921,23.192024069459677],[77.42217353145402,23.191834148716126],[77.422307022846,23.191718047576654],[77.42305015005648,23.19158761512653],[77.42349589566615,23.191522434915623],[77.42385122974814,23.19141940946001],[77.42465020812527,23.191295357292695],[77.42502656768262,23.19123228002817],[77.42548913369113,23.19108089519317],[77.42577928871502,23.190963150922695],[77.42587600810737,23.19090217558226],[77.42603007588099,23.190777636643066],[77.42612831621615,23.19069822736275],[77.42678011365568,23.190120018780046],[77.42720273076719,23.18962170918855],[77.42746134671971,23.189272681935154],[77.42781977651228,23.188742124741864],[77.42814258061398,23.188246626929445],[77.42865771065728,23.187481291426437],[77.42889530243761,23.187094417110814],[77.42919596977671,23.186713851775366],[77.42956391956214,23.186442619672942],[77.43008956313481,23.18619031083361],[77.43049535933358,23.186085183283947],[77.43080443732796,23.18613564383066],[77.43147515822947,23.186417388987568],[77.43170854442164,23.186551953794773],[77.4321816219839,23.186919904438792],[77.43241921279154,23.1871617002592],[77.43296798368173,23.187371956732488],[77.43346629384446,23.187464469771513],[77.43377261692952,23.18753196391318],[77.43386470727204,23.18755225367071],[77.43408865937802,23.187576374564006],[77.43645104743618,23.187784232874414],[77.43531610164116,23.193922122254946],[77.43502950827192,23.195472045933514],[77.43493432307669,23.195986817709915],[77.43486640066355,23.196906963425153],[77.43484131746423,23.197596758690782],[77.43483691682614,23.19771776832778],[77.43477770172694,23.19893234057584],[77.43223424095758,23.198484855260546],[77.43231252813828,23.1978239876026],[77.43240442393855,23.19709215819523],[77.43239942973499,23.197090389029334],[77.43240092647858,23.197077757327182],[77.431077757787,23.196622343155607],[77.4309006851086,23.196559635916106],[77.43057320488616,23.19708633164329],[77.43056977895235,23.197106704388396],[77.43056266485932,23.197118253209833],[77.43026945678263,23.198890648107813],[77.43014876758681,23.200083811608017],[77.42998079125454,23.2016431115855],[77.42996786532505,23.20176310755381],[77.42991688235911,23.202227906075098],[77.42991332298507,23.20226035290377],[77.42855108109119,23.20212650815099],[77.42708176359426,23.2019748179387],[77.42610618471001,23.201826101038684],[77.42517522144259,23.201641692614672],[77.42475365459723,23.20152207778973],[77.42417153254367,23.20135690695628],[77.42341972580967,23.201157101975962],[77.42278644842091,23.2009437523587],[77.42227847083443,23.200652512396672],[77.42175017495063,23.200195332161655],[77.42143385991749,23.19994269058963],[77.42129217106802,23.19982952368573],[77.42122865175976,23.19977879076776],[77.4208866137632,23.199548508059852],[77.42075115282097,23.19950787031114],[77.42066229081057,23.199482321791706],[77.42048023225831,23.19942997979413],[77.420260108758,23.199311452022528],[77.42018365323908,23.199260981948054],[77.41980028023231,23.19900790534057],[77.41974197153866,23.198969414095465],[77.41928479334723,23.198593511135503],[77.41900709847458,23.198278564884927],[77.41895906418362,23.198217338079868],[77.41852621282663,23.197665605898443],[77.4183501150185,23.19744209608304],[77.41827561131167,23.19737097970296],[77.4181841746988,23.197330341425847],[77.41817225570968,23.197326271335548],[77.41806553307029,23.197289828795657],[77.41804532814479,23.19728293002219],[77.41763392958023,23.197261121834256],[77.41763874375667,23.197265158822756],[77.41798347271727,23.197554203724504],[77.41798891912133,23.19756006792623],[77.41799126509865,23.1975620323246],[77.41804133545796,23.19761650710349],[77.41847156437221,23.19807975922147],[77.41847181857088,23.19808486588673],[77.41847246625866,23.19808556976117],[77.41847261631037,23.198088917571056],[77.41847797614382,23.19820827992113],[77.41848568655948,23.198362847988992],[77.41850034404436,23.198564277030876],[77.41852863927969,23.198677016597582],[77.41854247063719,23.19872774914255],[77.41880623833342,23.198886340312807],[77.4188778277528,23.199066812985343],[77.41890007955503,23.19911530472127],[77.41875346810833,23.199159655563673],[77.4187340726325,23.199165994354857],[77.41860753974407,23.199256324328193],[77.41860661523681,23.199342216255406],[77.41873225133122,23.199484983329093],[77.4189530646238,23.19957825832056],[77.41914722931111,23.199631558164114],[77.41921004672002,23.19965440067471],[77.41940421112815,23.19974196468287],[77.41951081106383,23.199829528959455],[77.41954888231193,23.1999075761149],[77.41956791802328,23.199939935865057],[77.41962502510236,23.200050342722122],[77.41972210651565,23.200158846597144],[77.41987248940146,23.200242604111146],[77.42000193062572,23.20025021796135],[77.42009520563892,23.20020643595207],[77.42015231317744,23.200177881980363],[77.42034794009844,23.20013206437875],[77.420411797429,23.200139577042687],[77.42048514244293,23.20014554891221],[77.42052395299841,23.200158485879115],[77.42055281179348,23.20017241840201],[77.42058167125134,23.20018734518549],[77.42059560338708,23.200202271605317],[77.42059754302684,23.2002085398993],[77.42060854032792,23.200244068274806],[77.42061451147059,23.200276907127062],[77.42061849112616,23.200329649750525],[77.42061948611213,23.200360499301084],[77.42062645185618,23.200403290321535],[77.42064237549678,23.20042518335002],[77.42064317604996,23.20042609594002],[77.42066309926929,23.200448765845014],[77.42067123431816,23.200458022833164],[77.42070705944933,23.20047494009695],[77.4207349229524,23.2004858868317],[77.42077671886621,23.2004998193363],[77.42082448456355,23.200506785444777],[77.42088419370255,23.200503800253795],[77.42091339138777,23.200498814591263],[77.42097577088069,23.2005008272555],[77.42103178489667,23.20051249672187],[77.42106912797364,23.200533502017915],[77.42109946881187,23.200559175848024],[77.42112514329975,23.20059885293892],[77.42116715390873,23.200675872932962],[77.42123016973798,23.20080890717705],[77.42035207678,23.20158482481],[77.41783194887252,23.20378610440969],[77.41802402161657,23.204304744037838],[77.418150393743,23.204616144817194],[77.41824507287274,23.204833351041135],[77.41831160530363,23.20522215219047],[77.41832442458434,23.205327569674424],[77.41838238342059,23.205612187585775],[77.41869770146695,23.20570251790131],[77.41879224434678,23.205930642148722],[77.41892773135753,23.206205999881774],[77.41880924760055,23.20691047108088],[77.41879734983158,23.206990820289317],[77.41895007542482,23.207399967602655],[77.42005968528855,23.20717959372487],[77.42006069501952,23.20718378905916],[77.42006494122528,23.207182891250334],[77.42013711672135,23.207501251093838],[77.42026369670985,23.208059584312434],[77.42029685175426,23.208340951887692],[77.42015585439324,23.20845022617775],[77.42005010609635,23.208517199812995],[77.4199232080896,23.208577123613303],[77.41983265228411,23.208627431789907],[77.4197328609772,23.208682872341882],[77.4195460393509,23.20882739524218],[77.4195953880857,23.209024791586646],[77.41961343172154,23.209020359639997],[77.4197963095672,23.20897544219824],[77.41985975909459,23.20920456373631],[77.41994788222708,23.209359660990522],[77.42000075732541,23.20939843606241],[77.42018405381421,23.20951475942748],[77.42035325077617,23.209715680966738],[77.42057532302012,23.20994832718477],[77.42067754596773,23.210149248588454],[77.4207239788268,23.210408048351603],[77.42074037228994,23.211102823227467],[77.42051621139318,23.2117851522736],[77.42036184762217,23.21260315671987],[77.42028068537616,23.213491640311794],[77.4201390193999,23.21382338339076],[77.41992603838912,23.214224375542937],[77.41961095739798,23.214738843032457],[77.41952913554134,23.214864478826268],[77.4193975431359,23.21506653983863],[77.41937892589624,23.215117705762342],[77.41936817263455,23.215135264239567],[77.41918437554412,23.215638705612985],[77.41915674498341,23.215958636128644],[77.41910475751415,23.216456374933937],[77.41891034136431,23.216879464925682],[77.41887977077235,23.216944259857623],[77.41858028284717,23.217276879598344],[77.4185089229194,23.21736369770853],[77.41788167085691,23.217262901919085],[77.41732258104982,23.217172312416107],[77.41714306833897,23.21719703030857],[77.41684712507706,23.21732386173756],[77.41604913629986,23.217751923217648],[77.41510821783743,23.218285217776828],[77.41393273394308,23.218905314433606],[77.41386429188265,23.21894141891946],[77.41311896083137,23.219334597826055],[77.4123205253888,23.219747886557638],[77.4110856297977,23.220396883689666],[77.410576348105,23.220626737177486],[77.4090349811102,23.220991797357726],[77.40765218623156,23.221222477973974],[77.40758130869459,23.22123595490652],[77.40749216168147,23.221252904854655],[77.40749931437433,23.22128508857282],[77.40755223965382,23.22145562763098],[77.4075636830522,23.221492500760046],[77.40744649269845,23.221515727623533],[77.40753828285614,23.222045053846163],[77.40706663295309,23.222226726959736],[77.40697857354843,23.222315997211844],[77.406999585982,23.222875293055615],[77.40700280402254,23.222987335617386],[77.40700429487585,23.223000638877178],[77.4070081082435,23.2231021376209],[77.40704331213036,23.22334931802642],[77.40711554479965,23.22359276707664],[77.4071469879077,23.223749984201756],[77.40706313858858,23.22401201190445],[77.40705325010296,23.224053332745925],[77.40702768926127,23.224160142756293],[77.40696531506444,23.2244207761258],[77.40696972380218,23.224724702576072],[77.40700746961244,23.22492188514019],[77.40705255094088,23.225169014887435],[77.40704228908338,23.22522102811506],[77.40702490886717,23.22530912208938],[77.40711406777669,23.225310760341937],[77.41061466802071,23.224980491032735],[77.41079425856063,23.224964955015363],[77.41125917402736,23.22491979163344],[77.41155051941517,23.22492821459972],[77.41173703013608,23.224928893304106],[77.41223142899184,23.22493649387263],[77.41226415424542,23.224741577782115],[77.41226745691591,23.224677017216187],[77.41229049038266,23.224226906313017],[77.41236155119624,23.22404179663465],[77.41237710986984,23.22396265228528],[77.41240063976316,23.22342063017519],[77.41249194154784,23.223109867816564],[77.4126361754929,23.222819733278644],[77.41273682679501,23.22269634163984],[77.41282987662677,23.222619093066466],[77.41304582375564,23.22245054944349],[77.41318803303798,23.222342575034133],[77.41326390078564,23.222275551040735],[77.41333111988459,23.222216166853336],[77.41374024200508,23.22184364104497],[77.41394963450573,23.22163677565628],[77.4140821979253,23.22150581489256],[77.41423983023552,23.221337620240273],[77.41444946469115,23.221109296890262],[77.41458434568746,23.22093297720052],[77.41490796715037,23.220502326883548],[77.4149519623065,23.220445414673136],[77.41509787698652,23.220267543357647],[77.41535086958197,23.22014605407731],[77.41538266438054,23.220134249696414],[77.41557304660748,23.22007084188075],[77.41571433634427,23.220011110930265],[77.41584127158713,23.219963984287883],[77.4161270322184,23.219863687048132],[77.41618187225319,23.219848270289575],[77.416320186232,23.219651886628704],[77.41636772826813,23.219515661083555],[77.4164134411017,23.219432463213952],[77.41649755356205,23.219213037863355],[77.41660452375037,23.2189652708991],[77.41686100510452,23.21829418628193],[77.41700441161902,23.217917346868024],[77.41709959559644,23.217645675179224],[77.41724616534276,23.21738155602139],[77.4177994679837,23.217498104447866],[77.41801126697831,23.217547966238975],[77.41860684027948,23.217630160242976],[77.41895821170786,23.217682335958106],[77.41936614933513,23.21771105817028],[77.4196656486217,23.217739732287107],[77.42013590999404,23.217680658056594],[77.42253432449444,23.21743305226915],[77.42317580126537,23.217367617107595],[77.42337175429316,23.21732251631059],[77.42408088000072,23.21716565621322],[77.42433219589375,23.217034318966732],[77.42517608855765,23.216606307056352],[77.42681038463557,23.215740066985568],[77.42755736105367,23.2168662139449],[77.4278920706561,23.217263985581024],[77.42874863613282,23.21822767969107],[77.42993131124028,23.21991437360076],[77.43021659290136,23.220544766867903],[77.43051047399946,23.22116678325],[77.43124414067972,23.222610750216333],[77.42980784509459,23.22327537125714],[77.42827371105113,23.224071281151634],[77.42891814892646,23.225150031223993],[77.42897259874603,23.22527008488035],[77.42897516772388,23.22527574780653],[77.42904022102093,23.225623782281165],[77.42907274740199,23.22591651967068],[77.42907386127324,23.226001202057915],[77.42907599956985,23.226163721002575],[77.42906690359781,23.226253720117484],[77.42901419854063,23.226775218081183],[77.42891661967613,23.227204568375445],[77.42878976672584,23.227614401107132],[77.42853530237905,23.228243857124422],[77.4284798033245,23.228432022952017],[77.42803855194447,23.229473054197378],[77.42788050544512,23.230009389057766],[77.42765283108919,23.230748452427765],[77.42685686023918,23.230791311288552],[77.42190592298782,23.231083007083043],[77.42190585143972,23.231083010944932],[77.41869742969506,23.2312706493701],[77.41655495568085,23.231504809415007],[77.41654611732878,23.231505561425937],[77.41657876778025,23.2317749388587],[77.41660894610028,23.23209180286205],[77.41643941910031,23.232110443399325],[77.41607373840458,23.23217789762168],[77.41573379593194,23.232250680023096],[77.41577218815313,23.23241693920121],[77.41448811752859,23.232720630881566],[77.41436856199002,23.232386985591937],[77.41361450937193,23.232582090919607],[77.4135829584308,23.2327880735903],[77.41353145703002,23.23312430144046],[77.41343694393596,23.233182833160026],[77.41285461128552,23.23353329139264],[77.41282684052742,23.233545341736633],[77.41255198735415,23.233610439365147],[77.41244710814513,23.23363575400768],[77.41243264167271,23.23370085118833],[77.41244409780519,23.23378034414447],[77.4124655692692,23.233849586066487],[77.41249352414968,23.23397097485984],[77.41247763785012,23.234151775145737],[77.41235216274343,23.235270565838565],[77.41231796641675,23.235557569771032],[77.41236923143673,23.23553579407973],[77.41253554211276,23.23548557120392],[77.41261338213756,23.235838525700164],[77.41245055963564,23.2359120675732],[77.41240785421138,23.235928871896665],[77.41240865104673,23.235930996893725],[77.41240230724483,23.235933861986535],[77.41257255420032,23.236377239281147],[77.4125754688215,23.236375704045614],[77.4125768603593,23.23637941084064],[77.4126229108914,23.23635072460647],[77.41271348229324,23.236303038911128],[77.41274239057738,23.23633717340741],[77.4129527551556,23.236603276416822],[77.41307822668786,23.23676886209202],[77.41279065078669,23.2369184793663],[77.4126942410275,23.23697561096031],[77.41266907216918,23.23699052562908],[77.41257451085538,23.237094093415465],[77.41253631580814,23.23711257424469],[77.41250471570076,23.237127864398932],[77.4125113033982,23.23714227426577],[77.41257676322982,23.237285465628567],[77.41250921940947,23.237312484020883],[77.41233319297257,23.237371776788965],[77.4122953308215,23.237384530119133],[77.41220977604753,23.23741830178102],[77.41209044940278,23.237481342867973],[77.41198688188479,23.237535376885436],[77.4119418530762,23.23757590399119],[77.41189457199236,23.237636692758333],[77.41186980572706,23.23766596164673],[77.41179325708352,23.237681721757518],[77.41146454525133,23.237701985407057],[77.41099399085626,23.23772675089555],[77.41082963485303,23.237742510807514],[77.41067203323037,23.237832568729566],[77.41060674057665,23.23792713036607],[77.41047840823481,23.238086982873405],[77.40999209493627,23.23786634092711],[77.4094539967691,23.23770198509832],[77.40895417540689,23.23765245264105],[77.40804008481891,23.23757590444905],[77.40724982491285,23.23752862272971],[77.40627719667873,23.237535377288324],[77.40539687874322,23.237632190351675],[77.40461337328321,23.237742511139068],[77.40440173699531,23.23781230634728],[77.4042543211961,23.237937441065316],[77.40415697041227,23.237882609369084],[77.4034318039381,23.23747416715046],[77.40291182813016,23.23705847624013],[77.40289281834853,23.23686203985925],[77.40289157182137,23.23684916802926],[77.40295843297294,23.23642856713504],[77.40202707794755,23.235771620899648],[77.40138351765826,23.23532024066995],[77.40134594814978,23.235306573982168],[77.40126007168618,23.236282129595413]]]},"properties":{"zoneNumber":7,"zoneOfficerName":"Mr. Arjun Meghani","zoneOfficerMobile":"9424499907"}},{"type":"Feature","geometry":{"type":"Polygon","coordinates":[[[77.42869122690908,23.25015590622072],[77.42905735353126,23.250477987831513],[77.42953359575873,23.25087439671371],[77.42994652145721,23.25123501880797],[77.43008141010449,23.25141670560545],[77.43013096103596,23.251590134984053],[77.43021905217604,23.252126937827743],[77.43027080445853,23.25229665819321],[77.43026349922532,23.252301043799562],[77.43012610235975,23.25236087518368],[77.42989534773014,23.252455762151722],[77.42835954454932,23.25284757238643],[77.42809055340771,23.252914178700408],[77.42753780313603,23.25305572132899],[77.42749481363848,23.253059407780945],[77.42720869160074,23.25308290530156],[77.4268077296175,23.253118339142652],[77.42677911777099,23.253117618996175],[77.42642206099316,23.253112027590834],[77.42606207599792,23.253054828942314],[77.42591550226568,23.25303321778191],[77.42583831984057,23.25301379364004],[77.42563988814457,23.252967131619187],[77.42545800808423,23.252858301107455],[77.42530693636256,23.252701582551182],[77.4251138371108,23.25233266922587],[77.42496381230474,23.252055253797483],[77.4247015898551,23.251591822179567],[77.42431701923063,23.250966938312555],[77.4238100919166,23.250147866969375],[77.4237794156781,23.25009830177517],[77.42273325942581,23.25020982093458],[77.42232313256028,23.250271686789702],[77.42224062116907,23.249931324887047],[77.42234788654844,23.249804555663395],[77.4227327850631,23.249211281881223],[77.42301946798071,23.24881311081422],[77.42331809632446,23.248384414114817],[77.42362070600589,23.247972971173304],[77.42380012610765,23.24773510203106],[77.4237335213813,23.24769955977899],[77.42342560244822,23.247695578409587],[77.4230340905475,23.247715084950578],[77.42287884783492,23.247716670363825],[77.42262047725852,23.247712015891075],[77.42259209800302,23.24771150535982],[77.4226126853536,23.247426591935795],[77.42256352642963,23.24737578216141],[77.4225332724207,23.247345540065687],[77.42228059383099,23.247111470740606],[77.4219341863642,23.246791975212073],[77.4213896952921,23.24628871567779],[77.42135526118153,23.24625428956786],[77.42121741229408,23.246117013371315],[77.42119765788375,23.24609870136335],[77.42090126907156,23.245834583756313],[77.42052906206807,23.245541570113698],[77.4202107059469,23.245292903965517],[77.42007607778702,23.245235884831963],[77.4198337479869,23.24517569818905],[77.4197529711975,23.245148772837528],[77.41962942964355,23.245083834981617],[77.41959329574101,23.245065251249255],[77.419581768277,23.24504957277658],[77.4195309712477,23.245004218735037],[77.41940579317384,23.244967935061158],[77.41930419932243,23.244955235905298],[77.41913757800256,23.24495639902531],[77.41906557608915,23.244939702980215],[77.41899905384098,23.244936536433762],[77.41892302920664,23.24492228099934],[77.4188517548761,23.24491436168803],[77.4187693951357,23.244906441817232],[77.4186664439795,23.244887436270478],[77.41848113237378,23.24484625583],[77.41831853336515,23.244807752012637],[77.41825396048849,23.24479246116067],[77.41818791337225,23.244773035000037],[77.41799963900158,23.24455085582744],[77.41819424016435,23.2442663159826],[77.4182256944683,23.244230937065176],[77.41844152187196,23.24398817100819],[77.41876636210301,23.24371479094042],[77.41903281772419,23.243473172102167],[77.4191663360585,23.243361906297295],[77.41934753990273,23.243234745765605],[77.41952638770533,23.2431299027359],[77.41979321735765,23.243018846780235],[77.4202036941124,23.242861478931953],[77.4209276752045,23.24267629260233],[77.42099778773094,23.242659399159386],[77.42121111485542,23.242553774351084],[77.42134720562895,23.242488043812603],[77.42148065604074,23.242306474972015],[77.42154741459021,23.242172955921177],[77.42157284742974,23.241985395225775],[77.42161417364332,23.241721537246057],[77.42167173562792,23.241407957892214],[77.4232039994785,23.23998410001496],[77.4242239075874,23.239033707687447],[77.42403074269158,23.238819337397796],[77.42380400863131,23.23845879330957],[77.42366566101728,23.238150575137617],[77.42357893187142,23.237905378090893],[77.42316823211208,23.236734026854737],[77.42318172246503,23.23669137808858],[77.42321431213075,23.23663508591566],[77.42326764129393,23.236596570176573],[77.42327450517746,23.236590688303494],[77.42330911953813,23.236561018244686],[77.4233446725602,23.236522502079346],[77.4233683745323,23.23648102426269],[77.42336904740363,23.236478930287],[77.42339503929657,23.236398066831388],[77.42341577759925,23.236332886651013],[77.42343355459903,23.23625881811764],[77.42344362765463,23.236203415382338],[77.42345133098078,23.236161047720447],[77.42347799569627,23.23603957517084],[77.42350466090237,23.235974395058797],[77.42352577004905,23.235942732213008],[77.4235520638632,23.235903288659767],[77.4236231700123,23.23584107225425],[77.42390759336264,23.23571960009686],[77.42458802720788,23.23550176318912],[77.4247312352443,23.235455916299],[77.42551339849707,23.23527518922711],[77.42653372518681,23.235167453187344],[77.42685937636462,23.23513306692276],[77.42679009135506,23.23386149972786],[77.42676646450131,23.2334243983687],[77.42676626155774,23.233424165462754],[77.42676609615823,23.233421120675455],[77.42633968457689,23.23292796819398],[77.42628873830459,23.232899637356745],[77.42562012470805,23.232525061310024],[77.42493702562386,23.232329101722737],[77.42416905712989,23.232217430040134],[77.42369428963411,23.232146581063265],[77.42128960454818,23.232248453205674],[77.41948412458058,23.23203672265014],[77.41926197899079,23.231994073068826],[77.41885512418493,23.2319128433424],[77.41883879541406,23.23188703401309],[77.41873716229995,23.231710922027105],[77.41870640154056,23.231383177854106],[77.41869793293756,23.231276956580313],[77.41869742969506,23.2312706493701],[77.42190585143972,23.231083010944932],[77.42190592298782,23.231083007083043],[77.42685686023918,23.230791311288552],[77.42765283108919,23.230748452427765],[77.42788050544512,23.230009389057766],[77.42803855194447,23.229473054197378],[77.4284798033245,23.228432022952017],[77.42853530237905,23.228243857124422],[77.42878976672584,23.227614401107132],[77.42891661967613,23.227204568375445],[77.42901419854063,23.226775218081183],[77.42906690359781,23.226253720117484],[77.42907599956985,23.226163721002575],[77.42907386127324,23.226001202057915],[77.42907274740199,23.22591651967068],[77.42904022102093,23.225623782281165],[77.42897516772388,23.22527574780653],[77.42897259874603,23.22527008488035],[77.42891814892646,23.225150031223993],[77.42827371105113,23.224071281151634],[77.42980784509459,23.22327537125714],[77.43124414067972,23.222610750216333],[77.43051047399946,23.22116678325],[77.43021659290136,23.220544766867903],[77.42993131124028,23.21991437360076],[77.42874863613282,23.21822767969107],[77.4278920706561,23.217263985581024],[77.42755736105367,23.2168662139449],[77.42681038463557,23.215740066985568],[77.42671131346044,23.215297533100383],[77.42635054014521,23.213686039236197],[77.42634550765679,23.2136670166944],[77.42634518725728,23.213662129755168],[77.42634348481019,23.213654529080742],[77.42620950687777,23.211598947643353],[77.42620856869014,23.211584680070736],[77.42620431614081,23.21152000515899],[77.42620243928968,23.210618046090744],[77.42620215035082,23.210479188555443],[77.4259449433441,23.209861576877394],[77.42535478990234,23.208704190223806],[77.42505111897908,23.208159873918575],[77.42449534398645,23.207134267729813],[77.42414903501772,23.20656085489671],[77.42406849396016,23.206709035913068],[77.42402097070568,23.206799330966074],[77.4240257233224,23.206861111966475],[77.42404473341595,23.206932397636727],[77.42399720923252,23.206984673629098],[77.42394493326287,23.207013187692244],[77.42387839948314,23.20702744524426],[77.42384038001241,23.207013187589972],[77.4238023613356,23.20700843623597],[77.42377859889586,23.207051206987572],[77.42375008515803,23.20708922579676],[77.42366454183758,23.207160512240552],[77.4236027611975,23.20719377883893],[77.42355998989801,23.207222292924087],[77.42348870380987,23.20730308314633],[77.4234079126777,23.20734110224588],[77.42331286621221,23.20734585458475],[77.42325583662199,23.207341102037006],[77.42316554244599,23.207322093370998],[77.4230895043859,23.20730783585408],[77.42304673231354,23.20728407426261],[77.42301821834579,23.20725080735128],[77.42297069393636,23.20725080664689],[77.42297544719503,23.207269816722004],[77.42302772317788,23.207322093149813],[77.42307999853531,23.207393378732387],[77.42315128474442,23.207521692817163],[77.42311801817797,23.207621492609185],[77.42315603666283,23.207730798002608],[77.42322256959663,23.207697530669016],[77.42327959923341,23.20764525486728],[77.42346969354493,23.207635749996538],[77.42358850425013,23.20770228413288],[77.42364553229407,23.2077117875374],[77.42371681847155,23.207749807388424],[77.4237500853042,23.207830597837525],[77.42371206642042,23.2079969313721],[77.42366929383313,23.208101483931216],[77.42353147517053,23.208329598434826],[77.42341741763909,23.208434150226186],[77.4232891042711,23.20852919806968],[77.42323207510742,23.20851018919746],[77.4232083134033,23.20848642702457],[77.4230467317396,23.208400883868716],[77.4229897040039,23.208443655007397],[77.42297069426183,23.208514941336432],[77.42296118876578,23.20859097876773],[77.42296118923683,23.208652759843936],[77.422946931752,23.208714540776867],[77.4229041606913,23.20880958866687],[77.42283762698942,23.208923646336718],[77.42277109398104,23.2089664173646],[77.42271881789958,23.208952160196326],[77.42261426474019,23.208880873877707],[77.42248119934176,23.20880483594573],[77.42238615109258,23.208757312374544],[77.42228635093487,23.208681273954088],[77.42201071291544,23.208557711808048],[77.42192041774082,23.208491178730732],[77.42184438031119,23.20846741697947],[77.42171131339748,23.208434150295787],[77.42154973201828,23.208424645685437],[77.42125983618853,23.208372369282042],[77.4210269701323,23.20831534097896],[77.42076558922194,23.208258312391383],[77.42026369670985,23.208059584312434],[77.42013711672135,23.207501251093838],[77.42006494122528,23.207182891250334],[77.42006069501952,23.20718378905916],[77.42005968528855,23.20717959372487],[77.41895007542482,23.207399967602655],[77.41879734983158,23.206990820289317],[77.41880924760055,23.20691047108088],[77.41892773135753,23.206205999881774],[77.41879224434678,23.205930642148722],[77.41869770146695,23.20570251790131],[77.41838238342059,23.205612187585775],[77.41832442458434,23.205327569674424],[77.41831160530363,23.20522215219047],[77.41824507287274,23.204833351041135],[77.418150393743,23.204616144817194],[77.41802402161657,23.204304744037838],[77.41783194887252,23.20378610440969],[77.42035207678,23.20158482481],[77.42123016973798,23.20080890717705],[77.42116715390873,23.200675872932962],[77.42112514329975,23.20059885293892],[77.42109946881187,23.200559175848024],[77.42106912797364,23.200533502017915],[77.42103178489667,23.20051249672187],[77.42097577088069,23.2005008272555],[77.42091339138777,23.200498814591263],[77.42088419370255,23.200503800253795],[77.42082448456355,23.200506785444777],[77.42077671886621,23.2004998193363],[77.4207349229524,23.2004858868317],[77.42070705944933,23.20047494009695],[77.42067123431816,23.200458022833164],[77.42066309926929,23.200448765845014],[77.42064317604996,23.20042609594002],[77.42064237549678,23.20042518335002],[77.42062645185618,23.200403290321535],[77.42061948611213,23.200360499301084],[77.42061849112616,23.200329649750525],[77.42061451147059,23.200276907127062],[77.42060854032792,23.200244068274806],[77.42059754302684,23.2002085398993],[77.42059560338708,23.200202271605317],[77.42058167125134,23.20018734518549],[77.42055281179348,23.20017241840201],[77.42052395299841,23.200158485879115],[77.42048514244293,23.20014554891221],[77.420411797429,23.200139577042687],[77.42034794009844,23.20013206437875],[77.42015231317744,23.200177881980363],[77.42009520563892,23.20020643595207],[77.42000193062572,23.20025021796135],[77.41987248940146,23.200242604111146],[77.41972210651565,23.200158846597144],[77.41962502510236,23.200050342722122],[77.41956791802328,23.199939935865057],[77.41954888231193,23.1999075761149],[77.41951081106383,23.199829528959455],[77.41940421112815,23.19974196468287],[77.41921004672002,23.19965440067471],[77.41914722931111,23.199631558164114],[77.4189530646238,23.19957825832056],[77.41873225133122,23.199484983329093],[77.41860661523681,23.199342216255406],[77.41860753974407,23.199256324328193],[77.4187340726325,23.199165994354857],[77.41875346810833,23.199159655563673],[77.41890007955503,23.19911530472127],[77.4188778277528,23.199066812985343],[77.41880623833342,23.198886340312807],[77.41854247063719,23.19872774914255],[77.41852863927969,23.198677016597582],[77.41850034404436,23.198564277030876],[77.41848568655948,23.198362847988992],[77.41847797614382,23.19820827992113],[77.41847261631037,23.198088917571056],[77.41847246625866,23.19808556976117],[77.41847181857088,23.19808486588673],[77.41847156437221,23.19807975922147],[77.41804133545796,23.19761650710349],[77.41799126509865,23.1975620323246],[77.41798891912133,23.19756006792623],[77.41798347271727,23.197554203724504],[77.41763874375667,23.197265158822756],[77.41763392958023,23.197261121834256],[77.41804532814479,23.19728293002219],[77.41806553307029,23.197289828795657],[77.41817225570968,23.197326271335548],[77.4181841746988,23.197330341425847],[77.41827561131167,23.19737097970296],[77.4183501150185,23.19744209608304],[77.41852621282663,23.197665605898443],[77.41895906418362,23.198217338079868],[77.41900709847458,23.198278564884927],[77.41928479334723,23.198593511135503],[77.41974197153866,23.198969414095465],[77.41980028023231,23.19900790534057],[77.42018365323908,23.199260981948054],[77.420260108758,23.199311452022528],[77.42048023225831,23.19942997979413],[77.42066229081057,23.199482321791706],[77.42075115282097,23.19950787031114],[77.4208866137632,23.199548508059852],[77.42122865175976,23.19977879076776],[77.42129217106802,23.19982952368573],[77.42143385991749,23.19994269058963],[77.42175017495063,23.200195332161655],[77.42227847083443,23.200652512396672],[77.42278644842091,23.2009437523587],[77.42341972580967,23.201157101975962],[77.42417153254367,23.20135690695628],[77.42475365459723,23.20152207778973],[77.42517522144259,23.201641692614672],[77.42610618471001,23.201826101038684],[77.42708176359426,23.2019748179387],[77.42855108109119,23.20212650815099],[77.42991332298507,23.20226035290377],[77.42991688235911,23.202227906075098],[77.42996786532505,23.20176310755381],[77.4299807922776,23.20164311242684],[77.43014876758681,23.200083811608017],[77.43026945678263,23.198890648107813],[77.43056266485932,23.197118253209833],[77.43056977895235,23.197106704388396],[77.43057320488616,23.19708633164329],[77.4309006851086,23.196559635916106],[77.431077757787,23.196622343155607],[77.43240092647858,23.197077757327182],[77.43239942973499,23.197090389029334],[77.43240442393855,23.19709215819523],[77.43231252813828,23.1978239876026],[77.43223424095758,23.198484855260546],[77.43477770172694,23.19893234057584],[77.43483691682614,23.19771776832778],[77.43484131746423,23.197596758690782],[77.43486640066355,23.196906963425153],[77.43493432307669,23.195986817709915],[77.43502950827192,23.195472045933514],[77.43531610164116,23.193922122254946],[77.43645104743618,23.187784232874414],[77.43781671702106,23.187977906747292],[77.43825715405943,23.18802534401142],[77.43910560761461,23.188475464346862],[77.43974942726207,23.188813319900287],[77.44102461013225,23.18935123869138],[77.44220383819271,23.189439733054616],[77.44319837333826,23.189551335808613],[77.44319914087757,23.189551403708364],[77.4483565829338,23.19012754903445],[77.44835586319428,23.190130091067665],[77.44837007873505,23.190131685620127],[77.44749057413162,23.193182950571803],[77.44397063192501,23.205403003948366],[77.44291142202141,23.209849281335746],[77.4424328119227,23.21185316182315],[77.44143649199044,23.21610481068441],[77.44143647997326,23.216104866023514],[77.44143587816379,23.21610741875581],[77.43969582604807,23.22348237703847],[77.43968733338215,23.223515355933074],[77.43728095289194,23.232217877038032],[77.43713759533584,23.232736321173974],[77.43705314989273,23.233049263110406],[77.43683817600974,23.233833828089683],[77.4368352136013,23.233844636674945],[77.43548981742873,23.239236310822445],[77.43546092698345,23.23933980285879],[77.43417419456694,23.24412971015073],[77.43383937770014,23.244886503090257],[77.43368319809485,23.245110913597546],[77.43315255190724,23.245759838220224],[77.43299454071695,23.24592609523529],[77.43282976421538,23.246071603054123],[77.43249257003414,23.246362262343904],[77.431841632481,23.246806371061677],[77.43156001046357,23.24700608041465],[77.4308278879691,23.247500185034824],[77.42856582628268,23.249075805573025],[77.42793821271539,23.249512964333146],[77.4282177387398,23.249745732932645],[77.42832434011278,23.249838080085226],[77.42869122690908,23.25015590622072]]]},"properties":{"zoneNumber":9,"zoneOfficerName":"Mr. Nilesh Srivastava","zoneOfficerMobile":"9424499909"}},{"type":"Feature","geometry":{"type":"MultiPolygon","coordinates":[[[[77.42431701923063,23.250966938312555],[77.4247015898551,23.251591822179567],[77.42249495521862,23.253056241633036],[77.42016040737829,23.25470524210541],[77.41888412375599,23.255596435264824],[77.41880456684927,23.255652760258787],[77.41828482598824,23.256012448810274],[77.41599655882797,23.25763903199421],[77.41589052155892,23.257667441945266],[77.41452222400841,23.258005307403657],[77.41439729418131,23.258029460640966],[77.41385745219227,23.258133831132316],[77.41380818614606,23.25814321278072],[77.41380740901299,23.258143506667103],[77.41379622908788,23.25814566834827],[77.41364790090677,23.25820372711622],[77.41352002032095,23.258252005859696],[77.41351195489705,23.258256939369996],[77.4135032959292,23.25826032780207],[77.41311921156627,23.25849715302936],[77.41296992668588,23.258588460306793],[77.41231499674969,23.258957428362137],[77.41215767183967,23.259040459415523],[77.41187639838317,23.259106017246687],[77.41152204010046,23.259111357590537],[77.41108172211416,23.259060057061433],[77.41073983110583,23.258989363644602],[77.41054459598196,23.258911994396325],[77.41054219328846,23.258901430274463],[77.4105191864438,23.25880026005274],[77.4104812743326,23.25864797095346],[77.41046005292964,23.25823493133628],[77.41043382291507,23.25772441276338],[77.41043348733999,23.257717874029378],[77.41044428017169,23.257698314325435],[77.41047962391633,23.257641643220587],[77.41047711336758,23.25712493080043],[77.41040097199767,23.25686102493284],[77.41039956235326,23.256859494271623],[77.41013276394817,23.25656981931597],[77.41012158122552,23.25655564300238],[77.40990866331549,23.256285734960276],[77.40987180743394,23.256239015224168],[77.40986596121178,23.256230649694132],[77.40895864411988,23.254932475573323],[77.40895236274137,23.25491781868267],[77.40892054819294,23.25484357980767],[77.40877719083578,23.254509061362228],[77.40873918918454,23.25417991576822],[77.40871375601529,23.253918067330357],[77.40871353942683,23.253909799783575],[77.40870677415704,23.25385219570178],[77.40870006125567,23.25367615387898],[77.40864918703902,23.253532823947186],[77.40864464068522,23.25352286579427],[77.40824376209527,23.25338613461581],[77.40823499838464,23.25338025926553],[77.40821253959918,23.253372625406445],[77.40815997799915,23.253329957256817],[77.4081201596296,23.25330325898754],[77.40807024030346,23.25308185655772],[77.40797616567092,23.252746661314262],[77.40777730145876,23.252629781004035],[77.40766808100739,23.25256795978132],[77.40761406925236,23.25252453837405],[77.40735456135604,23.25231873576554],[77.40705250169185,23.2519574494404],[77.40683770547098,23.251853770002157],[77.40682486787972,23.251848254943887],[77.40638859173029,23.25157841478951],[77.40611429945528,23.251494046420433],[77.40603127012439,23.251443411678935],[77.4058596945812,23.25134935494661],[77.4056016920184,23.251257977216376],[77.40556036775514,23.251243342346434],[77.40555937514587,23.251242989690706],[77.4055515361269,23.25124021406063],[77.40568792752563,23.250397901033246],[77.40551602908427,23.250335557811546],[77.40521239988185,23.250217391907075],[77.40501136369345,23.25015253004139],[77.4040434024034,23.24980147716983],[77.40375997778138,23.249672000216183],[77.40374974675508,23.249673017815343],[77.40373971605673,23.249668169755665],[77.40275243338354,23.24976237618711],[77.40224403348545,23.24982284910907],[77.40190288719973,23.249856796343675],[77.40178810828162,23.249934644112855],[77.40176129094579,23.249950035813395],[77.40146173688257,23.249971346776178],[77.40106192238729,23.249990972713924],[77.40073851371547,23.24996985209844],[77.40065001943688,23.249987845409173],[77.40026689993499,23.250052441642413],[77.40003421818314,23.250113054171198],[77.39982743826266,23.25015509826508],[77.39938723096527,23.250324165101784],[77.39923631976288,23.25038074060904],[77.39922902195892,23.250384927277757],[77.39921939832462,23.250388623246344],[77.39885843088636,23.250597485055184],[77.39809487721561,23.251035432754914],[77.39809244111414,23.251036439952227],[77.39763795340166,23.25055074081638],[77.39732310026855,23.25023588763631],[77.3973674455518,23.250147197252986],[77.39743839938554,23.250071809931583],[77.39752043805012,23.24998977079249],[77.39756921829269,23.24991438322364],[77.39761799764312,23.249841213041243],[77.39764238825305,23.249768042683012],[77.39765482447395,23.249741708135094],[77.39768008197848,23.249688221208974],[77.39776655519655,23.249632788904012],[77.39783085584253,23.249592877694948],[77.39789072323542,23.24957514010141],[77.39794837233528,23.24957513961765],[77.39796555000022,23.249573118875656],[77.3979860661341,23.24957070584506],[77.39869337651164,23.249180464686063],[77.39885980768136,23.24907551366286],[77.39941794572059,23.24875954190242],[77.39990718129552,23.248570034870184],[77.40014500305892,23.248461675000705],[77.40023660004523,23.248419940376845],[77.40027800237287,23.248388198102596],[77.40042769839464,23.248273431011384],[77.40043615532484,23.248266948415928],[77.4006268405937,23.24810508601056],[77.40079978809803,23.247972050248084],[77.40108359962312,23.24782349317175],[77.40126763303235,23.247741452808654],[77.40135410682977,23.247708194133004],[77.40189290662775,23.247499778096767],[77.40230310116094,23.2473866891815],[77.40253148049298,23.24728247731244],[77.40273768744625,23.247153875039146],[77.40303760155008,23.24705267721849],[77.40309910349536,23.247031925190058],[77.4033585243172,23.246956537981585],[77.40346938812013,23.246918843917726],[77.40360464181249,23.246861195019438],[77.4038086310515,23.246810197969626],[77.40423926219684,23.246725645337815],[77.40429421401709,23.24671485483886],[77.40446673263338,23.24666373821097],[77.4045336799533,23.246643901767083],[77.40469110738343,23.246510864603042],[77.40478223297428,23.246433028076417],[77.40481806671127,23.246320806101398],[77.4047982745449,23.24622352563551],[77.40476786970373,23.24609793466945],[77.40453879702045,23.245763673282127],[77.40409179214097,23.245406275928765],[77.40384751728656,23.245283235685708],[77.40343697774206,23.245089246801143],[77.4031679724083,23.244969089715042],[77.4028189716903,23.244754074999147],[77.40245959672265,23.244467334221163],[77.40228144891033,23.244328811349483],[77.4021609017369,23.24420338516672],[77.40193622819132,23.243978367718512],[77.40188237652951,23.24398796096785],[77.40184023031964,23.244003042124838],[77.40183493624032,23.243996410843682],[77.40183426366562,23.243996531355855],[77.40178456347505,23.243933321976222],[77.40085084267257,23.24276388267974],[77.40076202490528,23.24263157863461],[77.40112025769203,23.2424421230837],[77.40139347200308,23.242297628806302],[77.40132151223288,23.242213999819878],[77.40122976272,23.242107374283567],[77.40095544129197,23.2418529618417],[77.40098338103006,23.241816480151535],[77.40106235204745,23.241713363574874],[77.40108072920368,23.241689981776304],[77.40127196828074,23.241418545851307],[77.40147965779396,23.241108038916206],[77.40192176978783,23.240476744418796],[77.40204631162875,23.240289434463822],[77.40252417313167,23.239675968131746],[77.40284019939773,23.239246585973248],[77.4030084891369,23.239014365306584],[77.40306004193549,23.23894773624055],[77.40226310884223,23.23835347139612],[77.4012995234715,23.237641392071833],[77.40114189259666,23.237513623727903],[77.40115934133051,23.237313158242145],[77.40118449985951,23.237024102945444],[77.40126007168618,23.236282129595413],[77.40134594814978,23.235306573982168],[77.40138351765826,23.23532024066995],[77.40202707794755,23.235771620899648],[77.40295843297294,23.23642856713504],[77.40289157182137,23.23684916802926],[77.40289281834853,23.23686203985925],[77.40291182813016,23.23705847624013],[77.4034318039381,23.23747416715046],[77.40415697041227,23.237882609369084],[77.4042543211961,23.237937441065316],[77.40440173699531,23.23781230634728],[77.40461337328321,23.237742511139068],[77.40539687874322,23.237632190351675],[77.40627719667873,23.237535377288324],[77.40724982491285,23.23752862272971],[77.40804008481891,23.23757590444905],[77.40895417540689,23.23765245264105],[77.4094539967691,23.23770198509832],[77.40999209493627,23.23786634092711],[77.41047840823481,23.238086982873405],[77.41060674057665,23.23792713036607],[77.41067203323037,23.237832568729566],[77.41082963485303,23.237742510807514],[77.41099399085626,23.23772675089555],[77.41146454525133,23.237701985407057],[77.41179325708352,23.237681721757518],[77.41186980572706,23.23766596164673],[77.41189457199236,23.237636692758333],[77.4119418530762,23.23757590399119],[77.41198688188479,23.237535376885436],[77.41209044940278,23.237481342867973],[77.41220977604753,23.23741830178102],[77.4122953308215,23.237384530119133],[77.41233319297257,23.237371776788965],[77.41250921940947,23.237312484020883],[77.41257676322982,23.237285465628567],[77.4125113033982,23.23714227426577],[77.41250471570076,23.237127864398932],[77.41253631580814,23.23711257424469],[77.41257451085538,23.237094093415465],[77.41266907216918,23.23699052562908],[77.4126942410275,23.23697561096031],[77.41279065078669,23.2369184793663],[77.41307822668786,23.23676886209202],[77.4129527551556,23.236603276416822],[77.41274239057738,23.23633717340741],[77.41271348229324,23.236303038911128],[77.4126229108914,23.23635072460647],[77.4125768603593,23.23637941084064],[77.4125754688215,23.236375704045614],[77.41257255420032,23.236377239281147],[77.41240230724483,23.235933861986535],[77.41240865104673,23.235930996893725],[77.41240785421138,23.235928871896665],[77.41245055963564,23.2359120675732],[77.41261338213756,23.235838525700164],[77.41253554211276,23.23548557120392],[77.41236923143673,23.23553579407973],[77.41231796641675,23.235557569771032],[77.41235216274343,23.235270565838565],[77.41247763785012,23.234151775145737],[77.41249352414968,23.23397097485984],[77.4124655692692,23.233849586066487],[77.41244409780519,23.23378034414447],[77.41243264167271,23.23370085118833],[77.41244710814513,23.23363575400768],[77.41255198735415,23.233610439365147],[77.41282684052742,23.233545341736633],[77.41285461128552,23.23353329139264],[77.41343694393596,23.233182833160026],[77.41353145703002,23.23312430144046],[77.4135829584308,23.2327880735903],[77.41361450937193,23.232582090919607],[77.41436856199002,23.232386985591937],[77.41448811752859,23.232720630881566],[77.41577218815313,23.23241693920121],[77.41573379593194,23.232250680023096],[77.41607373840458,23.23217789762168],[77.41643941910031,23.232110443399325],[77.41660894610028,23.23209180286205],[77.41657876778025,23.2317749388587],[77.41654611732878,23.231505561425937],[77.41655495568085,23.231504809415007],[77.41869742969506,23.2312706493701],[77.41869793293756,23.231276956580313],[77.41870640154056,23.231383177854106],[77.41873716229995,23.231710922027105],[77.41883879541406,23.23188703401309],[77.41885512418493,23.2319128433424],[77.41926197899079,23.231994073068826],[77.41948412458058,23.23203672265014],[77.42128960454818,23.232248453205674],[77.42369428963411,23.232146581063265],[77.42416905712989,23.232217430040134],[77.42493702562386,23.232329101722737],[77.42562012470805,23.232525061310024],[77.42628873830459,23.232899637356745],[77.42633968457689,23.23292796819398],[77.42676609615823,23.233421120675455],[77.42676626155774,23.233424165462754],[77.42676646450131,23.2334243983687],[77.42679009135506,23.23386149972786],[77.42685937636462,23.23513306692276],[77.42653372518681,23.235167453187344],[77.42551339849707,23.23527518922711],[77.4247312352443,23.235455916299],[77.42458802720788,23.23550176318912],[77.42390759336264,23.23571960009686],[77.4236231700123,23.23584107225425],[77.4235520638632,23.235903288659767],[77.42352577004905,23.235942732213008],[77.42350466090237,23.235974395058797],[77.42347799569627,23.23603957517084],[77.42345133098078,23.236161047720447],[77.42344362765463,23.236203415382338],[77.42343355459903,23.23625881811764],[77.42341577759925,23.236332886651013],[77.42339503929657,23.236398066831388],[77.42336904740363,23.236478930287],[77.4233683745323,23.23648102426269],[77.4233446725602,23.236522502079346],[77.42330911953813,23.236561018244686],[77.42327450517746,23.236590688303494],[77.42326764129393,23.236596570176573],[77.42321431213075,23.23663508591566],[77.42318172246503,23.23669137808858],[77.42316823211208,23.236734026854737],[77.42357893187142,23.237905378090893],[77.42366566101728,23.238150575137617],[77.42380400863131,23.23845879330957],[77.42403074269158,23.238819337397796],[77.4242239075874,23.239033707687447],[77.4232039994785,23.23998410001496],[77.42167173562792,23.241407957892214],[77.42161417364332,23.241721537246057],[77.42157284742974,23.241985395225775],[77.42154741459021,23.242172955921177],[77.42148065604074,23.242306474972015],[77.42134720562895,23.242488043812603],[77.42121111485542,23.242553774351084],[77.42099778773094,23.242659399159386],[77.4209276752045,23.24267629260233],[77.4202036941124,23.242861478931953],[77.41979321735765,23.243018846780235],[77.41952638770533,23.2431299027359],[77.41934753990273,23.243234745765605],[77.4191663360585,23.243361906297295],[77.41903281772419,23.243473172102167],[77.41876636210301,23.24371479094042],[77.41844152187196,23.24398817100819],[77.4182256944683,23.244230937065176],[77.41819424016435,23.2442663159826],[77.41799963900158,23.24455085582744],[77.41818791337225,23.244773035000037],[77.41825396048849,23.24479246116067],[77.41831853336515,23.244807752012637],[77.41848113237378,23.24484625583],[77.4186664439795,23.244887436270478],[77.4187693951357,23.244906441817232],[77.4188517548761,23.24491436168803],[77.41892302920664,23.24492228099934],[77.41899905384098,23.244936536433762],[77.41906557608915,23.244939702980215],[77.41910895939144,23.244949762601323],[77.41913757800256,23.24495639902531],[77.41930419932243,23.244955235905298],[77.41940579317384,23.244967935061158],[77.4195309712477,23.245004218735037],[77.419581768277,23.24504957277658],[77.41959329574101,23.245065251249255],[77.41962942964355,23.245083834981617],[77.4197529711975,23.245148772837528],[77.4198337479869,23.24517569818905],[77.41995163324238,23.24520497655925],[77.42007607778702,23.245235884831963],[77.4202107059469,23.245292903965517],[77.42052906206807,23.245541570113698],[77.42090126907156,23.245834583756313],[77.42119765788375,23.24609870136335],[77.42121741229408,23.246117013371315],[77.42135526118153,23.24625428956786],[77.4213896952921,23.24628871567779],[77.4219341863642,23.246791975212073],[77.42228059383099,23.247111470740606],[77.4225332724207,23.247345540065687],[77.42256352642963,23.24737578216141],[77.4226126853536,23.247426591935795],[77.42259209800302,23.24771150535982],[77.42262047725852,23.247712015891075],[77.42287884783492,23.247716670363825],[77.4230340905475,23.247715084950578],[77.42342560244822,23.247695578409587],[77.4237335213813,23.24769955977899],[77.42380012610765,23.24773510203106],[77.42362070600589,23.247972971173304],[77.42331809632446,23.248384414114817],[77.42301946798071,23.24881311081422],[77.4227327850631,23.249211281881223],[77.42234788654844,23.249804555663395],[77.42224062116907,23.249931324887047],[77.42232313256028,23.250271686789702],[77.42273325942581,23.25020982093458],[77.4237794156781,23.25009830177517],[77.4238100919166,23.250147866969375],[77.42431701923063,23.250966938312555]]],[[[77.41079425856063,23.224964955015363],[77.41061466802071,23.224980491032735],[77.40711406777669,23.225310760341937],[77.40702490886717,23.22530912208938],[77.40704228908338,23.22522102811506],[77.40705255094088,23.225169014887435],[77.40700746961244,23.22492188514019],[77.40696972380218,23.224724702576072],[77.40696531506444,23.2244207761258],[77.40702768926127,23.224160142756293],[77.40705325010296,23.224053332745925],[77.40706313858858,23.22401201190445],[77.4071469879077,23.223749984201756],[77.40711554479965,23.22359276707664],[77.40704331213036,23.22334931802642],[77.4070081082435,23.2231021376209],[77.40700429487585,23.223000638877178],[77.40700280402254,23.222987335617386],[77.406999585982,23.222875293055615],[77.40697857354843,23.222315997211844],[77.40706663295309,23.222226726959736],[77.40753828285614,23.222045053846163],[77.40744649269845,23.221515727623533],[77.4075636830522,23.221492500760046],[77.40755223965382,23.22145562763098],[77.40749931437433,23.22128508857282],[77.40749216168147,23.221252904854655],[77.40758130869459,23.22123595490652],[77.40765218623156,23.221222477973974],[77.4090349811102,23.220991797357726],[77.410576348105,23.220626737177486],[77.4110856297977,23.220396883689666],[77.4123205253888,23.219747886557638],[77.41311896083137,23.219334597826055],[77.41350901429924,23.219128836304368],[77.41386429188265,23.21894141891946],[77.41393273394308,23.218905314433606],[77.41510821783743,23.218285217776828],[77.41604913629986,23.217751923217648],[77.41684712507706,23.21732386173756],[77.41714306833897,23.21719703030857],[77.41732258104982,23.217172312416107],[77.41788167085691,23.217262901919085],[77.4185089229194,23.21736369770853],[77.41858028284717,23.217276879598344],[77.41860356107223,23.217251027379813],[77.41887977077235,23.216944259857623],[77.41891034136431,23.216879464925682],[77.41910475751415,23.216456374933937],[77.41915674498341,23.215958636128644],[77.41918437554412,23.215638705612985],[77.41936817263455,23.215135264239567],[77.41937892589624,23.215117705762342],[77.4193975431359,23.21506653983863],[77.41952913554134,23.214864478826268],[77.41961095739798,23.214738843032457],[77.41992603838912,23.214224375542937],[77.4201390193999,23.21382338339076],[77.42028068537616,23.213491640311794],[77.42036184762217,23.21260315671987],[77.42051621139318,23.2117851522736],[77.42061136769591,23.21149550198851],[77.42074037228994,23.211102823227467],[77.4207239788268,23.210408048351603],[77.42067754596773,23.210149248588454],[77.42057532302012,23.20994832718477],[77.42035325077617,23.209715680966738],[77.42018405381421,23.20951475942748],[77.42000075732541,23.20939843606241],[77.41994788222708,23.209359660990522],[77.41985975909459,23.20920456373631],[77.4197963095672,23.20897544219824],[77.41961343172154,23.209020359639997],[77.4195953880857,23.209024791586646],[77.4195460393509,23.20882739524218],[77.4197328609772,23.208682872341882],[77.41983265228411,23.208627431789907],[77.4199232080896,23.208577123613303],[77.42005010609635,23.208517199812995],[77.42015585439324,23.20845022617775],[77.42029685175426,23.208340951887692],[77.42026369670985,23.208059584312434],[77.42076558922194,23.208258312391383],[77.4210269701323,23.20831534097896],[77.42125983618853,23.208372369282042],[77.42154973201828,23.208424645685437],[77.42171131339748,23.208434150295787],[77.42184438031119,23.20846741697947],[77.42192041774082,23.208491178730732],[77.42201071291544,23.208557711808048],[77.42228635093487,23.208681273954088],[77.42238615109258,23.208757312374544],[77.42248119934176,23.20880483594573],[77.42261426474019,23.208880873877707],[77.42271881789958,23.208952160196326],[77.42277109398104,23.2089664173646],[77.42283762698942,23.208923646336718],[77.4229041606913,23.20880958866687],[77.422946931752,23.208714540776867],[77.42296118923683,23.208652759843936],[77.42296118876578,23.20859097876773],[77.42297069426183,23.208514941336432],[77.4229897040039,23.208443655007397],[77.4230467317396,23.208400883868716],[77.4232083134033,23.20848642702457],[77.42323207510742,23.20851018919746],[77.4232891042711,23.20852919806968],[77.42341741763909,23.208434150226186],[77.42353147517053,23.208329598434826],[77.42366929383313,23.208101483931216],[77.42371206642042,23.2079969313721],[77.4237500853042,23.207830597837525],[77.42371681847155,23.207749807388424],[77.42364553229407,23.2077117875374],[77.42358850425013,23.20770228413288],[77.42346969354493,23.207635749996538],[77.42327959923341,23.20764525486728],[77.42322256959663,23.207697530669016],[77.42315603666283,23.207730798002608],[77.42311801817797,23.207621492609185],[77.42315128474442,23.207521692817163],[77.42307999853531,23.207393378732387],[77.42302772317788,23.207322093149813],[77.42297544719503,23.207269816722004],[77.42297069393636,23.20725080664689],[77.42301821834579,23.20725080735128],[77.42304673231354,23.20728407426261],[77.4230895043859,23.20730783585408],[77.42316554244599,23.207322093370998],[77.42325583662199,23.207341102037006],[77.42331286621221,23.20734585458475],[77.4234079126777,23.20734110224588],[77.42348870380987,23.20730308314633],[77.42355998989801,23.207222292924087],[77.4236027611975,23.20719377883893],[77.42366454183758,23.207160512240552],[77.42375008515803,23.20708922579676],[77.42377859889586,23.207051206987572],[77.4238023613356,23.20700843623597],[77.42384038001241,23.207013187589972],[77.42387839948314,23.20702744524426],[77.42394493326287,23.207013187692244],[77.42399720923252,23.206984673629098],[77.42404473341595,23.206932397636727],[77.4240257233224,23.206861111966475],[77.42402097070568,23.206799330966074],[77.42406849396016,23.206709035913068],[77.42414903501772,23.20656085489671],[77.42449534398645,23.207134267729813],[77.42505111897908,23.208159873918575],[77.42535478990234,23.208704190223806],[77.4259449433441,23.209861576877394],[77.42620215035082,23.210479188555443],[77.42620243928968,23.210618046090744],[77.42620431614081,23.21152000515899],[77.42620856869014,23.211584680070736],[77.42620950687777,23.211598947643353],[77.42634348481019,23.213654529080742],[77.42634518725728,23.213662129755168],[77.42634550765679,23.2136670166944],[77.42635054014521,23.213686039236197],[77.42671131346044,23.215297533100383],[77.42681038463557,23.215740066985568],[77.42517608855765,23.216606307056352],[77.42433219589375,23.217034318966732],[77.42408088000072,23.21716565621322],[77.42337175429316,23.21732251631059],[77.42317580126537,23.217367617107595],[77.42253432449444,23.21743305226915],[77.42013590999404,23.217680658056594],[77.4196656486217,23.217739732287107],[77.41936614933513,23.21771105817028],[77.41895821170786,23.217682335958106],[77.41860684027948,23.217630160242976],[77.41801126697831,23.217547966238975],[77.4177994679837,23.217498104447866],[77.4174786371013,23.21743052360555],[77.41724616534276,23.21738155602139],[77.41709959559644,23.217645675179224],[77.41700441161902,23.217917346868024],[77.41686100510452,23.21829418628193],[77.41660452375037,23.2189652708991],[77.41649755356205,23.219213037863355],[77.4164134411017,23.219432463213952],[77.41636772826813,23.219515661083555],[77.416320186232,23.219651886628704],[77.41618187225319,23.219848270289575],[77.4161270322184,23.219863687048132],[77.41584127158713,23.219963984287883],[77.41571433634427,23.220011110930265],[77.41557304660748,23.22007084188075],[77.41538266438054,23.220134249696414],[77.41535086958197,23.22014605407731],[77.41509787698652,23.220267543357647],[77.4149519623065,23.220445414673136],[77.41490796715037,23.220502326883548],[77.41458434568746,23.22093297720052],[77.41444946469115,23.221109296890262],[77.41423983023552,23.221337620240273],[77.4140821979253,23.22150581489256],[77.41394963450573,23.22163677565628],[77.41374024200508,23.22184364104497],[77.41333111988459,23.222216166853336],[77.41326390078564,23.222275551040735],[77.41318803303798,23.222342575034133],[77.41304582375564,23.22245054944349],[77.41282987662677,23.222619093066466],[77.41273682679501,23.22269634163984],[77.4126361754929,23.222819733278644],[77.41249194154784,23.223109867816564],[77.41240063976316,23.22342063017519],[77.41237710986984,23.22396265228528],[77.41236155119624,23.22404179663465],[77.41229049038266,23.224226906313017],[77.41226745691591,23.224677017216187],[77.41226415424542,23.224741577782115],[77.41223142899184,23.22493649387263],[77.41173703013608,23.224928893304106],[77.41155051941517,23.22492821459972],[77.41125917402736,23.22491979163344],[77.41079425856063,23.224964955015363]]]]},"properties":{"zoneNumber":8,"zoneOfficerName":"Mr. Anil Sharma","zoneOfficerMobile":"9424499908"}},{"type":"Feature","geometry":{"type":"MultiPolygon","coordinates":[[[[77.43891884068732,23.252670844205273],[77.43890028748898,23.253109831316035],[77.4383848447602,23.253119817957643],[77.43838147859275,23.252922930150444],[77.43837327789478,23.252603458019813],[77.43754100031053,23.252636852913486],[77.43732636140007,23.25263685334589],[77.43710254847683,23.25263012186854],[77.43683482446974,23.25264143888847],[77.4367231555213,23.251460365594234],[77.43672220768897,23.251460306603818],[77.43672127820835,23.251450554832985],[77.43652273345509,23.251447833236032],[77.43581130961428,23.251403344022883],[77.43529487966285,23.251358337614082],[77.43507476492805,23.251357284868472],[77.43494698796357,23.251356673360206],[77.43496620608134,23.25153944921154],[77.43496736068951,23.251601024380417],[77.43427709373002,23.2516552532658],[77.43411240200021,23.25166819105419],[77.43346479270845,23.251736866593205],[77.43338945507409,23.251102013082278],[77.43338559188334,23.251068600025604],[77.43302085550415,23.251033972753955],[77.4325707079959,23.251029356197723],[77.43191279936228,23.251038589679084],[77.43188462580714,23.251040274595578],[77.43164271015253,23.251054748768965],[77.43148804435529,23.251043206709575],[77.4314063850954,23.251037232035877],[77.43120410408804,23.25102243043609],[77.43109560702773,23.251017814419374],[77.43090856666235,23.251050604724412],[77.43071334982216,23.25196094319749],[77.43055799502616,23.25212183325378],[77.43027080445853,23.25229665819321],[77.43021905217604,23.252126937827743],[77.43013096103596,23.251590134984053],[77.43008141010449,23.25141670560545],[77.42994652145721,23.25123501880797],[77.42953359575873,23.25087439671371],[77.42905735353126,23.250477987831513],[77.42869122690908,23.25015590622072],[77.42832434011278,23.249838080085226],[77.4282177387398,23.249745732932645],[77.42793821271539,23.249512964333146],[77.42856582628268,23.249075805573025],[77.4308278879691,23.247500185034824],[77.43156001046357,23.24700608041465],[77.431841632481,23.246806371061677],[77.43249257003414,23.246362262343904],[77.43282976421538,23.246071603054123],[77.43299454071695,23.24592609523529],[77.43315255190724,23.245759838220224],[77.43368319809485,23.245110913597546],[77.43383937770014,23.244886503090257],[77.43417419456694,23.24412971015073],[77.43546092698345,23.23933980285879],[77.43548981742873,23.239236310822445],[77.4368352136013,23.233844636674945],[77.43683817600974,23.233833828089683],[77.43705314989273,23.233049263110406],[77.43713759533584,23.232736321173974],[77.43728095289194,23.232217877038032],[77.43968733338215,23.223515355933074],[77.4397457068006,23.223521117164086],[77.44004479391553,23.22365151578699],[77.44052415901957,23.223672820743353],[77.44201585140848,23.223749418858592],[77.4420901027413,23.223756999118372],[77.44253357022932,23.223754333747845],[77.44382938379698,23.22376672479403],[77.444206427311,23.22382886788434],[77.44500453465545,23.22388570606352],[77.44562382693661,23.22392980980844],[77.44562803316506,23.223929809898625],[77.44570777650924,23.22393498064478],[77.4459960519262,23.22395083990599],[77.44646291054842,23.223976074809972],[77.44745340882625,23.22400762036498],[77.44773941223914,23.22404336962283],[77.44798756200908,23.224095945048663],[77.44824622693106,23.224104355852045],[77.44844811230531,23.224051781718494],[77.44872360142264,23.224047575765844],[77.44888973538822,23.224045473188056],[77.44907059088254,23.224104356259527],[77.4492220038614,23.224192681274637],[77.4492766812734,23.224226329116547],[77.44936921225766,23.22426838820442],[77.44941391707899,23.2242613228255],[77.44950405226034,23.22423924890953],[77.4496052236849,23.224233730772823],[77.44966592669115,23.224235570434292],[77.44972847010965,23.224257643792747],[77.44976893887066,23.224298113240433],[77.44983699969968,23.224369853375038],[77.44983882607086,23.224373261721617],[77.44986459302197,23.22442135874991],[77.44988114756042,23.224450791197125],[77.44991425948142,23.22446550706489],[77.44994185112338,23.224439753793312],[77.44996760385058,23.224390088254435],[77.44997059120074,23.22438662277635],[77.45001359168783,23.224336743242983],[77.4500724553978,23.22433858190955],[77.45012028244507,23.224355137651347],[77.45015707182965,23.224395606263396],[77.45016811783731,23.224406652308048],[77.45018650399537,23.22442503797085],[77.45026560242417,23.224452631123818],[77.45031158978576,23.224465506626988],[77.4503796514023,23.22447286462529],[77.45044219447324,23.224489421292905],[77.45049369948994,23.2245096552321],[77.45053232874103,23.224562999592916],[77.45056359960518,23.224636579959796],[77.45062614293265,23.22474694959306],[77.45070156203184,23.224765345146555],[77.45078617888132,23.22475614670457],[77.45086159771681,23.224723036460382],[77.45090942518115,23.2247009621362],[77.45100875818213,23.224653135731568],[77.45109153533598,23.224632900956717],[77.45115959581962,23.224614505786906],[77.45131227364493,23.224592431801945],[77.45139321168284,23.224605309422625],[77.45144839662308,23.224612666761796],[77.45154404968724,23.224603469129608],[77.45163050653755,23.22459427191313],[77.45171603221422,23.224563611948177],[77.45172800041675,23.224559321168883],[77.45178870320102,23.22454460462985],[77.45188251726339,23.224561160596227],[77.451932960575,23.22458560780043],[77.45196901315184,23.224603081199458],[77.45203817985347,23.224672248060287],[77.45207062130812,23.224687387001175],[77.4521122865298,23.22470683086464],[77.45219627606514,23.224771058213936],[77.45223579894129,23.22481552185336],[77.45222097765117,23.224889630210992],[77.45213699031576,23.224983498550305],[77.45209252472547,23.225052666047],[77.45202829899205,23.22510207112295],[77.4520274309435,23.225102456129243],[77.4519393695487,23.225141594986287],[77.45182079760178,23.22518605934534],[77.45173186907327,23.225220643185395],[77.45171457062825,23.22524423089292],[77.45167752389348,23.225294750359616],[77.45164788148136,23.225368857269558],[77.4516528209255,23.225462727213674],[77.45165282094106,23.225541775175653],[77.4516528214099,23.22566528742599],[77.45160341742199,23.225754215621993],[77.45155895210229,23.225922192385866],[77.45153984505147,23.225943036953648],[77.45142794525306,23.226065109324527],[77.45139591614327,23.22610004969323],[77.45134144361872,23.22612446908282],[77.45133769031635,23.226126150735915],[77.45110936731271,23.226228502860394],[77.45091174837997,23.226198859545022],[77.45073968557617,23.22623415469361],[77.45071906794766,23.226238383997444],[77.45065923786021,23.226272341946174],[77.4505362702177,23.226342134042305],[77.45044240124041,23.226455765916747],[77.45038311510474,23.226589159226368],[77.4501558515773,23.226851005257362],[77.45001257782992,23.227038743687526],[77.44986436336593,23.227256124541587],[77.44980307702275,23.227336911805953],[77.44975567266235,23.227399400392756],[77.44975939438508,23.227435869767696],[77.44978037463952,23.227641484147053],[77.449754711812,23.227761242243158],[77.449750732474,23.227779816943166],[77.44974579240235,23.22789344932912],[77.449752309565,23.227928213634307],[77.44977543512402,23.228051543646004],[77.44984460068525,23.228214581192418],[77.44989894676009,23.228347974026306],[77.44994835243214,23.228476427293906],[77.44995656458988,23.22857087793515],[77.44995823276196,23.22859005768395],[77.44994741329512,23.228654975248304],[77.44994341106786,23.22867898687711],[77.4498940055457,23.228758035377925],[77.44982122301704,23.22879685287693],[77.44981989899978,23.228797559322974],[77.44952841032634,23.228797558929138],[77.4493095160235,23.228801399044883],[77.44924680185841,23.22880249899581],[77.44894543185988,23.22886672598555],[77.44877745538923,23.228886487566413],[77.44871225419254,23.228868589010954],[77.44852548989815,23.22881732111506],[77.44804626246162,23.228604880109522],[77.44782888106542,23.22849618888839],[77.44773007098132,23.228511010355298],[77.44758185589679,23.228678986654224],[77.4474287012661,23.228965534705203],[77.44733950795938,23.229291089911943],[77.44732989084454,23.229326190918563],[77.44731819052943,23.2293472519637],[77.44731433480275,23.229354191910748],[77.44720637933172,23.229548512855498],[77.44706310409529,23.229701669063374],[77.44698316881862,23.2297465101859],[77.44686054449174,23.229815300259386],[77.44671233017993,23.22992893081836],[77.44671948027273,23.22995276642718],[77.4467716150083,23.23012655142725],[77.44685066312661,23.23027476607559],[77.44687488779704,23.23037973836567],[77.44690439195676,23.23050759137931],[77.44690994916279,23.230531670991716],[77.44689512786076,23.230581075630667],[77.44675679384554,23.230610719028952],[77.44626469280402,23.23069490256841],[77.4463314094542,23.231495854399174],[77.44635278401374,23.231745898671647],[77.4469853251095,23.231755465100402],[77.46631276397693,23.23194807129204],[77.46630870696167,23.23199478792292],[77.46630717907681,23.23201237604378],[77.4666554173524,23.233098902632637],[77.46674154003256,23.23337316519013],[77.46676666873616,23.235035165603463],[77.46678162081544,23.238983333573483],[77.46679335274004,23.239845700311122],[77.46679726395043,23.240629848199294],[77.46680757018379,23.242259857694627],[77.4668075698691,23.242537659620726],[77.46681174743496,23.24328751623313],[77.46682636753764,23.244131366105588],[77.46680130410117,23.244365303562944],[77.46675613535834,23.244506069205823],[77.46618795165523,23.245741624075386],[77.46618554705505,23.245840586749953],[77.46615598330676,23.24589793227632],[77.46611671991847,23.24867248980331],[77.46609858198617,23.249954263348712],[77.4660962473272,23.24995462500039],[77.46295473856132,23.250446003354092],[77.46224680975061,23.250551679688787],[77.45621513981129,23.251503220377387],[77.456213874085,23.251503426193693],[77.45003540804083,23.252470540664508],[77.44999213918969,23.25030798434194],[77.45000257510294,23.24952450064759],[77.45005021828182,23.246746109305885],[77.44923052875076,23.24669368082271],[77.44910934699207,23.246684851284467],[77.4491007454356,23.246787518079966],[77.44906053945276,23.24724651987586],[77.4483751468226,23.24807674187495],[77.44816389939028,23.24833062529852],[77.44849141939304,23.24867381624359],[77.44858098117565,23.24876911690045],[77.4484203369944,23.248968137928813],[77.44762991691701,23.248402892204563],[77.44626452045058,23.247463735702222],[77.44612461617226,23.247366079087115],[77.44612381906983,23.247366957837553],[77.44612235004722,23.2473659472088],[77.44596310973041,23.247544143134597],[77.44585859975014,23.247659367339967],[77.44556458747522,23.247461677325276],[77.44527191618585,23.247310019553755],[77.44470785979804,23.246910924278804],[77.44471550899857,23.246900457103273],[77.4449115965621,23.246632106138552],[77.44491055334693,23.246626702680334],[77.44424361462774,23.246597705888178],[77.44285750236251,23.246519999267417],[77.44285163437057,23.24651967861887],[77.4427990689944,23.246721367016306],[77.44276160913522,23.24685046004774],[77.44269920286362,23.246992080045736],[77.4420162953774,23.248536999213744],[77.44186993181245,23.24884752083127],[77.44181014614675,23.248974362913888],[77.44146104191726,23.249715016990177],[77.44140333175733,23.24983697262403],[77.44136320213644,23.249921777415125],[77.44131384786009,23.250026074113205],[77.44130305657944,23.25004887661609],[77.44116483668228,23.250003264650164],[77.44089934080283,23.249915728872814],[77.44071660385251,23.249844725130757],[77.44070877541971,23.249845042209877],[77.44060342043605,23.24984931435148],[77.4404898469044,23.24985391833073],[77.43953991838731,23.249434111015628],[77.4394891971036,23.249439340575343],[77.43923703859083,23.249447156841594],[77.43897715426645,23.249455212401887],[77.4391918323645,23.249755571142387],[77.43931794527327,23.249932017231888],[77.43947279213953,23.25029667772776],[77.43964863128934,23.250812693624464],[77.43969964621485,23.250933366137584],[77.43973613607517,23.25101967816492],[77.43972267430486,23.251021360751654],[77.4396099285873,23.251052678923006],[77.43954093098375,23.251071845010223],[77.43948708138676,23.25109877028356],[77.43952698364221,23.25116059302762],[77.43988946264349,23.25156709886846],[77.44030169918788,23.252036755283125],[77.44029235017649,23.252046101377466],[77.44005984570562,23.252247702166503],[77.43979106959333,23.252235483854893],[77.43921314727014,23.252270632712733],[77.43893249235127,23.252287248870314],[77.43891884068732,23.252670844205273]]],[[[77.43190331686047,23.259012596977495],[77.43184545727283,23.25908955172141],[77.43169183842822,23.259285758071176],[77.43142121355035,23.25948532639128],[77.42995263874622,23.2605657565965],[77.42992637788987,23.260585076823734],[77.42992400453748,23.260586718586513],[77.42834395674521,23.26167994685474],[77.42816360535089,23.2618063079559],[77.42790772317917,23.261985088061678],[77.42773243923625,23.2621030536891],[77.42703306541283,23.262586946730874],[77.42676735333322,23.262774300282132],[77.42666785019837,23.26266454881307],[77.42643491232265,23.26249283035686],[77.42549383040642,23.26219072788582],[77.4254919242058,23.26219007869741],[77.42492732229903,23.26201938542571],[77.4247199887514,23.26192924088564],[77.42470841158021,23.261924207424013],[77.42459669234879,23.26188766813286],[77.42440185176383,23.261823944230557],[77.42406356758866,23.261725202981857],[77.42395351381371,23.26171718924865],[77.42395354542947,23.261715787979696],[77.42396806030375,23.261702862955314],[77.424017479811,23.261654188631258],[77.4240900572658,23.261594227325325],[77.42411076531697,23.261575787151152],[77.42419010001545,23.261505671775588],[77.42422933131812,23.2614687238987],[77.42423584633366,23.2614652418348],[77.42424056889108,23.2614610676557],[77.42428080206818,23.261441217177076],[77.42435078998122,23.261403812912835],[77.42435921404174,23.26140252739284],[77.424374115569,23.261395174307772],[77.42443780874585,23.261390527810896],[77.4244955303637,23.261381715761992],[77.42457640018286,23.26134336285655],[77.42463575327159,23.261286950216856],[77.42463798505734,23.261277783120008],[77.42463545292108,23.261100122250376],[77.42463070514349,23.26050940207789],[77.42466306847695,23.25982835705996],[77.42462788387597,23.259412851370033],[77.425045876617,23.25936397569141],[77.42512312877676,23.259338225190707],[77.42516359405974,23.259286723710368],[77.42517463006719,23.259264652426264],[77.42518420720727,23.259248690367837],[77.42521497306817,23.258978063418105],[77.42518197464705,23.258730019306277],[77.42518566604356,23.25864663987172],[77.42523348750578,23.25860985266016],[77.4252739527817,23.258598818212388],[77.42528428945609,23.25859686178111],[77.42540909055579,23.258573251078296],[77.42546008228807,23.258557173736413],[77.42556657214588,23.258462992370443],[77.42606750576566,23.258017680378103],[77.42607094832624,23.258016909736085],[77.42607447236833,23.258013793731358],[77.42628079225811,23.257969995641613],[77.42641218489065,23.25794062076258],[77.4265300099469,23.25793768306716],[77.42694190191304,23.257920326800175],[77.42724060425608,23.25792459191473],[77.42729981733791,23.2579245916861],[77.42733813088448,23.257924591569072],[77.4274043105715,23.257917625771857],[77.42747397270188,23.257886277657953],[77.4275331867167,23.25780616579584],[77.4275424205571,23.257781539828727],[77.42759588268216,23.25763897611518],[77.4276968944174,23.257273247285465],[77.42780835354769,23.256998079586968],[77.4279023977127,23.256837856158832],[77.42806610454805,23.25666370041926],[77.42837610404496,23.256259657011146],[77.42868261866953,23.255869547175763],[77.42896475208332,23.25543763927976],[77.42925468044274,23.25504483157387],[77.42957081725677,23.25450416015958],[77.42977283783146,23.25420809419179],[77.42982629343447,23.254127049998893],[77.42987365699163,23.25405523991603],[77.42987849338571,23.25405162883589],[77.42993307376709,23.25401347394771],[77.43005226445331,23.254002291878695],[77.43007308637824,23.25400179811578],[77.43010264932381,23.25398032002647],[77.43012540846058,23.253968970759384],[77.43014132985424,23.253949717677127],[77.43019528312468,23.25390054463324],[77.43021079338884,23.253838458710725],[77.43023082966877,23.25378713523373],[77.43036014649519,23.253293621181736],[77.43044117276894,23.253091368383547],[77.43049249388633,23.252967531646917],[77.43057043893782,23.252738417562103],[77.43057319444517,23.252732699987526],[77.43060418916731,23.25265791884617],[77.4307835991479,23.252423502222573],[77.4308104907609,23.252400604941304],[77.43094310557048,23.252302090091202],[77.4309845670306,23.252287278281237],[77.43117811428702,23.252225752111155],[77.4317327678118,23.252330996643394],[77.43234193552289,23.252451268618795],[77.43339784169827,23.252690150661426],[77.43471882063469,23.25299375325474],[77.4342141330598,23.255309919710413],[77.43423112777762,23.255308119880358],[77.43487264653513,23.255246115971833],[77.43478710579055,23.255693595044885],[77.43461208516848,23.256343937207415],[77.43457217659214,23.256816474820962],[77.43453693388552,23.25681051696555],[77.43387191959704,23.256698090287475],[77.43387104488153,23.25670168172223],[77.43387085865629,23.256701652348198],[77.43375120429153,23.25715638378994],[77.43402704639347,23.257453720783392],[77.43378668593387,23.257786771624843],[77.43367504885612,23.25787869128054],[77.43190331686047,23.259012596977495]]]]},"properties":{"zoneNumber":12,"zoneOfficerName":"Mr. Vijay Tiwari","zoneOfficerMobile":"9424499912"}},{"type":"Feature","geometry":{"type":"Polygon","coordinates":[[[77.48717980279848,23.24780012360778],[77.48714995824486,23.247790094770544],[77.48713125374708,23.24778964623038],[77.48691014666599,23.247718558807115],[77.48685875204613,23.247530772346426],[77.48678241939811,23.247251850043504],[77.48637052764394,23.246053136188145],[77.4859936609766,23.24449542057378],[77.48567709318873,23.24359094092869],[77.48575423737283,23.243442368131934],[77.48581276524432,23.243329647250004],[77.48590823754009,23.24277690871372],[77.48589818815644,23.242430192355666],[77.48590867531775,23.241991401949893],[77.4859117616569,23.24186222461917],[77.4859193708388,23.24154112175473],[77.48591089799503,23.240601600174006],[77.48591971334086,23.240258866104476],[77.48592587065008,23.24001943790821],[77.48592420854904,23.238295594698677],[77.485954360114,23.23676288472536],[77.48600963835133,23.235637221552288],[77.48601219913462,23.235342696390852],[77.48597358034495,23.234358354901655],[77.48594915070944,23.233735689645535],[77.48592106803846,23.23301990619324],[77.48584764336586,23.23144427932945],[77.48582757438386,23.23134033260677],[77.4857616686379,23.230445912601265],[77.48573101459812,23.23014098411281],[77.48105236545332,23.230360509635393],[77.4802300316751,23.230595979388827],[77.47879849145578,23.231014012274255],[77.47590918940756,23.231857689306285],[77.47589760365946,23.231859517355428],[77.47589538964364,23.23186016836341],[77.47587299063875,23.23186340237792],[77.47504537523142,23.23199402060018],[77.47495627234535,23.231995742044393],[77.47491274678305,23.23200202504414],[77.47203873422632,23.23205217676772],[77.47195886311746,23.23205072537201],[77.47026983412856,23.232041788770843],[77.46858064279063,23.23202037710098],[77.4666416419103,23.231984690280772],[77.46631276397693,23.23194807129204],[77.4469853251095,23.231755465100402],[77.44635278401374,23.231745898671647],[77.4463314094542,23.231495854399174],[77.44626469280402,23.23069490256841],[77.44675679384554,23.230610719028952],[77.44689512786076,23.230581075630667],[77.44690994916279,23.230531670991716],[77.44690439195676,23.23050759137931],[77.44687488779704,23.23037973836567],[77.44685066312661,23.23027476607559],[77.4467716150083,23.23012655142725],[77.44671948027273,23.22995276642718],[77.44671233017993,23.22992893081836],[77.44686054449174,23.229815300259386],[77.44698316881862,23.2297465101859],[77.44706310409529,23.229701669063374],[77.44720637933172,23.229548512855498],[77.44731433480275,23.229354191910748],[77.44731819052943,23.2293472519637],[77.44732989084454,23.229326190918563],[77.44733950795938,23.229291089911943],[77.4474287012661,23.228965534705203],[77.44758185589679,23.228678986654224],[77.44773007098132,23.228511010355298],[77.44782888106542,23.22849618888839],[77.44804626246162,23.228604880109522],[77.44852548989815,23.22881732111506],[77.44871225419254,23.228868589010954],[77.44877745538923,23.228886487566413],[77.44894543185988,23.22886672598555],[77.44924680185841,23.22880249899581],[77.4493095160235,23.228801399044883],[77.44952841032634,23.228797558929138],[77.44981989899978,23.228797559322974],[77.44982122301704,23.22879685287693],[77.4498940055457,23.228758035377925],[77.44994341106786,23.22867898687711],[77.44994741329512,23.228654975248304],[77.44995823276196,23.22859005768395],[77.44995656458988,23.22857087793515],[77.44994835243214,23.228476427293906],[77.44989894676009,23.228347974026306],[77.44984460068525,23.228214581192418],[77.44977543512402,23.228051543646004],[77.449752309565,23.227928213634307],[77.44974579240235,23.22789344932912],[77.449750732474,23.227779816943166],[77.449754711812,23.227761242243158],[77.44978037463952,23.227641484147053],[77.44975939438508,23.227435869767696],[77.44975567266235,23.227399400392756],[77.44980307702275,23.227336911805953],[77.44986436336593,23.227256124541587],[77.45001257782992,23.227038743687526],[77.4501558515773,23.226851005257362],[77.45038311510474,23.226589159226368],[77.45044240124041,23.226455765916747],[77.4505362702177,23.226342134042305],[77.45065923786021,23.226272341946174],[77.45071906794766,23.226238383997444],[77.45073968557617,23.22623415469361],[77.45091174837997,23.226198859545022],[77.45110936731271,23.226228502860394],[77.45133769031635,23.226126150735915],[77.45134144361872,23.22612446908282],[77.45139591614327,23.22610004969323],[77.45142794525306,23.226065109324527],[77.45153984505147,23.225943036953648],[77.45155895210229,23.225922192385866],[77.45160341742199,23.225754215621993],[77.4516528214099,23.22566528742599],[77.45165282094106,23.225541775175653],[77.4516528209255,23.225462727213674],[77.45164788148136,23.225368857269558],[77.45167752389348,23.225294750359616],[77.45171457062825,23.22524423089292],[77.45173186907327,23.225220643185395],[77.45182079760178,23.22518605934534],[77.4519393695487,23.225141594986287],[77.4520274309435,23.225102456129243],[77.45202829899205,23.22510207112295],[77.45209252472547,23.225052666047],[77.45213699031576,23.224983498550305],[77.45222097765117,23.224889630210992],[77.45223579894129,23.22481552185336],[77.45219627606514,23.224771058213936],[77.4521122865298,23.22470683086464],[77.45207062130812,23.224687387001175],[77.45203817985347,23.224672248060287],[77.45196901315184,23.224603081199458],[77.451932960575,23.22458560780043],[77.45188251726339,23.224561160596227],[77.45178870320102,23.22454460462985],[77.45172800041675,23.224559321168883],[77.45171603221422,23.224563611948177],[77.45163050653755,23.22459427191313],[77.45154404968724,23.224603469129608],[77.45144839662308,23.224612666761796],[77.45139321168284,23.224605309422625],[77.45131227364493,23.224592431801945],[77.45115959581962,23.224614505786906],[77.45109153533598,23.224632900956717],[77.45100875818213,23.224653135731568],[77.45090942518115,23.2247009621362],[77.45086159771681,23.224723036460382],[77.45078617888132,23.22475614670457],[77.45070156203184,23.224765345146555],[77.45062614293265,23.22474694959306],[77.45056359960518,23.224636579959796],[77.45053232874103,23.224562999592916],[77.45049369948994,23.2245096552321],[77.45044219447324,23.224489421292905],[77.4503796514023,23.22447286462529],[77.45031158978576,23.224465506626988],[77.45026560242417,23.224452631123818],[77.45018650399537,23.22442503797085],[77.45016811783731,23.224406652308048],[77.45015707182965,23.224395606263396],[77.45012028244507,23.224355137651347],[77.4500724553978,23.22433858190955],[77.45001359168783,23.224336743242983],[77.44997059120074,23.22438662277635],[77.44996760385058,23.224390088254435],[77.44994185112338,23.224439753793312],[77.44991425948142,23.22446550706489],[77.44988114756042,23.224450791197125],[77.44986459302197,23.22442135874991],[77.44983882607086,23.224373261721617],[77.44983699969968,23.224369853375038],[77.44976893887066,23.224298113240433],[77.44972847010965,23.224257643792747],[77.44966592669115,23.224235570434292],[77.4496052236849,23.224233730772823],[77.44950405226034,23.22423924890953],[77.44941391707899,23.2242613228255],[77.44936921225766,23.22426838820442],[77.4492766812734,23.224226329116547],[77.4492220038614,23.224192681274637],[77.44907059088254,23.224104356259527],[77.44888973538822,23.224045473188056],[77.44872360142264,23.224047575765844],[77.44844811230531,23.224051781718494],[77.44824622693106,23.224104355852045],[77.44798756200908,23.224095945048663],[77.44773941223914,23.22404336962283],[77.44745340882625,23.22400762036498],[77.44646291054842,23.223976074809972],[77.4459960519262,23.22395083990599],[77.44570777650924,23.22393498064478],[77.44562803316506,23.223929809898625],[77.44562382693661,23.22392980980844],[77.44500453465545,23.22388570606352],[77.444206427311,23.22382886788434],[77.44382938379698,23.22376672479403],[77.44253357022932,23.223754333747845],[77.4420901027413,23.223756999118372],[77.44201585140848,23.223749418858592],[77.44052415901957,23.223672820743353],[77.44004479391553,23.22365151578699],[77.4397457068006,23.223521117164086],[77.43968733338215,23.223515355933074],[77.43969582604807,23.22348237703847],[77.44143587816379,23.21610741875581],[77.44196668459173,23.216123338393672],[77.45108896713742,23.216447327438658],[77.45106676117221,23.214727143206417],[77.45102265112335,23.21116528410905],[77.45134900220948,23.2111391641872],[77.45268001457352,23.211033113842383],[77.45460558735832,23.211198740263853],[77.45548147571476,23.21127566497363],[77.45687292791203,23.21157322991559],[77.45722444214738,23.211673648812173],[77.45833417819766,23.21199443098545],[77.45864542981613,23.21110247084076],[77.4590271021297,23.2102345586159],[77.4593512622524,23.209450302171007],[77.45962836604065,23.208937920412158],[77.46003407483366,23.208013097645132],[77.46030282799491,23.207615138777307],[77.46064267327571,23.207259609314885],[77.46109754240489,23.206783825566248],[77.46176940730348,23.20606955180847],[77.46229022056478,23.206530412846114],[77.46235089746033,23.206566104742066],[77.46243085401733,23.206566105193424],[77.4624401272994,23.20656610466701],[77.46251151122249,23.20656967429064],[77.46255790970886,23.20657681328223],[77.4626364330985,23.206580382306246],[77.46270424707534,23.206562535842174],[77.46282203070315,23.20655182835812],[77.46288270727872,23.20655182818203],[77.46296479850126,23.206551828307635],[77.46302547505778,23.206551828075458],[77.46305402843538,23.20656967378304],[77.46307544282828,23.206591089920558],[77.46307544264324,23.206708873323265],[77.46304332090678,23.206826655806285],[77.46301119774924,23.206948009172315],[77.46336750223693,23.207316980395557],[77.46387677938827,23.207523407701864],[77.46451482655733,23.207782032419377],[77.46561266912302,23.208735623294146],[77.46562714966063,23.2087508389851],[77.46564727608752,23.20877999222983],[77.46649958359136,23.209667577839102],[77.46685668209749,23.21003945686737],[77.4670817812057,23.210132783109376],[77.46719338976071,23.210100280744403],[77.46722063528259,23.21009102507458],[77.46738954616558,23.20963253002142],[77.4673561467517,23.209194761841914],[77.46747476092199,23.208778499185854],[77.46744104322825,23.208638164876835],[77.46736534929407,23.2083414815855],[77.46728797552264,23.20825628374134],[77.46711857009538,23.208082390292173],[77.46708361853051,23.207860228041003],[77.46705528537822,23.20771418753733],[77.46707153621132,23.20768550483348],[77.46742308824142,23.20699693878264],[77.46770907314733,23.206507414357333],[77.46814238391072,23.206235677780427],[77.46813871886967,23.206136468912955],[77.46807125433409,23.204986187219433],[77.46842269189425,23.20422489698776],[77.46842702955865,23.20421411442721],[77.46842818727008,23.204212993773563],[77.46846243296815,23.20413880875699],[77.46868744234028,23.20396190572911],[77.46876286823708,23.203888855576164],[77.46879511080206,23.203877256253666],[77.46881037813519,23.203865253402395],[77.46935391266037,23.20367621825859],[77.46940343737712,23.20365840114743],[77.46940502949091,23.203658440307713],[77.46945985660325,23.203639371865805],[77.47001196309607,23.2036426061611],[77.47099801080081,23.203349475925418],[77.4711097740079,23.203223402896207],[77.47131503465113,23.20295658224922],[77.47169426908823,23.202629164359095],[77.47220120691273,23.202193245153858],[77.47227520989064,23.202120609144636],[77.47266231503468,23.20216745596635],[77.47270680788219,23.20217120632004],[77.47320156780059,23.201930116991974],[77.47339926229833,23.201748215183184],[77.47349408192215,23.201650909239447],[77.47352393520184,23.20163350131657],[77.47361792785944,23.201547016038575],[77.47406182140837,23.20130943966247],[77.4741019864289,23.201268443967432],[77.47441783438782,23.20091434216948],[77.47464920311347,23.200826625418816],[77.47491212808801,23.200695979845424],[77.47538010572451,23.20014623736586],[77.47539325403685,23.200115822263225],[77.475553844754,23.19966839357825],[77.47593596086406,23.199261472627345],[77.47605893377542,23.199116933372643],[77.47622974333004,23.198775343581577],[77.4768909942601,23.19850995118112],[77.4773706615556,23.19836293573139],[77.47748360876444,23.198318242833682],[77.47776721505858,23.19815047690123],[77.47787419728118,23.19808292627576],[77.47799240303291,23.198017267563223],[77.47825400806154,23.197862516320306],[77.47960309383845,23.197751056748153],[77.47960861778024,23.197755481303066],[77.47962952926345,23.197753563357796],[77.48068528510203,23.198617670008492],[77.48205240440242,23.199712450814452],[77.48430138105245,23.195578702290092],[77.48432349719933,23.195540730321802],[77.48433353982264,23.195513687753262],[77.4843847990383,23.195565910160603],[77.48456906531901,23.195682791383604],[77.48468177076266,23.195738249715745],[77.48483860616642,23.195797285715297],[77.48497695357263,23.195849167045974],[77.48507773352343,23.195915956102315],[77.48512669745598,23.19599224672624],[77.48512901831077,23.195995864316608],[77.485132476334,23.196003289306123],[77.48516956762263,23.196082927739635],[77.48525692038181,23.196267453601134],[77.48528410803874,23.196318180882617],[77.4853046595179,23.196364425032517],[77.48540292986301,23.196520610909467],[77.48560968752629,23.19676329492537],[77.48570653765147,23.19685317210135],[77.48571488523017,23.196862408543122],[77.48575180206072,23.196903264065252],[77.48576464806402,23.196917480740034],[77.48579886990741,23.196994150573886],[77.48584522845695,23.19709800988043],[77.48587079617593,23.197190210584402],[77.4859304557154,23.1973893359487],[77.48598617157647,23.19760881116495],[77.48607231325799,23.19778594504537],[77.48610749689838,23.19782840781314],[77.48626160404623,23.197921936346738],[77.4862834168313,23.197935173570077],[77.48647996195002,23.198068629560925],[77.48649608854234,23.198080978027438],[77.48671290486223,23.198246976664972],[77.48705746607902,23.198448376078137],[77.4872052703334,23.198499962063583],[77.48736684320035,23.198556354169384],[77.48747967471714,23.198627935592523],[77.48748676928561,23.198642870699068],[77.48749944807051,23.19866956342806],[77.48750272562,23.19867646472715],[77.48750369392313,23.19877311690536],[77.48747087767278,23.198926199166213],[77.48745051252307,23.199028026897388],[77.48744319108452,23.199064633167424],[77.4874528824095,23.199173994784324],[77.48751656123531,23.199304123272448],[77.48757193535575,23.199377493075602],[77.48769578302428,23.19952754042909],[77.48771407541795,23.199551048571493],[77.48777359667537,23.199606395273776],[77.48794155261865,23.199790025775012],[77.48803984139964,23.19997968001507],[77.48812982254299,23.200173488074142],[77.48819486953991,23.200266572215188],[77.488275459856,23.20038189912697],[77.48830801899692,23.200421437797594],[77.4883223957539,23.20043889681233],[77.48837623509245,23.200504344078137],[77.48852159054402,23.20061093759943],[77.48859496123873,23.200682924275807],[77.48863372188062,23.200797824363036],[77.48868632710949,23.200896111587127],[77.4888095325781,23.20103869876704],[77.48888788863185,23.20108414504663],[77.4888961861725,23.201088958065203],[77.48894796701742,23.201118989912317],[77.48904796766615,23.201151112396122],[77.48914024086221,23.201180751208412],[77.48917638283437,23.20119235994258],[77.48930512616761,23.201228353261662],[77.4894518662269,23.20118405417039],[77.48965928692536,23.201097911750978],[77.48970520037342,23.201078844589404],[77.48979518194086,23.201044235948075],[77.489827981704,23.20103517263404],[77.48987171509015,23.2010230890824],[77.48990039092082,23.201015165240065],[77.48991601432247,23.201019700952767],[77.48994330585863,23.20102762387505],[77.48998206661126,23.20105946400886],[77.4900021765236,23.20107986886961],[77.49007620201145,23.201154982609154],[77.4901722500836,23.201284278135464],[77.49025777563564,23.201389763586718],[77.49027520740542,23.20141163807227],[77.49042367114023,23.201607661841628],[77.49052057530615,23.201735020705524],[77.4905842542597,23.201855457953133],[77.49064516464344,23.201999429055558],[77.49069915427131,23.202079721331295],[77.49074512820177,23.202126436650808],[77.49078889496127,23.20216350677312],[77.4908223607396,23.20219185228717],[77.49089572994096,23.202227845309174],[77.49101616810907,23.20225276257117],[77.49115434689193,23.20226310318419],[77.49121966553757,23.202267990800017],[77.49135809922451,23.20228183418482],[77.49149930183759,23.202330286329776],[77.49160265774238,23.202379405929147],[77.49163911952313,23.2023967339211],[77.49173181843643,23.202428289406118],[77.49185007230378,23.202443797997827],[77.4919767698743,23.202428988848947],[77.49199934446705,23.20242635109931],[77.49204643049801,23.20240957264302],[77.49216800244108,23.202366253997962],[77.49235419341542,23.202298045908],[77.4923637995269,23.202294525735454],[77.49255959840849,23.202240245897357],[77.49270305377482,23.202220860122146],[77.49287890851714,23.202236312863732],[77.4943668756033,23.20244352116774],[77.4945094502192,23.20246190456499],[77.49464651800993,23.20249046096643],[77.49479786390387,23.20249046108513],[77.4948053575377,23.202491052094704],[77.49490637690147,23.202499027799988],[77.49498633288682,23.20251044959401],[77.4949878242789,23.2025197687155],[77.49499775619483,23.20258183969828],[77.49499489967555,23.2026218184245],[77.49500917754683,23.202658941236532],[77.49507771190132,23.202778874736453],[77.4951234021424,23.202910232001695],[77.49517194681508,23.202970199660296],[77.4952119245842,23.203021599754603],[77.4952319141392,23.203101557380908],[77.49536327111143,23.203318581879046],[77.49552318407856,23.203604141148947],[77.49580677031494,23.204028572007772],[77.49582506321076,23.2040622740688],[77.49591302664716,23.20418168225638],[77.49599232268349,23.204313119061226],[77.49610235239729,23.204470816222308],[77.49622840279616,23.204665894195184],[77.49628842742453,23.204722916564833],[77.49641447709354,23.204788944157475],[77.4964714999196,23.20483396217243],[77.49654953083909,23.204929999956565],[77.49667258107445,23.20503204060885],[77.49677162046962,23.205140085125652],[77.4968323051298,23.2052230711422],[77.49683514923792,23.205228576590866],[77.49688625419593,23.20532752530113],[77.49693446387873,23.205387212623734],[77.49698152488318,23.205442309830485],[77.49701136874614,23.20546297074269],[77.49704695333104,23.205487076285237],[77.49708368386129,23.20552495533449],[77.49711123221603,23.20554561742785],[77.49714566809818,23.20555365195898],[77.49718354689679,23.20557660796071],[77.49721798189071,23.205614487278375],[77.49724553057096,23.20562711440068],[77.49729373974249,23.20565466189857],[77.49735572357537,23.205693689171735],[77.49741656023689,23.205736159370172],[77.49750838806152,23.205780924976633],[77.49754143100853,23.205793979147487],[77.49760136360067,23.205817656784266],[77.49760365937631,23.205847501186394],[77.49760365868913,23.205927850373364],[77.49758070202103,23.206005904321977],[77.49756807646519,23.206111506125346],[77.49757110115847,23.206196215968202],[77.49757194827502,23.206230479843263],[77.49757266710861,23.206259578161276],[77.4975780893957,23.20628973739097],[77.49759103296321,23.206361737152747],[77.49763005995463,23.206479964757346],[77.49772073968524,23.20671297793082],[77.49773637227634,23.206739873257824],[77.49779051130214,23.206833017563497],[77.49786726205896,23.206956177038972],[77.49789760508281,23.207054346550294],[77.49790117540873,23.207159656729665],[77.49787083236741,23.207268536606946],[77.49784893375366,23.207338334975297],[77.49783334876447,23.207432748774053],[77.49780835990292,23.207575542342063],[77.49782085395707,23.2076665722187],[77.49783650509293,23.20772604541623],[77.49788332596408,23.20790396569984],[77.4979368738894,23.20799142621773],[77.49797479324545,23.208063262334893],[77.49799173633566,23.20810032555236],[77.49798644233249,23.208120975746358],[77.49798379380026,23.20815433260888],[77.49798220595402,23.208181335946364],[77.4979848530135,23.208207281352692],[77.49800550329591,23.208241168350053],[77.49803462415606,23.2083020580333],[77.49804521362302,23.208361360249093],[77.49805898022552,23.208423308874824],[77.49806321619272,23.208487376426255],[77.49806844283856,23.208556124223964],[77.4980936349538,23.208608885326342],[77.49812120403443,23.20864215812943],[77.49812500686845,23.208675906993697],[77.49812167917817,23.208751958554405],[77.49813403759353,23.208807573271443],[77.49813451276725,23.20883704340997],[77.4981468717073,23.208894081662795],[77.49816635972282,23.208981542959943],[77.4981839484624,23.209020043849005],[77.49821294284529,23.20906044740918],[77.49825524731823,23.20909799827079],[77.49834195399676,23.20917195572998],[77.49838433347125,23.20920715106029],[77.49841881015762,23.209248810582245],[77.4984252735598,23.209272514167388],[77.49841090933813,23.209289753159407],[77.49840372635249,23.2093084282155],[77.49840659930379,23.209320639292592],[77.49847252609757,23.2093484945654],[77.49860718563984,23.20943967190947],[77.49873623590815,23.209525236960882],[77.49886388178211,23.209617815960254],[77.49893682342405,23.20966831267948],[77.49897469590584,23.209703381098954],[77.4990294022389,23.20977211371776],[77.49908270535674,23.209842248547243],[77.49912478613228,23.209946050058978],[77.49916406195814,23.21003161533247],[77.49922297619649,23.210180302769505],[77.49927207117112,23.21028270037516],[77.49931695783822,23.21039211230105],[77.4995834725016,23.21106120472447],[77.49983034965011,23.21164894025407],[77.49985402654663,23.211701655987163],[77.49997469717499,23.211930078553387],[77.49962697044246,23.211759113708915],[77.49964288216046,23.211810029977705],[77.49966515766559,23.211841853162706],[77.49970334522015,23.211876858344475],[77.49981472467908,23.21197869081232],[77.49998338623094,23.21214098763644],[77.49999929764512,23.21215053533008],[77.50003165876224,23.212175443570185],[77.5000669747557,23.21220262835547],[77.50027500882567,23.212309616861877],[77.50063159102946,23.212495389110366],[77.50085012008351,23.21261260194815],[77.5010240561418,23.212685543193988],[77.50168052457383,23.21295205830077],[77.50174364699367,23.21297309890391],[77.50278083589698,23.21296310233915],[77.50286281065793,23.212963768449917],[77.50326175983206,23.21296006198791],[77.50335506980512,23.21295919510203],[77.50376490913926,23.21295168124114],[77.50390184515129,23.212948421311268],[77.50399765956257,23.212980046383855],[77.5044006857487,23.213113070809534],[77.50498592635068,23.21326630913707],[77.50516035663316,23.213307064364177],[77.50539184527251,23.213386943613767],[77.50560540076478,23.21347334409427],[77.50596730478938,23.21365266620826],[77.50603861945517,23.21370020898484],[77.50627362837714,23.2138506463729],[77.5065853846318,23.21408933372866],[77.50667550240071,23.21415509617826],[77.50677049061571,23.214289054260753],[77.50681433194733,23.21442544737109],[77.50679971846165,23.21448390191556],[77.50672421406703,23.21456671167228],[77.50671780953824,23.21457763780558],[77.50668280916366,23.21463734414173],[77.50673152086752,23.214742074926143],[77.5069068836677,23.215058702777274],[77.50699970442086,23.215191019837434],[77.50708375867737,23.215263990678725],[77.50716992908102,23.215338796769917],[77.5078275405713,23.215806433397574],[77.50823672182408,23.21609626915045],[77.50848028199839,23.21624727619352],[77.50849443701289,23.216252371751985],[77.50860206155545,23.216291116928073],[77.50905752014008,23.216412897219467],[77.50928646584977,23.216468916009916],[77.50944965079987,23.216529806040782],[77.50968590415836,23.216685684008713],[77.50983647827219,23.216823352320592],[77.50997330529377,23.216904887540938],[77.51014379675681,23.216977956129373],[77.5101524819375,23.21698030634324],[77.51044094140596,23.217058330627456],[77.51070885655905,23.217165497967212],[77.51096703010693,23.21731163413325],[77.5113542912602,23.21757711383727],[77.51155157394349,23.217696458970742],[77.51167578960728,23.21772324993843],[77.51185602409359,23.21767210310514],[77.5120679223645,23.21758685724839],[77.51224571994756,23.21749186757846],[77.51241864779223,23.217392008598875],[77.51251363669333,23.21736521668982],[77.51263298091563,23.21740418705761],[77.51274745416133,23.217572242812807],[77.51279373103979,23.217720814865796],[77.5128107802781,23.217893742345222],[77.51285218524622,23.217961938946853],[77.51293012431822,23.217998472725764],[77.51298857890542,23.218013087444973],[77.5131201007614,23.21802282916978],[77.51349274840982,23.21801795767245],[77.51363644829974,23.218020393000096],[77.51373874434701,23.21806667034238],[77.51380206885199,23.218115381892506],[77.51384347370542,23.218151916210193],[77.51393003225841,23.218253144206713],[77.51404811406988,23.218322312813676],[77.51421217797419,23.21838275697828],[77.51426701602007,23.218402961341376],[77.51443291967372,23.21844674064995],[77.51461034558302,23.21851125929562],[77.514767033356,23.21858960253636],[77.5149913161623,23.21873852667592],[77.5150550619685,23.218780854382413],[77.51530391907093,23.218930628895595],[77.51551129869328,23.218976713762068],[77.51554021139974,23.218986562941577],[77.51572098416693,23.219048145345702],[77.51596292778157,23.2191218798791],[77.51613574519041,23.21922326591774],[77.51624404432033,23.21929469715991],[77.51638229763529,23.21930391418289],[77.51658737422527,23.2192601336032],[77.51687770719572,23.219211744970522],[77.51704821980145,23.21916566018854],[77.5172625127188,23.21920713581517],[77.51740767981251,23.219297001431812],[77.51760123504789,23.21941912642094],[77.51776713866337,23.219582726408156],[77.51794456497004,23.219670287421874],[77.51799552827224,23.219689887709176],[77.51803443020981,23.219704850230702],[77.51819572563635,23.219739412730465],[77.5185597944039,23.21978089002558],[77.51862921139117,23.21979666622479],[77.51873491599216,23.219803932074292],[77.51897455462463,23.219960618913188],[77.51900159599617,23.21999240360504],[77.51910589644126,23.22011500314675],[77.51923954226096,23.220214084922187],[77.51945613855173,23.220322383003484],[77.51962434790951,23.220419160618146],[77.52016453840345,23.22063982682115],[77.52108949432302,23.221154760164072],[77.52128339328114,23.221241770882195],[77.52150690315362,23.221386936566198],[77.5216082892039,23.221435325966297],[77.52169584988256,23.221449151422057],[77.5220875689348,23.221612751669007],[77.52231267907774,23.22169345139726],[77.52233181678282,23.221700311735454],[77.52246776744272,23.22174639683177],[77.52261984633414,23.221806306648666],[77.5227742294823,23.221829349052545],[77.52292630758171,23.221794786249113],[77.52315903490664,23.221718746307694],[77.52332033066229,23.221686487285357],[77.52346088891264,23.22166805311844],[77.5235876221023,23.22167266240351],[77.52358920506974,23.22167314874951],[77.52363556557171,23.221687412614337],[77.52370744240687,23.221709529236218],[77.5238272621858,23.221764830735474],[77.52401851286142,23.221933039263014],[77.52409183834835,23.221983114541487],[77.52411298578076,23.221997557861698],[77.52420054659878,23.222048251185466],[77.52436645100975,23.222121985706323],[77.524377956865,23.22212663705373],[77.52447390376305,23.22216542488176],[77.52447475006144,23.222165766797538],[77.52461300369329,23.222188808881274],[77.52464659662476,23.222192915178738],[77.52482038438521,23.22221415482536],[77.52484748306246,23.222224893427747],[77.52494250871227,23.222262544387885],[77.52505772006985,23.222324757672993],[77.52521440768301,23.22237084279274],[77.52525117028529,23.22237664658477],[77.52525818779175,23.222377755724644],[77.52530061490965,23.222379452836854],[77.52531579416565,23.222380059598922],[77.52533896955892,23.222388750791243],[77.52534595274145,23.222391370462294],[77.52537109468936,23.222400797732394],[77.52537685634951,23.222404806344432],[77.52540120619773,23.22242174488604],[77.52541487512502,23.222439969748926],[77.5254240920719,23.222499879827783],[77.52539644195903,23.222580528341666],[77.52535726991925,23.22276947521674],[77.52530125693704,23.223078230575666],[77.52526060435008,23.223333558794458],[77.52515900713148,23.22355241604183],[77.52515449847218,23.223562129374216],[77.52515115412018,23.223565661981212],[77.52503237314147,23.223691166271458],[77.5248794327793,23.223809920438004],[77.52462046979797,23.223967754107775],[77.5239171265397,23.22431100363371],[77.52373634494398,23.224420564023756],[77.52359914323719,23.224518384226645],[77.52357324516068,23.224535435086235],[77.52344936833889,23.224612858196203],[77.52343397589675,23.224627046623393],[77.52337099687686,23.224685106289314],[77.52330189741876,23.224748807044122],[77.52327673064445,23.224782663358084],[77.5231827482643,23.22490909456711],[77.52315503175514,23.224954012076132],[77.52313911879828,23.225009081257785],[77.52311778995798,23.224998558853233],[77.52310733089607,23.224998707952174],[77.5230680950303,23.224992691076753],[77.5230596397592,23.2249928687668],[77.52209543177392,23.225013131973352],[77.52115380230047,23.22502655525833],[77.52111505255849,23.225045937326236],[77.52082150118835,23.225172239260555],[77.51951105401061,23.225483871789542],[77.51858948472841,23.225948206740185],[77.51768886844833,23.226609609363624],[77.5174343341441,23.227021609391677],[77.51742680040175,23.227032839610928],[77.51609535897778,23.22763289273298],[77.51585263911616,23.227729108770596],[77.51538927345942,23.227906356264857],[77.51476364487634,23.228288154967686],[77.51454434680025,23.228418045661478],[77.51453601317938,23.228427070327157],[77.51452941836769,23.22843109483601],[77.51449462052943,23.228471889969946],[77.5141426692598,23.22885299115563],[77.51407124425121,23.22922217540972],[77.5138073342706,23.229566700613635],[77.51374714262062,23.22961598390146],[77.51293548955513,23.230239295389044],[77.51277881260559,23.230354962100513],[77.51255947991656,23.23048699470678],[77.51206202488194,23.23077271110757],[77.51198709732664,23.230831556172717],[77.51195957357146,23.230848124280374],[77.5118868963635,23.23091024939947],[77.51176570213104,23.23100542867697],[77.51174295987393,23.23103328464543],[77.51171280029476,23.231059065766242],[77.51158170146307,23.23123081020213],[77.51153192930998,23.231291775192066],[77.51149889481322,23.231339289442086],[77.51139564115195,23.231474553659027],[77.51123891730239,23.23183008394048],[77.51102448306668,23.23215821320763],[77.51102235271816,23.232167153949018],[77.51101460204768,23.232178402167534],[77.51098315199292,23.232331718767387],[77.51089384270388,23.23270663201239],[77.51063815260274,23.233397583176494],[77.5104520901944,23.23364442130865],[77.51042781356972,23.2336753120454],[77.51038149243108,23.233734255535353],[77.51037367630298,23.23376886758411],[77.5101999750136,23.234066300325996],[77.51007386440122,23.234242380263197],[77.50989064473575,23.23457312486163],[77.50978357047006,23.23455409007694],[77.50975739615335,23.234575504975496],[77.50973122226432,23.234632612433835],[77.50962176574001,23.234642129978766],[77.50959097919149,23.23467050541668],[77.50923420289958,23.235037136670304],[77.50886346914857,23.23541811180338],[77.5092039253196,23.235684974003373],[77.50920441259066,23.235685996255533],[77.50920760075238,23.235688344017547],[77.50937489994612,23.236031485623624],[77.50937583345565,23.236045142146075],[77.50938038954138,23.236054689878628],[77.50939362883594,23.2363036196117],[77.50961338383001,23.23650697778587],[77.50961709397252,23.236510283138266],[77.50961751403538,23.236510799877223],[77.50961951318989,23.236512650425386],[77.50964098318735,23.23653969091741],[77.50999133774197,23.236970989889404],[77.51017262842113,23.237143893053585],[77.51026940858243,23.237229350007457],[77.51036804532882,23.237407158767525],[77.51035752121335,23.237543012607098],[77.51035665288204,23.237589560000483],[77.51035392028454,23.237589500229834],[77.51035341369422,23.237596025251296],[77.50985972601283,23.23757856913428],[77.50929052305779,23.237565978855553],[77.5084062345043,23.237554694360185],[77.50831946234896,23.237534147267933],[77.50815309738067,23.237494751792305],[77.50813248570616,23.237476926260317],[77.50802112455878,23.237422483844234],[77.50790481630415,23.23736061701621],[77.50778108171457,23.237281427117825],[77.50770436654213,23.23722945937512],[77.50761032994382,23.237177490624912],[77.50740740592165,23.23712799705437],[77.50733811495616,23.237108199954058],[77.50722675521978,23.237090876624954],[77.50710054742376,23.237088403125213],[77.50698671181782,23.23708097870227],[77.50690009776402,23.237083452570044],[77.50684941572806,23.237099292272518],[77.50681595874914,23.23710572471532],[77.50676399100018,23.237125523287027],[77.50669469964306,23.237179965755093],[77.5066476824502,23.237246781700406],[77.50661056057854,23.237323497055204],[77.50657839095295,23.237424957587073],[77.50654374456823,23.237566014659663],[77.50650606708514,23.23779274614919],[77.50649038674787,23.237843339625677],[77.50626836474675,23.238559703854285],[77.50611495190839,23.239457722997738],[77.50598225944414,23.239944826865948],[77.50598025204881,23.239955014182463],[77.50601137579778,23.240176051032723],[77.50610965720271,23.24065848319423],[77.50615203369358,23.241096191006708],[77.50588642989865,23.2415856527087],[77.50539464330888,23.24231556640867],[77.50513607530823,23.242803280006676],[77.5049636212919,23.2433704089999],[77.50499619520107,23.24377564814654],[77.50499420129968,23.24406824788727],[77.50500999482347,23.244337382956754],[77.50499230322393,23.24434664000335],[77.50499225014165,23.244354466193613],[77.50469585374492,23.24450175941871],[77.5039064234729,23.244914833940765],[77.503740534372,23.245009081760955],[77.5035571497934,23.245014452103483],[77.503494209177,23.24494079778176],[77.50349924739807,23.24492322783363],[77.50348315073084,23.24490801702978],[77.50355767985059,23.24471944375917],[77.50357467487522,23.244660176049926],[77.503535101759,23.244480883672043],[77.50329781807976,23.244404287238925],[77.50297015317236,23.24440913607088],[77.50279620423713,23.244487894202166],[77.50256976841261,23.244598405772404],[77.50239049953102,23.244692566902657],[77.50227133203948,23.244776568891368],[77.50217928120094,23.244874696878313],[77.50183999201579,23.244945208688442],[77.50175370970533,23.244931246933486],[77.50154472615542,23.244912207894934],[77.50130639943612,23.244879438922148],[77.50101434708995,23.24466281065364],[77.50088878794074,23.24462114208825],[77.50066577483734,23.244599233172565],[77.50040290197933,23.2448080657615],[77.50027098025882,23.245007028380762],[77.50020560814671,23.245129456424138],[77.50014241412349,23.245255489616238],[77.49985730666158,23.24538039114407],[77.49968879837724,23.245441447890972],[77.4994751305906,23.24554398873085],[77.49935225969952,23.245610708219775],[77.49933914377988,23.24562041009303],[77.49932596923706,23.245624983843722],[77.4992680550443,23.245656431774556],[77.4992527021837,23.245650422351304],[77.49923957795943,23.24565497900997],[77.49907176810135,23.245603382440123],[77.49880701840262,23.245477225269546],[77.49876610856856,23.24545995878769],[77.49862914705231,23.245406348640323],[77.49860938511266,23.245408670864162],[77.49835699123052,23.245443941340454],[77.49828048782105,23.245447313752138],[77.49826707631877,23.24544889002246],[77.49826012564093,23.245448211901092],[77.4981406611655,23.24545347912262],[77.49795217354553,23.245422713101497],[77.49794815698789,23.24541777018095],[77.49792193766389,23.245415211593787],[77.49784933753551,23.24530663823043],[77.49766881458832,23.245331471826663],[77.49765946757898,23.24533319409728],[77.49763690723066,23.24535612141051],[77.49763513801696,23.24536846973092],[77.49756572542526,23.245440903172877],[77.4973056861919,23.245432046208094],[77.49711669562258,23.245403889201654],[77.49710649805894,23.24540318355896],[77.49705534203632,23.24542362329442],[77.49684161805384,23.24551972199039],[77.49656383557262,23.245594164261515],[77.49614796323013,23.245755024931796],[77.49581461295476,23.245938549639217],[77.4955528691585,23.246289654227464],[77.49529579622184,23.246437500158365],[77.49511358586939,23.246371233967697],[77.49497584590561,23.246305795403757],[77.49492549995504,23.24628561919348],[77.49484821302607,23.246268668619642],[77.49475915637338,23.24626230365998],[77.4945863418677,23.246409889178636],[77.49437628399751,23.246583604000868],[77.49431675527106,23.246605455657342],[77.49405443029129,23.2467100680622],[77.49392851128624,23.246720630567033],[77.49380048179074,23.24674111795716],[77.49345697899076,23.246826935617705],[77.49328163624699,23.246881044385532],[77.4929474432379,23.24686919397589],[77.49285456982332,23.246867977181967],[77.49284542715081,23.2468655759722],[77.49283419643211,23.246865178241848],[77.49251559611888,23.2467978351962],[77.49237173802904,23.246783860007916],[77.49185893374845,23.24679813288284],[77.49140958538831,23.246817214814925],[77.49125537582181,23.24682969856725],[77.49041670330271,23.24691309288529],[77.49003274388855,23.247154659323616],[77.48981717111636,23.247293236756292],[77.48981312403221,23.24729283316343],[77.48980799108955,23.247296062029775],[77.48956009175785,23.247267551399702],[77.48951452071996,23.247262997902613],[77.48942263288055,23.247275166215857],[77.48918195860163,23.24732765146641],[77.48899687866873,23.24737971040034],[77.48868535292594,23.247386892286258],[77.48844278657516,23.247399168622277],[77.48840552843428,23.247401715048984],[77.488268083097,23.247572752750497],[77.48807989409903,23.247649134600536],[77.48806630447113,23.24764842835586],[77.48806591405877,23.24764857421847],[77.48806094971961,23.24764814879397],[77.48783534223456,23.24763641238496],[77.48760579069256,23.247666750351566],[77.48757093430055,23.247672747279854],[77.48750370281223,23.247702753410884],[77.48732286002272,23.24779424632036],[77.48729181242895,23.247793500564782],[77.48717980279848,23.24780012360778]]]},"properties":{"zoneNumber":14,"zoneOfficerName":"Mr. Kanti Gangradhe","zoneOfficerMobile":"9424499914"}},{"type":"Feature","geometry":{"type":"Polygon","coordinates":[[[77.44242105700611,23.26611513438458],[77.44244644196634,23.266550583718598],[77.44096902026367,23.266637127661404],[77.4400159980192,23.266711475186227],[77.43982420726392,23.266726437116457],[77.43974747366615,23.266087727960908],[77.4401310686072,23.26603482777672],[77.44015701242401,23.265682740988705],[77.43995451791571,23.26567136515536],[77.43982688978659,23.265673657800487],[77.43957455871747,23.265678190157026],[77.43918992371408,23.26566968527472],[77.43948933719352,23.263443522857706],[77.43948771113473,23.26344329800846],[77.43948825214522,23.263439252148146],[77.439214984754,23.263405512070403],[77.43901679404458,23.26337805269889],[77.43797120921892,23.263200480901386],[77.43814142272981,23.26279560626541],[77.43839861532042,23.262144738799368],[77.43842447955177,23.262079283173144],[77.43848018401088,23.261940024905876],[77.43865992482844,23.261186930641646],[77.43764290819445,23.261075445677797],[77.4374836427451,23.261025391751165],[77.43747536867777,23.261018003720054],[77.43743224171969,23.2609794982165],[77.43741993657844,23.260968510842243],[77.43708775718433,23.261039043271946],[77.43704735546719,23.261054153139707],[77.43680790692915,23.261143702399714],[77.43662361528924,23.261171005199817],[77.43646307466756,23.261200320722157],[77.43636196587413,23.2612187843124],[77.43609349163914,23.261259738396106],[77.4359933831941,23.260918456693798],[77.43584094432445,23.260376957554467],[77.43583292499605,23.260020141008436],[77.43583184305865,23.2599719709004],[77.43613899621434,23.259976521136117],[77.43652805581938,23.259962870192425],[77.43685949045941,23.25996286999795],[77.43687161311696,23.25996287013946],[77.43686478666461,23.259582909650522],[77.4368397600412,23.258729707728214],[77.43683284971523,23.258732011127],[77.43680504212371,23.258741280340534],[77.43658721184973,23.258813890454753],[77.43630281136261,23.25891172359734],[77.43612825811518,23.258975473949004],[77.43604116160293,23.259007283282173],[77.43589436257783,23.25904223475247],[77.43582708956532,23.25905825236782],[77.43555881792494,23.25881161459488],[77.43529944432117,23.25856589326186],[77.43444851685895,23.257874230062683],[77.43444647005808,23.25787315286125],[77.43449022024721,23.25781238995349],[77.43458124758638,23.257685962764086],[77.43460200893509,23.25752486413254],[77.43457217659214,23.256816474820962],[77.43461208516848,23.256343937207415],[77.43478710579055,23.255693595044885],[77.43487264653513,23.255246115971833],[77.43423112777762,23.255308119880358],[77.4342141330598,23.255309919710413],[77.43471882063469,23.25299375325474],[77.43339784169827,23.252690150661426],[77.43234193552289,23.252451268618795],[77.4317327678118,23.252330996643394],[77.43117811428702,23.252225752111155],[77.4309845670306,23.252287278281237],[77.43094310557048,23.252302090091202],[77.4308104907609,23.252400604941304],[77.4307835991479,23.252423502222573],[77.43060418916731,23.25265791884617],[77.43057319444517,23.252732699987526],[77.43057043893782,23.252738417562103],[77.43049249388633,23.252967531646917],[77.43044117276894,23.253091368383547],[77.43036014649519,23.253293621181736],[77.43023082966877,23.25378713523373],[77.43021079338884,23.253838458710725],[77.43019528312468,23.25390054463324],[77.43014132985424,23.253949717677127],[77.43012540846058,23.253968970759384],[77.43010264932381,23.25398032002647],[77.43007308637824,23.25400179811578],[77.43005226445331,23.254002291878695],[77.42993307376709,23.25401347394771],[77.42987849338571,23.25405162883589],[77.42987365699163,23.25405523991603],[77.42982629343447,23.254127049998893],[77.42977283783146,23.25420809419179],[77.42957081725677,23.25450416015958],[77.42925468044274,23.25504483157387],[77.42896475208332,23.25543763927976],[77.42868261866953,23.255869547175763],[77.42837610404496,23.256259657011146],[77.42806610454805,23.25666370041926],[77.4279023977127,23.256837856158832],[77.42780835354769,23.256998079586968],[77.4276968944174,23.257273247285465],[77.42759588268216,23.25763897611518],[77.4275424205571,23.257781539828727],[77.4275331867167,23.25780616579584],[77.42747397270188,23.257886277657953],[77.4274043105715,23.257917625771857],[77.42733813088448,23.257924591569072],[77.42729981733791,23.2579245916861],[77.42724060425608,23.25792459191473],[77.42694190191304,23.257920326800175],[77.4265300099469,23.25793768306716],[77.42641218489065,23.25794062076258],[77.42628079225811,23.257969995641613],[77.42607447236833,23.258013793731358],[77.42607094832624,23.258016909736085],[77.42606750576566,23.258017680378103],[77.42556657214588,23.258462992370443],[77.42546008228807,23.258557173736413],[77.42540909055579,23.258573251078296],[77.42528428945609,23.25859686178111],[77.4252739527817,23.258598818212388],[77.42523348750578,23.25860985266016],[77.42518566604356,23.25864663987172],[77.42518197464705,23.258730019306277],[77.42521497306817,23.258978063418105],[77.42518420720727,23.259248690367837],[77.42517463006719,23.259264652426264],[77.42516359405974,23.259286723710368],[77.42512312877676,23.259338225190707],[77.425045876617,23.25936397569141],[77.42462788387597,23.259412851370033],[77.42466306847695,23.25982835705996],[77.42463070514349,23.26050940207789],[77.42463545292108,23.261100122250376],[77.42463798505734,23.261277783120008],[77.42463575327159,23.261286950216856],[77.42457640018286,23.26134336285655],[77.4244955303637,23.261381715761992],[77.42443780874585,23.261390527810896],[77.424374115569,23.261395174307772],[77.42435921404174,23.26140252739284],[77.42435078998122,23.261403812912835],[77.42428080206818,23.261441217177076],[77.42424056889108,23.2614610676557],[77.42423584633366,23.2614652418348],[77.42422933131812,23.2614687238987],[77.42419010001545,23.261505671775588],[77.42411076531697,23.261575787151152],[77.4240900572658,23.261594227325325],[77.424017479811,23.261654188631258],[77.42396806030375,23.261702862955314],[77.42395354542947,23.261715787979696],[77.42395351381371,23.26171718924865],[77.42395392046829,23.26173610481982],[77.4239557743434,23.26182251467131],[77.42395918868709,23.261981716847355],[77.42393570744434,23.262100588406344],[77.42393378404495,23.26211232816335],[77.4239330837408,23.262113865988418],[77.42393266726555,23.262115978423303],[77.42391714667268,23.262148885184782],[77.42387637890795,23.262238467304574],[77.4238507581308,23.262273285417276],[77.42382144392774,23.262318371726717],[77.42375220931935,23.26237553256566],[77.42375038375317,23.262376402285078],[77.42374875231955,23.262377809323002],[77.42367879419936,23.262411571751127],[77.42366773585222,23.262413722259527],[77.42356697360864,23.262433186695976],[77.42352231776842,23.262437767950114],[77.42343186077849,23.262435476639194],[77.42330819759577,23.262434332448112],[77.42313644389803,23.262438913354856],[77.42303339115524,23.262477843177386],[77.42298758960692,23.262514484273222],[77.42297728492673,23.26257860603232],[77.42300133044586,23.26268394776031],[77.42301605135671,23.262733245121083],[77.42301621554809,23.262777840254106],[77.42301621615121,23.26280188562625],[77.42301507071116,23.26284883243419],[77.42300820099585,23.262891197733655],[77.42297843004708,23.26295188496866],[77.42289713302608,23.262991960373213],[77.42282843139293,23.26302974573919],[77.42263377724677,23.26309386758577],[77.4225433199813,23.2631282191566],[77.42252637110188,23.263133250340257],[77.42232347533181,23.26319348493054],[77.42226278777301,23.26322096568339],[77.42222729192197,23.263233561123883],[77.42217805636372,23.263259896741594],[77.42214943066075,23.263291956926505],[77.42212881959641,23.26354615346057],[77.4221070653569,23.26379691422411],[77.42207233659329,23.263897376350208],[77.42204294263186,23.263982408724218],[77.42202118816975,23.26413011723648],[77.42202118818587,23.26423774930278],[77.42201852363655,23.264423320943614],[77.42202004326853,23.264538891729973],[77.42200657483903,23.264562253749833],[77.42196448128907,23.264635272308098],[77.42078445369052,23.264018941352333],[77.42051373992263,23.263895551300678],[77.4196627207987,23.263499758839643],[77.41860909501975,23.263017204303488],[77.4185248627874,23.26300578287687],[77.41787669694193,23.262992934211393],[77.41700010371241,23.26301292057839],[77.41680022907651,23.262887285954],[77.41669600936706,23.262855877362483],[77.41647043592121,23.262851593808076],[77.41621630938924,23.2628558773555],[77.41619029002725,23.26286257128402],[77.41593625885132,23.262927923289734],[77.41587223919622,23.262944393100003],[77.41563238991378,23.262977229689604],[77.4155510120939,23.262981513153743],[77.41548248420801,23.262922977865422],[77.41526494530709,23.26267780227903],[77.4150782804254,23.26242580576889],[77.4149631712276,23.2621395871924],[77.41484339454075,23.26195136795592],[77.41472007070207,23.261694712940614],[77.41467228611641,23.261579594836387],[77.41470992937337,23.261487925733455],[77.41471711560371,23.261470422712637],[77.41471756281337,23.26146664542825],[77.4147829639624,23.261412303957563],[77.41488828048932,23.261319351270764],[77.41493604207135,23.26127332037084],[77.41507516922256,23.2610569347075],[77.41512285128768,23.260811514704447],[77.41512805810541,23.260784716869125],[77.41511766504271,23.260649985603575],[77.4151030181561,23.2604600933413],[77.41510253510397,23.260458024976714],[77.41502545635971,23.260128063315776],[77.41500902268183,23.260057717909362],[77.4148737953074,23.25985189574385],[77.41479971997457,23.259769111346213],[77.41434300825739,23.259271682961298],[77.414040690662,23.25891386269503],[77.41404192349482,23.25891244229536],[77.41403509695645,23.258904355866548],[77.41417053498083,23.258758614103385],[77.41425145263766,23.25865595379731],[77.41430487190864,23.258584810046045],[77.41438187260745,23.258445862588996],[77.41439189933155,23.258184084356554],[77.41439729418131,23.258029460640966],[77.41452222400841,23.258005307403657],[77.41589052155892,23.257667441945266],[77.41599655882797,23.25763903199421],[77.41828482598824,23.256012448810274],[77.41880456684927,23.255652760258787],[77.41888412375599,23.255596435264824],[77.42016040737829,23.25470524210541],[77.42249495521862,23.253056241633036],[77.4247015898551,23.251591822179567],[77.42496381230474,23.252055253797483],[77.4251138371108,23.25233266922587],[77.42530693636256,23.252701582551182],[77.42545800808423,23.252858301107455],[77.42563988814457,23.252967131619187],[77.42583831984057,23.25301379364004],[77.42591550226568,23.25303321778191],[77.42606207599792,23.253054828942314],[77.42642206099316,23.253112027590834],[77.42677911777099,23.253117618996175],[77.4268077296175,23.253118339142652],[77.42720869160074,23.25308290530156],[77.42749481363848,23.253059407780945],[77.42753780313603,23.25305572132899],[77.42809055340771,23.252914178700408],[77.42835954454932,23.25284757238643],[77.42989534773014,23.252455762151722],[77.43012610235975,23.25236087518368],[77.43026349922532,23.252301043799562],[77.43027080445853,23.25229665819321],[77.43055799502616,23.25212183325378],[77.43071334982216,23.25196094319749],[77.43090856666235,23.251050604724412],[77.43109560702773,23.251017814419374],[77.43120410408804,23.25102243043609],[77.4314063850954,23.251037232035877],[77.43148804435529,23.251043206709575],[77.43164271015253,23.251054748768965],[77.43188462580714,23.251040274595578],[77.43191279936228,23.251038589679084],[77.4325707079959,23.251029356197723],[77.43302085550415,23.251033972753955],[77.43338559188334,23.251068600025604],[77.43338945507409,23.251102013082278],[77.43346479270845,23.251736866593205],[77.43411240200021,23.25166819105419],[77.43496736068951,23.251601024380417],[77.43496620608134,23.25153944921154],[77.43494698796357,23.251356673360206],[77.43507476492805,23.251357284868472],[77.43529487966285,23.251358337614082],[77.43581130961428,23.251403344022883],[77.43652273345509,23.251447833236032],[77.43672127820835,23.251450554832985],[77.43672220768897,23.251460306603818],[77.4367231555213,23.251460365594234],[77.43683482446974,23.25264143888847],[77.43710254847683,23.25263012186854],[77.43732636140007,23.25263685334589],[77.43754100031053,23.252636852913486],[77.43837327789478,23.252603458019813],[77.43838147859275,23.252922930150444],[77.4383848447602,23.253119817957643],[77.43890028748898,23.253109831316035],[77.43891884068732,23.252670844205273],[77.43893249235127,23.252287248870314],[77.43921314727014,23.252270632712733],[77.43979106959333,23.252235483854893],[77.44005984570562,23.252247702166503],[77.44029235017649,23.252046101377466],[77.44030169918788,23.252036755283125],[77.43988946264349,23.25156709886846],[77.43952698364221,23.25116059302762],[77.43948708138676,23.25109877028356],[77.43954093098375,23.251071845010223],[77.4396099285873,23.251052678923006],[77.43972267430486,23.251021360751654],[77.43973613607517,23.25101967816492],[77.43969964621485,23.250933366137584],[77.43964863128934,23.250812693624464],[77.43947279213953,23.25029667772776],[77.43931794527327,23.249932017231888],[77.4391918323645,23.249755571142387],[77.43897715426645,23.249455212401887],[77.43923703859083,23.249447156841594],[77.4394891971036,23.249439340575343],[77.43953991838731,23.249434111015628],[77.4404898469044,23.24985391833073],[77.44060342043605,23.24984931435148],[77.44070877541971,23.249845042209877],[77.44071660385251,23.249844725130757],[77.44089934080283,23.249915728872814],[77.44116483668228,23.250003264650164],[77.44130305657944,23.25004887661609],[77.44131384786009,23.250026074113205],[77.44136320213644,23.249921777415125],[77.44140333175733,23.24983697262403],[77.44146104191726,23.249715016990177],[77.44181014614675,23.248974362913888],[77.44186993181245,23.24884752083127],[77.4420162953774,23.248536999213744],[77.44269920286362,23.246992080045736],[77.44276160913522,23.24685046004774],[77.4427990689944,23.246721367016306],[77.44285163437057,23.24651967861887],[77.44285750236251,23.246519999267417],[77.44424361462774,23.246597705888178],[77.44491055334693,23.246626702680334],[77.4449115965621,23.246632106138552],[77.44471550899857,23.246900457103273],[77.44470785979804,23.246910924278804],[77.44527191618585,23.247310019553755],[77.44556458747522,23.247461677325276],[77.44585859975014,23.247659367339967],[77.44596310973041,23.247544143134597],[77.44612235004722,23.2473659472088],[77.44612381906983,23.247366957837553],[77.44612461617226,23.247366079087115],[77.44626452045058,23.247463735702222],[77.44762991691701,23.248402892204563],[77.4484203369944,23.248968137928813],[77.44858098117565,23.24876911690045],[77.44849141939304,23.24867381624359],[77.44816389939028,23.24833062529852],[77.4483751468226,23.24807674187495],[77.44906053945276,23.24724651987586],[77.4491007454356,23.246787518079966],[77.44910934699207,23.246684851284467],[77.44923052875076,23.24669368082271],[77.45005021828182,23.246746109305885],[77.45000257510294,23.24952450064759],[77.44999213918969,23.25030798434194],[77.45003540804083,23.252470540664508],[77.44903363994896,23.252625966416797],[77.4482017796501,23.252764927463733],[77.44751520654546,23.25281193583505],[77.44714529898111,23.252837262682352],[77.44667306214644,23.252847073631287],[77.44577092310459,23.252865816216353],[77.4446725626763,23.252924826752174],[77.44467323788575,23.25294929634414],[77.444673037858,23.25295307177116],[77.44465559003599,23.253340893068376],[77.44456427881562,23.254038698041104],[77.44455644639612,23.254097424630018],[77.44455454217889,23.25439818877408],[77.44499214717854,23.254475002236735],[77.4452702841021,23.254523823581657],[77.44552209726845,23.2546458692009],[77.44575468086984,23.25475859377931],[77.44587730222473,23.254818024347657],[77.4457802867505,23.255082840213685],[77.44576847854238,23.255116808028465],[77.44559710927119,23.255080015669034],[77.44551379933334,23.2550778800381],[77.44542925425908,23.255089385845938],[77.44465531743386,23.254893591572753],[77.44464210552519,23.254904537697204],[77.4445243797329,23.255000860399047],[77.44445365294196,23.255058727079927],[77.4445096135899,23.255176246348622],[77.44468651337199,23.255547736391467],[77.44470435891805,23.25586004063255],[77.44469246192743,23.256437059834358],[77.44469441232913,23.256486149428543],[77.44471030835204,23.256886183166703],[77.44483225484828,23.257484022744567],[77.44483381888632,23.257489112877142],[77.44499443210367,23.258011783579175],[77.44500773952507,23.258055092890057],[77.44520151678456,23.258419952336997],[77.44533788961047,23.25867672830282],[77.44585978736662,23.259623664304524],[77.44606909897142,23.260155251141263],[77.44607874220473,23.26020516458961],[77.4460999146631,23.260314769199475],[77.44612557972737,23.260447623396683],[77.44607574413351,23.260749963106274],[77.44595281518623,23.26108220503755],[77.44565047463891,23.261524086638495],[77.44528900578847,23.26188170317252],[77.4448718624609,23.262294400964073],[77.44479357759745,23.26237185000157],[77.44442588319963,23.262300437695536],[77.44434339530977,23.26228809110549],[77.44369505293933,23.26219104199642],[77.44289433049681,23.262084684290908],[77.44282280200723,23.26277660487043],[77.44251751907211,23.26284894087048],[77.44213007257164,23.262952260125967],[77.44211877598704,23.262955341101396],[77.44206113698039,23.262971061413456],[77.44146153694818,23.263134587883734],[77.44118652556912,23.263266774751123],[77.44118965691872,23.263333305944215],[77.44119121631509,23.26336643426],[77.44119260404433,23.263395923802747],[77.44155315790128,23.26338150188458],[77.44155201877027,23.263391750199965],[77.44155280952353,23.26339174861282],[77.44154567717153,23.263448823865186],[77.44138710970861,23.264875707823183],[77.44137600255596,23.264954711100835],[77.44070713711436,23.264943821091787],[77.44066581708485,23.264943147827896],[77.44066497006085,23.26494804405402],[77.4405887273462,23.265389303034297],[77.44054154745352,23.26599339359178],[77.44179887836377,23.26593112923738],[77.44239340437701,23.265909453009833],[77.4424088855149,23.26590635685602],[77.44242105700611,23.26611513438458]]]},"properties":{"zoneNumber":11,"zoneOfficerName":"Mr. Rajendra Srivastava","zoneOfficerMobile":"9424499911"}},{"type":"Feature","geometry":{"type":"Polygon","coordinates":[[[77.41440653235686,23.332465120087203],[77.41444058147329,23.332501786901226],[77.41446677238393,23.332562027420114],[77.41450605934654,23.332637982412734],[77.41451391575664,23.332695601656543],[77.41449820210869,23.332742747153944],[77.41448980980151,23.332749564451095],[77.41445629635294,23.332776794754796],[77.41440391292458,23.332789890781434],[77.41429914821812,23.332805604953492],[77.41421271707317,23.3328082247151],[77.41415509679577,23.33281346284639],[77.41412366717616,23.33282655834806],[77.41408700023749,23.332855368679752],[77.4140765231987,23.332894656323383],[77.4140765230453,23.332922443006535],[77.41407652271393,23.332936561857988],[77.41406342785966,23.33300727816508],[77.4140817606167,23.333096327764586],[77.41411842919342,23.333159187081094],[77.41416819231704,23.333195854572015],[77.41422843246035,23.33324037964488],[77.41429421677907,23.333291546208116],[77.4142991478592,23.333295381359115],[77.41432533996097,23.333324192255834],[77.41435153090218,23.33336609811374],[77.41435676941114,23.333402764621365],[77.414356769329,23.333431576107692],[77.4143436738429,23.3334734818687],[77.41432284445767,23.333500096701208],[77.41372672632039,23.333594547620446],[77.41352126927698,23.333646343721156],[77.41255481281699,23.3338794452419],[77.41239474821498,23.333913192354334],[77.41171407522916,23.33407849923919],[77.4106056371591,23.334318665711628],[77.4105394570066,23.334334057983398],[77.41011117279804,23.334424222612267],[77.40969473227803,23.334568273993856],[77.4089840838156,23.334888225180762],[77.40884520310101,23.334942848779352],[77.40832624381329,23.335238425812467],[77.40830733536,23.335325874678663],[77.4084188008079,23.335711091136417],[77.40839270792641,23.33578184622576],[77.40837469454462,23.3358306914122],[77.4082673112163,23.335959027585467],[77.40819978709358,23.336005505656924],[77.40818593969473,23.33601571371775],[77.40807272809784,23.336099184580757],[77.40796087338742,23.33618165402694],[77.4077729040198,23.33627322782974],[77.40775658219266,23.33628118018222],[77.40775707334272,23.336282417852445],[77.40782729806355,23.336459279660215],[77.40781187239952,23.336471901554606],[77.40771205705296,23.33655356930729],[77.40756276673447,23.336671429453993],[77.4074370485348,23.336778813006326],[77.40732647814481,23.33690599066888],[77.4073047106608,23.33693078269581],[77.40721951817484,23.33702781665153],[77.40707675030592,23.33716915684808],[77.4069282721325,23.337300503602474],[77.40676670984782,23.337391136690755],[77.40674784279737,23.337407280903356],[77.40670555371142,23.33742613860181],[77.4066198940586,23.33750751672553],[77.40649456785533,23.337624001758847],[77.40625736215463,23.33782697281022],[77.40625726448988,23.337827316115273],[77.40624727021675,23.33786586407307],[77.4062401321714,23.337895844647687],[77.40621871737834,23.337924397680055],[77.40606595498326,23.338021480036538],[77.40592604288919,23.338152826719398],[77.40584038193738,23.33822563840972],[77.40579171167852,23.338260709280654],[77.40574330032575,23.3383070160187],[77.40562406151774,23.338368869680707],[77.40557782558498,23.33839285491412],[77.40526938158794,23.338545532142362],[77.40503546166303,23.338661321001954],[77.40479270641579,23.338746467309857],[77.40422204771629,23.33888777228631],[77.4038735632808,23.339023591580325],[77.40386878363778,23.339025454876417],[77.40386516106557,23.339027266391337],[77.40381334714436,23.339049109415456],[77.40331080674609,23.339260963717933],[77.40317200729679,23.339340079582005],[77.40282891870365,23.339253717994985],[77.40185789505144,23.338954801555577],[77.40065136129483,23.33862508914823],[77.4006749120327,23.338402260278215],[77.40074377728817,23.337958357815154],[77.40065543334765,23.337922513692014],[77.40061009409867,23.337907002937325],[77.40055759553495,23.33788433384987],[77.4004275436177,23.337797234917897],[77.40030088791366,23.337745804886822],[77.40023067824295,23.337717295172126],[77.39999443835082,23.337633776111733],[77.39983358980487,23.337572825359416],[77.3997014917955,23.337502954579552],[77.39960777859879,23.337459798146572],[77.39947707527071,23.33742280556],[77.39938874787634,23.337400517561328],[77.39938431035094,23.337399397981436],[77.3992896487782,23.33737964882096],[77.39914168117527,23.33734265688661],[77.39905536643961,23.337316762200047],[77.39899247968317,23.33728963515132],[77.3989184960919,23.33723414724154],[77.39886196145422,23.33714315889295],[77.39874774723064,23.336726753797905],[77.39867278112834,23.33645942904026],[77.3984907651546,23.336001018432498],[77.3983594739113,23.3357643337011],[77.39831408972945,23.33566364460262],[77.398150502138,23.335429947437536],[77.39794585164026,23.3351722797011],[77.39775086466125,23.334943164694103],[77.39774293599484,23.33488964797449],[77.3973395210884,23.33444999802466],[77.39710623686757,23.334237639266235],[77.3970611113446,23.3341882488425],[77.39701582302261,23.334145625102767],[77.39678150410361,23.3339354626341],[77.39658583490242,23.33377119787422],[77.39635919557313,23.333570108864418],[77.39620416101994,23.333423343075722],[77.39575243336144,23.333094812929758],[77.39533694035882,23.332807349837175],[77.39498908537492,23.332594772061462],[77.39455668172776,23.332420844430874],[77.39430545339668,23.332331465019397],[77.39396098271358,23.332238417746144],[77.39388512779352,23.33221792884111],[77.39374743630546,23.332198603040826],[77.39361457475876,23.332133381190527],[77.39340441160593,23.33204400103867],[77.39303964798044,23.33194012844324],[77.39266521962513,23.331896645836107],[77.39196467868385,23.331725133828613],[77.39147671623209,23.33151014091502],[77.39093077734353,23.33127099016152],[77.39038966902316,23.331002851560093],[77.3902157416451,23.33089414681985],[77.3900810934122,23.330829604849818],[77.38992344673055,23.330754039107404],[77.38982791390232,23.33071856392733],[77.3890972924216,23.330447251271316],[77.38870595545053,23.33027815396617],[77.38847405190661,23.33013563012572],[77.38846088633896,23.330118999989146],[77.38838225709036,23.33001967919495],[77.38819866645359,23.32964283620873],[77.38819774215033,23.329592003236428],[77.38819383546117,23.32937711323399],[77.38825181144212,23.32919835525023],[77.38864556259908,23.32873696362848],[77.38885019351656,23.32840389470747],[77.38887263496419,23.328367368234765],[77.38904173202582,23.32797120016589],[77.38913111130628,23.327843169946647],[77.38912260694742,23.327770033922306],[77.38911903280226,23.327739296975],[77.38918184020538,23.327215097770473],[77.38921807489126,23.32715953766836],[77.38931776441322,23.32713171799384],[77.38932194812553,23.327130549974573],[77.38940166507828,23.327024260891676],[77.38952727899658,23.326603937186785],[77.38970362172402,23.325884070069407],[77.38991136885753,23.324985445119733],[77.39001041116641,23.324630343066772],[77.39016742922998,23.3240964818539],[77.39030753742288,23.32366891058878],[77.39044764498254,23.323057748681546],[77.3905442722216,23.322680905555455],[77.39072061477961,23.322060082172943],[77.3907616805993,23.32174604634311],[77.39077146727331,23.32164136927562],[77.39081015385953,23.321227542965982],[77.39085623478704,23.320766548296373],[77.39086275448882,23.32071439509527],[77.39089841241243,23.320429126614254],[77.3909265310086,23.32019120208094],[77.39094063455917,23.31989239395589],[77.39092135514407,23.31985263395],[77.39088520605112,23.319862274026633],[77.39077675927375,23.31990806177333],[77.39071410114106,23.31991529207156],[77.3906750532942,23.319907157431995],[77.39065626277025,23.319903241987966],[77.3906558343059,23.319903129702674],[77.39061047510185,23.319891192942855],[77.39053591380487,23.31983982857403],[77.390502027667,23.319816484659153],[77.39038153212076,23.31967911960742],[77.39025621671345,23.31961405222558],[77.39014536041118,23.319602001634177],[77.39008511157553,23.319589953057374],[77.39003932392211,23.319580313075726],[77.38999594533087,23.31956103429033],[77.3899091878247,23.319532114686595],[77.38987062940377,23.319522474848018],[77.38982725121545,23.31952488483814],[77.38975013265755,23.319534524571647],[77.38969229515243,23.319534524875337],[77.38962722745256,23.31953452499369],[77.38959830777702,23.31953211500185],[77.3895549299772,23.319517654581137],[77.38951155068384,23.31949114605091],[77.38947781240707,23.319459817345926],[77.38945853332193,23.319368240089087],[77.38946776866776,23.31918377630895],[77.38943910838044,23.31909685723837],[77.38935490580192,23.318722381598594],[77.3892440496018,23.318351253695713],[77.38918848819392,23.31824475872067],[77.38912837354862,23.31812954099025],[77.38907294556957,23.318095802155383],[77.38901269777054,23.31807411311283],[77.3889836362302,23.31806503058966],[77.38897413890884,23.318062062782094],[77.3889403700328,23.31806052823839],[77.38892112060664,23.31805965445078],[77.38889943170979,23.31807170279282],[77.38887292244546,23.318086162968843],[77.38884560579373,23.318106649968698],[77.38883740898555,23.318112798138426],[77.38882472390775,23.31812231130179],[77.38882231355646,23.318139180679236],[77.38882231415373,23.31817532969324],[77.38883195391702,23.31822834759638],[77.38883195362351,23.31828859572357],[77.38882299358603,23.31834011212736],[77.3888223136845,23.31834402407462],[77.38879580532985,23.31835848420335],[77.38876206602902,23.318365712725726],[77.38872109697789,23.318365713157963],[77.38866084854016,23.318358484184966],[77.38862470124754,23.31834643377024],[77.38862154689282,23.318343853831905],[77.38861192595388,23.318335981755126],[77.38859819230669,23.318324744839575],[77.3885837322992,23.318293415653127],[77.38857891184823,23.318245217365572],[77.38858855226577,23.318206659321994],[77.38857927130763,23.318135724143605],[77.38860060051651,23.318016274706963],[77.3886150613565,23.31797530573445],[77.38861506126494,23.31792951776903],[77.38861506074743,23.31789336873881],[77.388607831386,23.317849989770266],[77.38860542100822,23.317794561930345],[77.38859337179063,23.317739133699796],[77.38857168193002,23.31770539496522],[77.38854758270732,23.317688526446606],[77.38843836826427,23.317629805060903],[77.3883861186062,23.317601769343646],[77.38835237972629,23.317580079170014],[77.38831106673061,23.31754073443463],[77.38830177122371,23.31753188088502],[77.38827526164374,23.31748609279817],[77.38823429388965,23.31737282626663],[77.38821742384765,23.317334268177422],[77.38820537522022,23.317271610203363],[77.38819573466608,23.317245100605355],[77.38819126379721,23.317239140442442],[77.38817404574048,23.317216181182438],[77.38814232075316,23.317202081842662],[77.38813066717734,23.317196901622523],[77.38809522739422,23.317199480154166],[77.38799812076837,23.317206542418347],[77.38791136379207,23.317247510103027],[77.38784629561599,23.31725714993512],[77.38776435900654,23.317257150051258],[77.38770938132967,23.31723027968123],[77.38757787171643,23.317063904920797],[77.38775314190013,23.316705671164264],[77.38778534858143,23.31661394782284],[77.38781128655319,23.316543949162075],[77.38781389319814,23.316532656189153],[77.38781724147758,23.316518150911012],[77.38781724091818,23.316496236063983],[77.38781724128211,23.316494336952285],[77.38779541093525,23.316456631665208],[77.3877537373432,23.316442741206014],[77.38768229589633,23.316438771750196],[77.38765516664975,23.316443113277277],[77.3876425035335,23.316445139054295],[77.3876326844765,23.316446710249465],[77.38759299508705,23.316464569661974],[77.38752949216298,23.316502275051928],[77.38750806394053,23.316519876375974],[77.3874739257389,23.316547918309702],[77.38742828323947,23.316579670201218],[77.3874051067149,23.316613467702688],[77.3873880729377,23.316638310158666],[77.38734262262636,23.316693229049186],[77.38731129433953,23.31671732759042],[77.3872414062517,23.316722148322025],[77.38721007757498,23.316717328273505],[77.38715946923833,23.316698048923904],[77.3871524660049,23.316692358815473],[77.38712091004446,23.316666720136524],[77.38709199130862,23.31665707980811],[77.38704861318712,23.316635390549987],[77.38700764363617,23.316616110751408],[77.38698113548853,23.316592012071013],[77.38694900180471,23.3165089429608],[77.38694010222454,23.316470524379625],[77.3869497144151,23.316433999689394],[77.38695002518683,23.316432818196322],[77.38698773022193,23.316414958294985],[77.38714251880543,23.316375269216277],[77.3871881620986,23.3163296256484],[77.38720006902155,23.316297873849916],[77.3872139602739,23.316264138415292],[77.38721397310087,23.316264095581584],[77.38720525847057,23.31619437504939],[77.38712573009654,23.316126897844853],[77.386973904817,23.316088339170932],[77.38677147165726,23.31609556942676],[77.38654795462875,23.316139159619198],[77.38648106494101,23.316180351278028],[77.38634404718951,23.31626472567805],[77.38628669626777,23.316240357755753],[77.3862334179057,23.316217722314747],[77.3862099612793,23.316179916037086],[77.38615694227332,23.316134126823098],[77.38606054556139,23.316097979466768],[77.38592331709991,23.31604526576474],[77.38589984278983,23.315964353163373],[77.38591752281228,23.315858446017856],[77.38586889832048,23.315824782789356],[77.38583883302579,23.31580396806406],[77.38563640031948,23.3157895085805],[77.38554964270921,23.315779868998337],[77.3854821652763,23.315772638871152],[77.38539540837994,23.315753360193185],[77.38533997866004,23.31572926129501],[77.38530864985812,23.31568829242832],[77.38526045165041,23.315656963270023],[77.38521466388555,23.31564250374867],[77.38517851483668,23.315628043966],[77.3851230871923,23.315615994013804],[77.38505560911537,23.315618403571996],[77.3850146404321,23.31560876470793],[77.38494234290664,23.315599124726756],[77.3848748648856,23.31557502568137],[77.38482907598798,23.315550927115],[77.38476882771924,23.31555574629817],[77.38469412111378,23.31558948496079],[77.38462423302829,23.315608764622645],[77.38454229561319,23.31560153490881],[77.38449891710447,23.31556779559334],[77.3844699980771,23.315493089329838],[77.38445553895656,23.315394282076262],[77.38446999830309,23.315353313364064],[77.38451096656146,23.315293064903564],[77.38454229637871,23.315242457395527],[77.38454229609219,23.31520871830022],[77.38453553398145,23.31519519266844],[77.38453451064672,23.31519314785602],[77.3845230168361,23.315170159295572],[77.38448445788255,23.31513642028393],[77.38443384937851,23.315105090629327],[77.38437601139083,23.315105091162636],[77.38432058344418,23.315124370691635],[77.3842651548989,23.315199078417855],[77.38420606690649,23.315256845647863],[77.38418562833833,23.315264146318896],[77.38414947946235,23.31526173630636],[77.38411506197487,23.31525768717398],[77.38410851041502,23.315256915771393],[77.38410255836195,23.315249773650166],[77.38408441116016,23.315227997132357],[77.38405067219091,23.315199077810814],[77.38402657296065,23.315170159156054],[77.38399524389389,23.31515087987037],[77.38397355487005,23.315150880111933],[77.38395668535063,23.315160519698406],[77.38394704580837,23.315170158889586],[77.38393017604538,23.315194257865514],[77.38392053571363,23.315225587063082],[77.3839157168805,23.315266556399735],[77.3839108974447,23.315302705378905],[77.38389884681371,23.315341264117325],[77.38388197836134,23.315372592714933],[77.383795220697,23.315411150573798],[77.38372054086618,23.31540258876564],[77.38369400362421,23.315396691991054],[77.38365303495729,23.315375001735692],[77.38364580643506,23.315358133354096],[77.3836699051817,23.3152545056517],[77.38364580568043,23.315172568887782],[77.38361688733153,23.315141239557917],[77.38355181931121,23.315095451800325],[77.38348434135004,23.31506412321571],[77.38342168296325,23.31505207296109],[77.38335420478958,23.315023153618665],[77.38332769570424,23.314987004928543],[77.38328672674547,23.314938806853633],[77.38324093921851,23.314871329430186],[77.38319515091976,23.314801440929358],[77.38317587107535,23.314753242681515],[77.38316141204324,23.314700225247723],[77.38316382204225,23.314664076040987],[77.38323852928444,23.314591777657995],[77.38326021846241,23.314558040144526],[77.38326262830627,23.314533940148223],[77.38324575913492,23.31450743114378],[77.38319274076916,23.314495382348415],[77.38315418230228,23.314461642849558],[77.38311562344587,23.31441103376163],[77.38307465525905,23.31435801603158],[77.38300717718874,23.314259208734313],[77.38295941665294,23.31423124257171],[77.38292751318816,23.314212562399337],[77.3827999243131,23.314211010639223],[77.38266737803077,23.314232699833333],[77.38248663382694,23.31427125902928],[77.38227697092329,23.31429535797304],[77.38217575417657,23.314295358438322],[77.38213719554868,23.314295357864733],[77.38201428959098,23.314278489442643],[77.38195645166327,23.314278488962643],[77.38190102341225,23.314278488681435],[77.38185282465916,23.314273668612408],[77.38180221678392,23.31425438974096],[77.38177088770026,23.31423029036005],[77.38174919759174,23.31419414172626],[77.3817323292604,23.314143533075836],[77.38170822953653,23.314003757971676],[77.3817191137657,23.313933786000263],[77.38172509866105,23.31389531104354],[77.38177406485077,23.313671376921075],[77.38172856211965,23.313558234811456],[77.38166194603355,23.313488476570537],[77.38158570320657,23.313472504275335],[77.38154137463164,23.313458029342886],[77.38147317428798,23.313447068298252],[77.38139522889942,23.313432453670103],[77.3813172837917,23.313431235888828],[77.38129936697588,23.313430240770845],[77.38122894675371,23.31340158892705],[77.3812150590948,23.3133772852647],[77.38120972024318,23.313365274294455],[77.38120896284559,23.313353140316842],[77.38120767365145,23.313289960667543],[77.38120548883245,23.313274670232342],[77.38120280215041,23.313255859662448],[77.38119466151701,23.3132359619793],[77.38118088030507,23.313202272677355],[77.38116139405,23.313176696898932],[77.38113703575986,23.313173043085698],[77.38112716856308,23.313174727596653],[77.38108710337308,23.313181568590323],[77.38104842355612,23.313207014962885],[77.38104082299151,23.313212016066373],[77.38100063311595,23.313250988192866],[77.38096775022494,23.313286306555984],[77.38090563661187,23.31332528028609],[77.38083743530524,23.313338675705765],[77.38079359063643,23.313338676061033],[77.3806693668897,23.313337458442355],[77.38056242844387,23.313297078273752],[77.38050696968655,23.313272816435813],[77.38046142898281,23.313239924562385],[77.3804462488933,23.313207034083565],[77.38042853820946,23.31316655340059],[77.38041588847585,23.313115952206655],[77.38039817712313,23.313062819745085],[77.38039564714735,23.31301474910819],[77.38039564669354,23.31296414818312],[77.38039564679951,23.312921137415476],[77.38047415757526,23.312844540444893],[77.38049938012381,23.31281993369078],[77.38051923927513,23.312810713642673],[77.38056910264054,23.312787563140574],[77.38057022219208,23.312787042866173],[77.38057071188454,23.312786925932986],[77.38062335325503,23.31277439284788],[77.38068154475249,23.312759211620634],[77.38073720573882,23.31273644196982],[77.3807776866764,23.31272885241681],[77.38082322830523,23.312701020922063],[77.3808409393934,23.31265294970816],[77.3808459994495,23.312609939062106],[77.3808437772403,23.31256994330822],[77.3808434688281,23.312564397072485],[77.38081663171296,23.312479005832788],[77.38081563799454,23.312475844841128],[77.38078780738095,23.312402472947937],[77.38073126666754,23.31232649743837],[77.38070684495912,23.312293679650388],[77.38067142424758,23.312253198673666],[77.38060058282986,23.31221524831889],[77.38058625552665,23.312212594642336],[77.3805747358086,23.312210462263504],[77.38053227067611,23.312202598027362],[77.380466489334,23.31222789863517],[77.38040576841911,23.312240549286813],[77.38036275707745,23.312245609215843],[77.38034246015086,23.312248508963222],[77.38032733580916,23.3122506692851],[77.38028938494162,23.312248139084858],[77.380259024057,23.31223042865834],[77.3802387825136,23.312174766634634],[77.38023399334544,23.3121556047625],[77.3802210729796,23.312103925966817],[77.38018312183814,23.312050793886147],[77.38013505128433,23.3120153731713],[77.38009961738152,23.311989781681504],[77.38008951032381,23.31198248287658],[77.38003637772128,23.31193694066495],[77.37997059668729,23.31190911058504],[77.3799034916579,23.311925408055917],[77.3797645472204,23.31197549785355],[77.37954711668884,23.31185900500858],[77.37947613817306,23.31171111962989],[77.37952004739444,23.3116266180858],[77.3796781007104,23.31151168465058],[77.379672048851,23.311451168793962],[77.37966963732889,23.311445540313507],[77.37965686878812,23.311415747785496],[77.37962903826586,23.3113676773315],[77.37956325612535,23.311301895171024],[77.37948735353461,23.311238643074958],[77.37937603115945,23.311114670104146],[77.37934313958473,23.311008408243715],[77.37935579076239,23.310947686061024],[77.3793330204449,23.31089961474783],[77.37931025005778,23.310876844394965],[77.37930780963295,23.310874648964727],[77.37928494870553,23.310854074013385],[77.37918442586934,23.310820565884104],[77.3791204774716,23.3107788603603],[77.37904592244573,23.31068506696659],[77.37902057880592,23.310598004892746],[77.37880588369407,23.31040508171215],[77.37878329505125,23.31038031177305],[77.37875110542495,23.310358181096834],[77.37865749303656,23.310284808973538],[77.37853604965747,23.310112764901728],[77.37845233197271,23.310049956055355],[77.37838677568291,23.310016621764603],[77.37822232175652,23.310006502349825],[77.37811605936702,23.31000144210717],[77.37797943619834,23.309991321670307],[77.37788329268676,23.30999132157011],[77.37780486105234,23.30996349063847],[77.37772642904112,23.309933130203447],[77.3776581169421,23.309879998594536],[77.37760498637897,23.309847107800213],[77.37755185532248,23.309816747380555],[77.37751390396411,23.309819277081647],[77.37747089318421,23.3098192770451],[77.37742029079868,23.30982686697248],[77.3773671603243,23.30983951831323],[77.37728089075793,23.309894731668727],[77.37724111042728,23.30990330998855],[77.37723053632975,23.30991036020148],[77.37717993532229,23.30993819029172],[77.37706355212212,23.309963490681636],[77.37700536130319,23.309963490721717],[77.37698823466035,23.30996414982392],[77.37693957897774,23.309966020840143],[77.37685608717653,23.30998879217375],[77.37678777465266,23.31001409192025],[77.37676746497173,23.31002994317817],[77.37675488364785,23.310036862888584],[77.37669163297278,23.310067224395397],[77.37662585102198,23.310102643892048],[77.37654488949057,23.310145656421653],[77.37649175833883,23.310168426361862],[77.37645190986345,23.310183605806078],[77.37643862582075,23.31018866688004],[77.37636778397409,23.310183606262367],[77.37624887115989,23.310082404064488],[77.37614766911803,23.309930600412535],[77.37610971766844,23.309885058850554],[77.37606923744639,23.309834458107876],[77.37603381581447,23.309811687384716],[77.37595285411832,23.30979397676587],[77.37588960221298,23.309781326037882],[77.3758437842073,23.309775871575695],[77.37578333944687,23.30976867566118],[77.37576562908161,23.309809157212737],[77.37574791906893,23.309852168230194],[77.37573020811521,23.30990782941065],[77.37569984681987,23.309986260654654],[77.37566695553865,23.310039393328587],[77.37563153598626,23.310067223747595],[77.37561129540501,23.31006975393459],[77.37556828400727,23.310067223923962],[77.37555688701816,23.310060385984514],[77.37555563373408,23.3100596329834],[77.37549238241382,23.31002674171146],[77.37543719324454,23.310026741918865],[77.37542913043522,23.310026741825084],[77.3753759992467,23.309993851958254],[77.37535456138812,23.30996096738197],[77.37531804565135,23.309904955079137],[77.37530009716451,23.30986734829119],[77.37527985677767,23.309826867287537],[77.37525708620379,23.309778795888555],[77.37524696622638,23.309740844930324],[77.37522419492771,23.309725664953945],[77.37520142535493,23.309715544749906],[77.37517865444387,23.30971554525039],[77.37515335325311,23.309720604586385],[77.37514070343622,23.3097408451024],[77.37512299344118,23.309766146095196],[77.37510022242638,23.309804096967323],[77.37509179212992,23.30981576966331],[77.37506733063829,23.309849638430567],[77.37495094832921,23.30991795017074],[77.3749358750856,23.309917949788847],[77.374922731876,23.309917949562617],[77.37491046728917,23.309917949579468],[77.37485227592532,23.309902769196306],[77.37475360341617,23.30986734776546],[77.37465846812796,23.30983775074754],[77.37463975001864,23.309831927153258],[77.37446173110352,23.309775774188736],[77.37426277107808,23.309713014000433],[77.3735720632986,23.309472657559137],[77.37327604466792,23.30936639640938],[77.37310912175874,23.30937121063384],[77.37301291892855,23.30937398570565],[77.37258763004898,23.30949666521627],[77.37235510155013,23.309563741371537],[77.3715201797833,23.309771205588095],[77.37040695246385,23.310059633071734],[77.37011553842085,23.310137985391286],[77.36987057793586,23.310203847449323],[77.369157746416,23.31040657908325],[77.3690432465827,23.310439143130825],[77.36877758989509,23.310497335450645],[77.36856000472095,23.31052010457696],[77.36812989398273,23.310504925082437],[77.36762894067611,23.310489744048926],[77.36730419620393,23.310538213844083],[77.36728991239002,23.310540345610494],[77.36717099908586,23.310633958210072],[77.36703233388094,23.310821991856134],[77.36688607233246,23.310407705040298],[77.36657605906554,23.309134555912017],[77.36645572032226,23.308587708686137],[77.36643774044367,23.308506006038368],[77.36633259288911,23.30818732273635],[77.36607589585992,23.307311088351714],[77.36606074280314,23.307269896161376],[77.36572129964297,23.305847152267173],[77.36503340930113,23.304084746393272],[77.36456142520946,23.30281942905709],[77.36453129872018,23.301478794701463],[77.3630711529681,23.301536140999733],[77.36260613670635,23.3014917860428],[77.36205864724776,23.30143956405332],[77.3615913858118,23.30129955971872],[77.36122683482608,23.30119033180546],[77.36018006035107,23.300757290976833],[77.35882278933344,23.300083190238464],[77.35877535564578,23.300058956375707],[77.35798141031758,23.299653320122683],[77.35854447340975,23.298638817295497],[77.35879326671449,23.29862298520822],[77.35887369893834,23.29861786642158],[77.3588871679359,23.298617008824472],[77.35888726175654,23.29861846897481],[77.3588933984851,23.298713587407505],[77.35951900839775,23.29867961135311],[77.35999212757653,23.298633326813288],[77.36006628409098,23.298626073098514],[77.36090491784198,23.29870814122318],[77.36100724768396,23.29871815521041],[77.3611844727436,23.29913683335986],[77.36125436917878,23.29928827511356],[77.36130081733242,23.29938891100546],[77.36131292614795,23.29939735130491],[77.3613922301125,23.299452623241084],[77.36145040154267,23.29945816386419],[77.3615141144067,23.29944708274378],[77.36158336665635,23.299413842073182],[77.36161660814192,23.299391680612747],[77.3616664690402,23.299394451071453],[77.36169971142023,23.299402762425874],[77.36172324409118,23.299402762015045],[77.36176896299295,23.299402761759666],[77.36185206595461,23.29938614138283],[77.36192962900647,23.299366750945836],[77.36204874257392,23.299308579220778],[77.36214292574458,23.299269796610584],[77.36225372972939,23.29920054510648],[77.36234514283836,23.299164533974267],[77.36252242907139,23.29908143114001],[77.36255879875122,23.299056951270778],[77.36266647446533,23.298984477226796],[77.36271079510608,23.298931845786854],[77.36275511685717,23.298893064422526],[77.36278835831313,23.298876444274278],[77.36282343878153,23.298874494579948],[77.36282793232814,23.298874245152593],[77.36283821957689,23.298873673773404],[77.36288531090312,23.298873673932018],[77.36296287349509,23.298876443670505],[77.36305428670136,23.29889029393487],[77.36315861746247,23.2988920929266],[77.36321495343908,23.298893064278243],[77.36330636555643,23.298859822576343],[77.36337838781874,23.29880719060898],[77.36339042021832,23.298794356604063],[77.36341994041457,23.29876287020924],[77.36349750238544,23.298729629045603],[77.36351272624148,23.29873006394091],[77.36351727373656,23.298730193582326],[77.36359445600218,23.29873239880779],[77.36366264558413,23.298750077749087],[77.3636692477979,23.298751789046868],[77.36376897231854,23.29876840970738],[77.3638437635064,23.29877671961261],[77.3638713240704,23.298778621375146],[77.36392409716908,23.298782259597502],[77.3640182795856,23.298782260148496],[77.3640819932969,23.298782260086316],[77.36421495733138,23.298771179885097],[77.36429529033245,23.29876564034143],[77.3643839330676,23.29876009999136],[77.3644975075088,23.298760100410277],[77.36459446003963,23.298771179995164],[77.36465817194147,23.298804421446654],[77.364738606474,23.2988972489822],[77.36525121155384,23.299197616449547],[77.36608164291135,23.29959392356747],[77.36617064493238,23.299613289448413],[77.3669213399815,23.29954680732763],[77.36705592608686,23.29938514036612],[77.36782993225167,23.29845538900069],[77.36874380688131,23.297515105018082],[77.36899731114418,23.297443983973555],[77.36953784556857,23.2976916186778],[77.36991662959124,23.297849707061683],[77.37210237114523,23.29884955720027],[77.37322282327568,23.29934203308932],[77.37420376807727,23.299763121359014],[77.37444905392545,23.299849863584726],[77.37521244395074,23.30014373305394],[77.37604105036826,23.30040012908733],[77.3760824279668,23.30040813024363],[77.37614413507964,23.29973359999633],[77.37615197480447,23.29947749734074],[77.37613040926779,23.299273085646867],[77.37612885461942,23.299258360942137],[77.37609186934785,23.298907798248358],[77.37602131002745,23.298330258842835],[77.3762774134797,23.297854639345964],[77.37671989133817,23.2970240707644],[77.37764528614166,23.295355944049206],[77.37822328511129,23.293987947771793],[77.37798765720939,23.293850503401742],[77.37794383570217,23.293831403184402],[77.3776604937356,23.29370223695351],[77.37747146534468,23.29340565639877],[77.37741677518149,23.293346236968343],[77.37713252712885,23.293037409079982],[77.37722730602421,23.292509153741626],[77.37704427796723,23.29234076816683],[77.37675994366093,23.292150478196106],[77.37694901285285,23.291891184021164],[77.3777812019763,23.29082592855708],[77.37832111852832,23.29013694957818],[77.37765044922944,23.28932789465586],[77.3773434965689,23.288988786309744],[77.37724077307497,23.28886721501426],[77.37714759031135,23.288659727422907],[77.3769562534607,23.28841745008579],[77.3766630368937,23.288132930770576],[77.37630460129806,23.287714770621456],[77.37629045917274,23.287476762700702],[77.37622992547355,23.287277000331308],[77.37622531109915,23.287270025902455],[77.37609977660696,23.28708026522112],[77.37604226988401,23.287004597071085],[77.37592120191523,23.28693801027446],[77.37577289284945,23.286868395985287],[77.37572749305184,23.28675338127485],[77.37573354566939,23.286586912023058],[77.37572143964242,23.286214628118813],[77.37561128829921,23.28568641137303],[77.37570043727433,23.285498086761294],[77.37586891144998,23.285039515360424],[77.37590720884437,23.285061288302458],[77.37704720036191,23.285709380972072],[77.37750325151202,23.286027142843093],[77.37988956099804,23.287338603199547],[77.3808286795898,23.287877773863034],[77.38274457963907,23.288913663221],[77.38386121442794,23.28952133225736],[77.38508239936367,23.290192466926563],[77.38510287800575,23.290197041877253],[77.3851186433697,23.290205621261816],[77.38699312520995,23.290648057416877],[77.38908589134498,23.29086747955171],[77.39225856159905,23.290888389907266],[77.3928986997524,23.290900252190667],[77.39397682451477,23.290752171805547],[77.39676703603628,23.290440612072913],[77.40014901181537,23.289843036973306],[77.403116143649,23.288565602897762],[77.40330119054808,23.2884865430792],[77.40330114933046,23.288485952640173],[77.4033916235362,23.28843212193589],[77.40430870233513,23.28790707337431],[77.40471238640156,23.28767739116828],[77.40528774969921,23.287273706669726],[77.40614615825463,23.286672821934904],[77.40618933114325,23.286635627060317],[77.40638197867648,23.28646965382353],[77.40690016423619,23.286023217042928],[77.40750336900041,23.28542233178818],[77.4080554414689,23.284871219310777],[77.41227255865529,23.280843537705383],[77.41336032114715,23.279804585011757],[77.41336332219521,23.279802409172543],[77.41373457092614,23.27971822938609],[77.41412626125971,23.27955628115079],[77.41415939706914,23.279542580123586],[77.41447968458836,23.2794101528809],[77.41498120523187,23.27922029223859],[77.4154003313504,23.279098494626485],[77.41563001960199,23.27905685515299],[77.41601290129046,23.278987443890955],[77.41687264886392,23.27887281111729],[77.4168976332123,23.278871154611586],[77.41690808080851,23.278870461927973],[77.41732220553122,23.278843005723907],[77.41752104117535,23.27882982438394],[77.41792225709422,23.27884415307656],[77.41850975058301,23.27894445725861],[77.41873201707725,23.279029839836127],[77.41909724507967,23.279170140649292],[77.41960592785236,23.2795176218567],[77.41967982930777,23.27946768286505],[77.42008041971718,23.280039923041056],[77.4204028050976,23.2805521249528],[77.42110500731411,23.281635422833524],[77.4211280363505,23.281670521888454],[77.42195275506549,23.282915767327914],[77.42195880266452,23.282924898419942],[77.42196323658689,23.282931002023854],[77.42226764822051,23.28335008910342],[77.4223965652172,23.283527570874043],[77.42406868256609,23.285952742146574],[77.42463107053143,23.28673236079346],[77.42375198701318,23.28716854627925],[77.42324101650243,23.287421700661334],[77.42247243672885,23.287432756842296],[77.42246546974994,23.287431085818017],[77.42244645991913,23.287431515851246],[77.4222143028029,23.287370859177123],[77.4216257856942,23.28722973804623],[77.42101644105364,23.286707441890524],[77.42017210436047,23.287194395275804],[77.41946783039752,23.287600020955814],[77.41932795462819,23.287678267202924],[77.41877989966929,23.287984845842775],[77.41857566414781,23.288118182086762],[77.41849313929359,23.288172057789158],[77.41827175273947,23.288311723739856],[77.41821764108687,23.288327540806414],[77.41817517649237,23.28833995423175],[77.41809694721547,23.288349732718054],[77.41808008361377,23.288351841203472],[77.41792258752234,23.28832955366964],[77.41737707989802,23.288205240596326],[77.4165138736788,23.287967089883118],[77.41651164390476,23.287964081269983],[77.41650849228563,23.287963313753018],[77.4162227443324,23.287574209577063],[77.41470068460319,23.285520188764323],[77.41396991635933,23.285878363652436],[77.41381676302339,23.285931962107757],[77.41377706697,23.285945854666835],[77.41357963962446,23.285977262587036],[77.41330593506538,23.28599969759453],[77.41300979362563,23.286040080916656],[77.4127091667169,23.286080463899],[77.41243994907042,23.28615225503038],[77.41245340980664,23.28621507277646],[77.41239956595712,23.286250968772297],[77.412220086677,23.28637211662681],[77.41192843423588,23.28644839587342],[77.41166420272445,23.286505015969375],[77.41117462178669,23.286609927300702],[77.41102723835591,23.286754034119035],[77.41115256564657,23.287035292393423],[77.41176260475834,23.28769648416037],[77.41251080133632,23.288520538417476],[77.41376920693811,23.290151866920567],[77.41430358160743,23.290849358651514],[77.41500966733858,23.29188698219685],[77.41505596079185,23.29195547489726],[77.4149348370127,23.291986918007634],[77.41424169158878,23.29206625369907],[77.41354019700795,23.29243370356488],[77.41355272393626,23.292696765208138],[77.41352160326602,23.292991373136058],[77.41349008993495,23.293289696312407],[77.4134826591209,23.293349145218066],[77.41411281263493,23.293552169611345],[77.4153946731235,23.294114383684768],[77.41544435540568,23.294141132934367],[77.41648322359623,23.294656015998832],[77.41648957988157,23.294658735185845],[77.41658049356312,23.29469762944632],[77.41894375982376,23.295150150447444],[77.41937325097336,23.29525472242854],[77.41944421098145,23.29528833413165],[77.41947408842724,23.29531821217393],[77.41951143497715,23.29542651907386],[77.41950270430334,23.295550701016708],[77.41951670130764,23.295904131631993],[77.41952660233582,23.29613239100581],[77.41905110582339,23.302746301781607],[77.41900453895364,23.30339402556721],[77.41912940629636,23.30339738997231],[77.42063513835457,23.303316071328567],[77.42135533023695,23.303242703101073],[77.42192150224001,23.303014863335424],[77.42387540330034,23.30214749001981],[77.4272004583535,23.30065610259514],[77.4272306526369,23.300749102885796],[77.42729115818827,23.300935460204645],[77.427338979196,23.301072943948185],[77.42738082155991,23.301144675225732],[77.42744038577793,23.301232545730972],[77.42745688087555,23.301248918154215],[77.42746193843998,23.301252196597037],[77.42776045623155,23.30142163605986],[77.42777733461293,23.301437577049875],[77.42779026038842,23.30145111671129],[77.4278191776024,23.30148141194779],[77.42781989569556,23.301484284260685],[77.42782303834235,23.301496850912134],[77.42782714814949,23.301513293111725],[77.42782714787279,23.30153401485037],[77.42782714805692,23.301565099219175],[77.42782599948936,23.30157161138929],[77.42782117105362,23.30159897189017],[77.42780921596031,23.301650777021916],[77.42778729808369,23.301704575795107],[77.42777335006502,23.30174044096642],[77.42780323762419,23.301764351123595],[77.42785105930301,23.301778299413428],[77.42790286395747,23.30180220910464],[77.42795865534627,23.301834089582485],[77.42799850575219,23.301877924682504],[77.42802042394008,23.301937700826624],[77.4280204241744,23.301950216150555],[77.42802042406281,23.301975558839153],[77.4280180474641,23.301984470395062],[77.4280124528239,23.302005446605257],[77.42797857964896,23.302041312898666],[77.42795376567474,23.302059922688088],[77.42793873006485,23.302071200714092],[77.42790087201209,23.302121013848737],[77.4279006852128,23.302122230757096],[77.42789688684101,23.302146916588228],[77.42791282707533,23.3021807896942],[77.4279139498656,23.302182421644254],[77.4279347445241,23.30221266974787],[77.42797459457236,23.302222633014978],[77.42798432961239,23.30222263312305],[77.42802045864345,23.30222263333331],[77.42803835614751,23.30222263261534],[77.42816986256548,23.3021827819344],[77.42821756765667,23.302161792248466],[77.42821967628971,23.302160863985762],[77.4283232878971,23.30207717821003],[77.42832583887287,23.302075817156414],[77.42838306431136,23.302045297765883],[77.4284106513994,23.302025234146576],[77.42842689910037,23.30201341706256],[77.42851457014798,23.30198950663146],[77.42856039817772,23.301989506963277],[77.42856281985772,23.30199078884519],[77.42861053355506,23.30201604944132],[77.42862814423856,23.302025371559857],[77.4286581732555,23.302057472141154],[77.42867454203049,23.30207497014248],[77.42868592794864,23.30208714061569],[77.42873574131801,23.30221864842149],[77.42870386002468,23.302310304099603],[77.42869821369149,23.30232010996687],[77.42869707895953,23.30232208291245],[77.42866600151469,23.302376056752824],[77.42865803187088,23.302401960050076],[77.42864009977663,23.30241192279825],[77.42860622660442,23.30242587059008],[77.42852652611427,23.302431848367853],[77.42849804030712,23.30243388299319],[77.42847073531271,23.30243583305563],[77.42842490678945,23.302447787727118],[77.4283053552225,23.30247966902653],[77.42828317131062,23.302490761224202],[77.4282142514322,23.302525221297678],[77.42819377319219,23.302535459938042],[77.4281479452577,23.302559370378006],[77.42812204186598,23.302577303108755],[77.42808816942077,23.30260519794011],[77.42806425864197,23.30262910785419],[77.42805031056214,23.302649033694582],[77.42805031057289,23.30267095144857],[77.42808816868619,23.302744675079783],[77.42817584059078,23.302910054736273],[77.42825477519138,23.30304378478414],[77.4282495638397,23.303089381807165],[77.42823561608519,23.303133217598756],[77.42822166943706,23.303185023911436],[77.42820174396722,23.303234837196044],[77.42818978788537,23.30328465022716],[77.42817384762748,23.30333844820132],[77.4281658777353,23.303392245869286],[77.42817982610092,23.303452022206763],[77.42820174406663,23.303491872715817],[77.42823760932984,23.303519767966407],[77.42826948855722,23.30352375301538],[77.4283272728715,23.30351379134931],[77.42846874230678,23.30347194819544],[77.42852453331356,23.303459991921642],[77.42856438442013,23.303467961787128],[77.42859427066837,23.303505819797852],[77.42863013742787,23.303557625680913],[77.42867397315659,23.30361939495277],[77.42872378585662,23.303677178031137],[77.42876562881133,23.303705073091603],[77.42881344894488,23.303723006262345],[77.42886127037228,23.30372300600744],[77.42891506824365,23.303715036095365],[77.42901071045414,23.303697103106355],[77.42908244085656,23.303675185004334],[77.42919009168776,23.303643079449596],[77.42919601526344,23.303641311595424],[77.42926176835549,23.30362138653741],[77.42930759570108,23.303619395250696],[77.42931206707821,23.303620165343798],[77.42936537974676,23.30362935693142],[77.42939726025115,23.30363533474852],[77.42944109570566,23.30365326831567],[77.42957279778706,23.303673482447707],[77.42966328098453,23.303625066046095],[77.4297133592377,23.303564100776057],[77.42976721692322,23.303366349162584],[77.42977817107725,23.3033667753328],[77.42978387772894,23.30333885264655],[77.43001645505593,23.303397204740303],[77.43005997940395,23.303447425408635],[77.43006109544746,23.303538935784605],[77.43000306331732,23.303621518870568],[77.42995953982155,23.303654998844586],[77.42994838027711,23.30368513014325],[77.42996735210555,23.303717493825218],[77.4301079664399,23.303860340704244],[77.43021398491855,23.30396189639885],[77.43036799163221,23.304086885827065],[77.43055436157466,23.304384854676634],[77.43062919716508,23.304555471071296],[77.43087688322923,23.30443284261821],[77.43259972816962,23.303695862386636],[77.43295940784422,23.303568915941046],[77.43296697936384,23.303374597228963],[77.43296998660483,23.303297391991524],[77.43317451099144,23.302937712264423],[77.43347777129586,23.30264855716167],[77.4336893470955,23.30241582338668],[77.43392208149845,23.302250087720928],[77.43411955268735,23.30213372144945],[77.43422534069404,23.302288876981105],[77.43445165870425,23.30261819046232],[77.43473102720804,23.302488366247843],[77.4352660395435,23.30219515365205],[77.4353688877116,23.302363452343283],[77.43565061019234,23.30276211466526],[77.43611305980768,23.303413266170672],[77.43643199080692,23.303883687750545],[77.43679610268065,23.304338164993112],[77.43709111376738,23.30469164631067],[77.43742333376453,23.30497868436271],[77.43777415760903,23.305268379754235],[77.43800579627396,23.305378815206236],[77.4390399299737,23.305916914100074],[77.43933590272508,23.306087370184333],[77.43948311370868,23.306175697260695],[77.43974627638862,23.30632488800538],[77.43976344251075,23.306334619934745],[77.44006536865231,23.306512441121143],[77.43999600023028,23.30674309260795],[77.4399177380506,23.306960275055477],[77.43995343001446,23.307149442180954],[77.43995581024899,23.307313624763225],[77.43994986069671,23.307495654131248],[77.43996052068916,23.30771476822442],[77.43996056877201,23.30771575362608],[77.43996874702209,23.307936107763318],[77.43996294777567,23.30798701245976],[77.4399546196928,23.308077432117148],[77.43995224135939,23.308107175375312],[77.43997246600561,23.308238045945032],[77.44002481373494,23.30835226013081],[77.44006571651781,23.308393162835014],[77.44007240269107,23.30839984898263],[77.44010095704768,23.308446248435022],[77.44011687573435,23.30852811877657],[77.44011761272836,23.308531908911352],[77.44012356228816,23.30866396870566],[77.4401330800051,23.308771045102887],[77.44015211507812,23.308841239071082],[77.44020089374033,23.308944745406766],[77.44021160209466,23.309045873088163],[77.44020327387166,23.309098221237633],[77.44016282337043,23.309152948080623],[77.44008786955538,23.309223141613913],[77.44002719393833,23.30928024920561],[77.43991892825069,23.309387324552716],[77.43989513341316,23.30945513980472],[77.43987609766951,23.309513437282263],[77.4398534925401,23.30955626722162],[77.43981304172799,23.30962765125773],[77.43980828337202,23.309729968397033],[77.43980828316752,23.309851319681115],[77.43981066338281,23.30989652966508],[77.43980590363118,23.309976241903243],[77.43981423183756,23.310076179026904],[77.43980114513973,23.310127338235922],[77.43976426319864,23.310173737061454],[77.43973689855434,23.310230843773077],[77.43971310525939,23.310287951352933],[77.43966908490945,23.31035814472755],[77.43957271574212,23.310477117818895],[77.43949776328121,23.31057348725143],[77.43946088214241,23.31060441943804],[77.4394228103809,23.31064368069244],[77.43939187655216,23.310710306103356],[77.43938473944034,23.31078763785842],[77.43935618598951,23.310910180034252],[77.43930264812661,23.311130280031584],[77.43928480218973,23.311204044178783],[77.4392669562611,23.311246874261236],[77.4392586283606,23.311289703683528],[77.43927611446111,23.311442423354162],[77.43927647398104,23.311445558857034],[77.43924791974798,23.31156453191169],[77.43920746859594,23.311690643077803],[77.43914084372322,23.31184054921764],[77.43907897800887,23.31203923383337],[77.43904685557928,23.31207849613686],[77.43901400213072,23.312106001117506],[77.43899569749605,23.312121326259675],[77.43894794129524,23.312144848208934],[77.43891598517985,23.312160587339687],[77.43885174016663,23.312177242835055],[77.43862093218068,23.312203417000564],[77.43856144643192,23.312210556383413],[77.43854664237558,23.312218310249992],[77.43851147743356,23.31223673011341],[77.43849579572961,23.31225998114485],[77.43847697453677,23.312287887932342],[77.43838417600472,23.312358081591505],[77.43828423752345,23.312456829735144],[77.43823902932748,23.3124770547532],[77.4382013939874,23.312472513058637],[77.4381700243371,23.31246872718366],[77.4380950713893,23.312462778836387],[77.43802011778554,23.312465157770802],[77.43794516456364,23.312529403147156],[77.43786783321283,23.31257699288302],[77.43781905383668,23.312553198284196],[77.43776432561405,23.3125175060697],[77.43772268630887,23.312478244947137],[77.43770008107035,23.312431846099308],[77.43768223529545,23.312373549072827],[77.43765724993797,23.312337856937674],[77.43762869704312,23.312316442370328],[77.43759181533821,23.31229145742213],[77.4375741411145,23.312285351742105],[77.43753794207153,23.312272846698413],[77.43752637989301,23.312268851841278],[77.4374764112714,23.31227361081485],[77.43745142704778,23.31227480054968],[77.43741930404764,23.3122997848725],[77.43741126580866,23.312308467325174],[77.43738956076612,23.31233190771291],[77.43733245376575,23.31241756881795],[77.43728843447374,23.31245088082992],[77.43722180947617,23.312532973252747],[77.43714634729649,23.31258048464281],[77.43712544122769,23.312593649194582],[77.43704453885466,23.31263053087244],[77.43699813986375,23.312630530866574],[77.436907720006,23.3126210130366],[77.43684704405662,23.31259840822223],[77.43682467225024,23.312589827110656],[77.43676019358952,23.312565094671875],[77.43669594836732,23.312529403369837],[77.43660744075657,23.312490192290696],[77.43660195887239,23.312487763045105],[77.43639499070306,23.312470837312194],[77.43636044374246,23.312465157620238],[77.43626645540712,23.312479434952436],[77.43618436383875,23.312535352033784],[77.43612249797316,23.312600787024685],[77.4360772883266,23.312654325302294],[77.43599400714234,23.312691207251202],[77.43590001835102,23.312729278425685],[77.4358979980849,23.31272944443396],[77.43582744525897,23.312735227396185],[77.43574059475665,23.31272451927459],[77.43569300525775,23.312705483836467],[77.43566937582506,23.312685545757244],[77.43565493417492,23.31267336070389],[77.43553239213846,23.31262934055725],[77.43543007462068,23.312609115346905],[77.43533965459756,23.312590080383707],[77.43528373806848,23.31256985367904],[77.43522068172314,23.31254011138955],[77.43519569837905,23.312519886185655],[77.43516952420578,23.31247586605059],[77.43513978102885,23.31242708672993],[77.43510646820859,23.312391395346374],[77.43506244786076,23.312356893142766],[77.43505823243596,23.31235496181385],[77.43496370140885,23.312311682954604],[77.43491492242667,23.312308113843276],[77.4348363992618,23.312308114219064],[77.43479951824875,23.312309302860953],[77.43474360009688,23.312298595767853],[77.43474009523413,23.312294937673336],[77.43473897235124,23.312293765756344],[77.43473739417,23.31229212002619],[77.43473099484736,23.312285442280192],[77.43471623737588,23.31227004209478],[77.4347126674866,23.312245058145905],[77.43471742589998,23.312206985626172],[77.43472456500403,23.312166536365],[77.43473289292488,23.312137981999985],[77.43475311767318,23.31210704881166],[77.43477334389944,23.31207135745151],[77.43480665560828,23.312027336860044],[77.43482688226248,23.311996403567097],[77.43486087053873,23.311965505239904],[77.43486614293256,23.311960712399486],[77.43485305594287,23.311894086770454],[77.43484710732521,23.311863153927913],[77.43483401954397,23.311815565182204],[77.43482450237337,23.311765596160036],[77.43480308730499,23.311681125654452],[77.43480019947198,23.311651093816636],[77.4347971379427,23.311619260324512],[77.43482331188258,23.311572859842887],[77.43483946926793,23.31156050527952],[77.43486376304966,23.31154192682122],[77.43488993679826,23.31151813332738],[77.43493871607652,23.31143604074841],[77.43494228524331,23.311399158800807],[77.43494823365671,23.311333723975125],[77.43496608031516,23.31125996062405],[77.43498207854596,23.31119438362017],[77.43495828985417,23.310795052188535],[77.43495249466669,23.310767525165854],[77.43495108572414,23.31071258271374],[77.43496658308695,23.310650595842304],[77.43497926212824,23.310573113926598],[77.43497926232061,23.31053507700136],[77.43496164666102,23.31047681527053],[77.43496094717493,23.31047449969252],[77.43494404220985,23.310444914729132],[77.43488628242085,23.310432236257814],[77.43483106289978,23.31042499404181],[77.43480034710998,23.31042096568057],[77.43474540482605,23.310411104768665],[77.43464960822462,23.31040265215481],[77.43462565945337,23.310391382088007],[77.43459325676352,23.310354754413275],[77.43455803814248,23.310326577993866],[77.43452791183229,23.31030764174582],[77.43450873088526,23.31029558516047],[77.43446445315587,23.310272813806026],[77.43445942444292,23.310270227198966],[77.43443970122492,23.310244868904952],[77.4344199784313,23.310215285052795],[77.43441691877563,23.310199993131874],[77.43441634673968,23.310197131803083],[77.43441293362983,23.31018006590016],[77.4344115252471,23.310133576218448],[77.43442983920283,23.310106809054474],[77.43446505923826,23.310064545593143],[77.43462002419012,23.309994106718214],[77.43466498472296,23.309962770760546],[77.43471300257995,23.309929303808392],[77.43476512824313,23.309889858231006],[77.43480175558399,23.309860273936227],[77.43483415840306,23.309825054154317],[77.43485528888726,23.30978842626837],[77.4348524715478,23.309753206653387],[77.43483697506746,23.309715169569856],[77.43479612089244,23.309634869990255],[77.4347566751472,23.3095334381381],[77.43473900694363,23.3095216599922],[77.4347313172376,23.309516533287308],[77.43468623615568,23.309501036316483],[77.43463552027508,23.30950103619177],[77.434569307795,23.309495400922593],[77.43454817577604,23.309486949370704],[77.43454200920044,23.309481869208792],[77.43452944788807,23.30947152490123],[77.43452422696215,23.309467226398365],[77.43449464298513,23.30943341531563],[77.43448742519632,23.309422072208857],[77.43447492012676,23.309402422045736],[77.43444700788967,23.309374510321394],[77.43444533586867,23.30937283828587],[77.43444497662207,23.30937211898317],[77.43442279492317,23.30932775663357],[77.4343878785268,23.309304927003307],[77.43438616687268,23.309303807608234],[77.43435799213576,23.309281267086373],[77.43432840757428,23.309248866287458],[77.43429318808296,23.309113623261645],[77.43428473634722,23.308962883863536],[77.4342819538289,23.30880296297573],[77.43428191824951,23.30880087500097],[77.43428191808985,23.308778335257934],[77.4342787878661,23.30877352804536],[77.43424899372013,23.308727771608606],[77.43424247203296,23.308717758020354],[77.43419316493886,23.308675494150588],[77.43411990872833,23.308651545047994],[77.43410863859087,23.30864450091137],[77.43407060151421,23.30862900476464],[77.43402129545416,23.308607872909764],[77.4339593086671,23.308585332957456],[77.43393395116553,23.308576879850158],[77.43389873075418,23.30856560985545],[77.43384378890569,23.308545887025428],[77.4337775773516,23.308514893549233],[77.43370150274694,23.30847967463513],[77.43367896217102,23.30842614079555],[77.43367790353088,23.308417253979858],[77.43367191858162,23.308366973197113],[77.43367191921746,23.308313438956688],[77.43369305042971,23.3082359571716],[77.43370995541655,23.308197920388082],[77.4337240434019,23.308138750789944],[77.43371418237975,23.308076764641886],[77.4336659910883,23.308052670003836],[77.43366064838085,23.30804999815396],[77.43360914580313,23.308029400241644],[77.43349168382883,23.30800088972375],[77.43332312993877,23.307929087239717],[77.43328830965227,23.307917480673034],[77.43321867157368,23.307889294097702],[77.43316312685137,23.30785613172548],[77.43311006873135,23.30782462862605],[77.43307193258295,23.30779644206903],[77.43307046785564,23.307795404308752],[77.43305203646314,23.307782348376797],[77.43303213990482,23.307750015758284],[77.4330320202887,23.307748346548298],[77.43301970432225,23.30757674761164],[77.43297908200465,23.307453223445485],[77.43290269482088,23.307278733151232],[77.43289452042215,23.307260057583996],[77.43284809397191,23.307128241637432],[77.43285058175601,23.307046168291713],[77.43288788770234,23.306979844851703],[77.43296753314426,23.30682779599695],[77.43296996239773,23.30682315820564],[77.43296581688752,23.3067568357296],[77.43290529765744,23.306692170882847],[77.4328709988108,23.30665496118969],[77.43284678553002,23.306628691898407],[77.43281741996842,23.306596832805795],[77.43276767782623,23.306580251636873],[77.43260933309531,23.306586883565476],[77.4324062201898,23.30660097778443],[77.43231171080787,23.306598490786758],[77.43226528522058,23.306597661839273],[77.43223046611345,23.306585226430514],[77.43220227829363,23.306563671335685],[77.4321599980301,23.306512270747845],[77.43216914109226,23.30647731295249],[77.43217409135347,23.306458384400194],[77.43224207200727,23.306446778357536],[77.43225338193557,23.306447055905323],[77.4323432141252,23.3064492647014],[77.432384666334,23.306438487096475],[77.43253471958688,23.306361386745458],[77.4325579329259,23.306346465300827],[77.43257119840855,23.306321593835417],[77.43258068715394,23.30627572665997],[77.43258114625054,23.306273509668546],[77.43259192372314,23.306237861727414],[77.4326077520056,23.306222911841225],[77.43263669064491,23.30619558096349],[77.43265990434283,23.30616159121092],[77.43266819424501,23.306134233262938],[77.43266819392957,23.30611599432631],[77.43266623114918,23.306108795405414],[77.43265824644836,23.30607951653388],[77.432654907903,23.306069057802077],[77.43264581133651,23.306040551943962],[77.43263282440034,23.306030451886],[77.43258612001314,23.305994125791628],[77.43251896947174,23.30600490424485],[77.43248746579411,23.306007391093722],[77.43245264582029,23.306018997325772],[77.43241699778049,23.30603723642455],[77.43234984581913,23.306071226240043],[77.43229715919884,23.306084029046136],[77.4322731942993,23.306089852404355],[77.43226113963375,23.306092780994998],[77.43221720072319,23.30609029399325],[77.43215562489569,23.30602628305577],[77.4320704617108,23.305937751973442],[77.43202735343748,23.305926975022658],[77.4319280591845,23.306035939832682],[77.43189968172632,23.30606708111573],[77.43188973292288,23.306067081251378],[77.43185988826052,23.306073712611855],[77.43181677906172,23.306115993941024],[77.4317479685373,23.306130917209416],[77.43174323583462,23.306130129988325],[77.43171359185817,23.306125201696208],[77.43163446023894,23.3061029114245],[77.43153125078304,23.30606511561348],[77.43146387754238,23.306022434950496],[77.43139242831067,23.305977170568315],[77.43134954527342,23.30595463878888],[77.43130302897826,23.305933560806874],[77.43126378006559,23.305930653584024],[77.43121217616817,23.30593065436832],[77.4311983393188,23.305929731803154],[77.43116856581962,23.30592774668458],[77.43109721964716,23.305901775299386],[77.43106535833844,23.305885591243328],[77.43101884079931,23.30585869894227],[77.43097014409688,23.30584125531171],[77.43093961694562,23.305828899050677],[77.43090545683158,23.30582235840351],[77.43087493042461,23.305815089249233],[77.4308603942804,23.305810002285213],[77.43082696040335,23.30580782087351],[77.43073538036228,23.30581945023134],[77.43066476555411,23.305815666871197],[77.43065397632006,23.305815089324856],[77.43064345825472,23.305809380337895],[77.43060309790285,23.305787470162254],[77.43045119221313,23.30568644159057],[77.43031289785239,23.3056744675757],[77.43017013042432,23.305534079824895],[77.42987418145321,23.305164097197455],[77.42969423791173,23.304977285595232],[77.42937539087,23.30458705507408],[77.42913268563935,23.30431103661712],[77.42872817703035,23.30407309120025],[77.42851878521793,23.303956497095456],[77.4283546016372,23.304073090645968],[77.42834746292975,23.304068331733145],[77.42827607969659,23.304032639964362],[77.42821204891037,23.30399147809513],[77.42820945513758,23.30398981014232],[77.42816186504004,23.303975533126128],[77.42811690811519,23.303966787063654],[77.42802702293453,23.303976373601348],[77.42802822082488,23.304062663602757],[77.42805231518636,23.30446640090646],[77.42804912615706,23.304734281201217],[77.42805954917678,23.305022495836443],[77.42795347976228,23.305022495770906],[77.42787466894873,23.30501893422284],[77.42781027295966,23.305022496362987],[77.4278221309867,23.30517755779718],[77.42781505853598,23.305340224251946],[77.42777161402321,23.30557664477201],[77.42773726163172,23.30567565907871],[77.42773018904354,23.30578679827123],[77.42769452583629,23.305870605856484],[77.42768977610613,23.305881769929048],[77.42764838030641,23.30597286510247],[77.42757978214853,23.306068963036136],[77.42754587639966,23.30609978713312],[77.42748730908238,23.306099787143413],[77.42739791917695,23.30610903483376],[77.42738558873751,23.306118281846445],[77.4273794238426,23.30626007443961],[77.4273443163871,23.306261459825055],[77.4273453170377,23.3063415670666],[77.42732537615268,23.3063432286603],[77.42690976511918,23.30635713431955],[77.4268783493846,23.306358185236114],[77.42688001022852,23.306516056700175],[77.42689330497143,23.306723783833817],[77.42690296709688,23.306830776861734],[77.42692666033776,23.307093147927876],[77.42696936597818,23.30716028120518],[77.42777444493174,23.307124314607993],[77.42817620107651,23.30707289032206],[77.42831762031838,23.307060033691506],[77.42832083367925,23.307204666076533],[77.4284847495039,23.307207879705405],[77.42853296101212,23.308291014357867],[77.42854382171625,23.308434379897655],[77.42854766815657,23.308433193417766],[77.42873569662784,23.308408534034015],[77.42904394102922,23.30832530823513],[77.42910138455922,23.308296586326154],[77.4294192566076,23.308161250299545],[77.42966044606598,23.30793112460613],[77.42978153197794,23.30781559262697],[77.4298363721652,23.308003377797128],[77.42988821345622,23.308252489781186],[77.42990270321141,23.308322121128427],[77.42996962117677,23.308661854599688],[77.42999936411515,23.30874513581686],[77.42974952061049,23.308810570895073],[77.42991165163339,23.309280750647197],[77.43003991191988,23.309652706851633],[77.43018036611043,23.30977320574339],[77.43029835513802,23.309974285407552],[77.43056922981738,23.310512712425012],[77.43072954776405,23.310864391294242],[77.43086004738251,23.310876648773284],[77.4309265193043,23.31088329627291],[77.43097304972093,23.310898252310793],[77.43101127218569,23.310914869711382],[77.43105447926003,23.31093315005838],[77.43109436219946,23.310953091628054],[77.43110735851558,23.31095886794886],[77.4311234495651,23.31096601960476],[77.43113923095488,23.31097303382469],[77.43126220456807,23.31097801861596],[77.43129045636991,23.31101457890369],[77.43120404162633,23.31112924360738],[77.43116696878617,23.31123208993037],[77.4310759267474,23.311707275960995],[77.43097687128832,23.312099278120506],[77.43087408997172,23.312308719872057],[77.43067430619352,23.31260890379794],[77.43049218828654,23.312926201072404],[77.43044380911323,23.313010490359925],[77.43032974922401,23.31315781782203],[77.43006360903918,23.3133431651133],[77.42971905315042,23.31352851314676],[77.42959548814501,23.31355702801519],[77.42944340841585,23.313568909396256],[77.4291796443341,23.31362831638421],[77.42890535901671,23.313707647333437],[77.42864973973502,23.313797028761556],[77.42833132252491,23.313920593604525],[77.42806993498883,23.314039406702435],[77.42774914117197,23.314220001686653],[77.42755191190042,23.314315052226533],[77.42736894070576,23.314407726372362],[77.42724062435545,23.314479012847766],[77.42692889817619,23.314656628397543],[77.42659139908507,23.31481441985084],[77.4265775590831,23.31481909101984],[77.42644142661673,23.314865036107122],[77.42607212007702,23.31498126396476],[77.42573655668585,23.31506374906252],[77.42517228667162,23.31515748245318],[77.42478073482464,23.315226075140426],[77.42421736492106,23.315353678889988],[77.42414892715601,23.31537613539857],[77.42414685209557,23.31537681618014],[77.42411873293345,23.315399312421505],[77.42409623666946,23.31550429232902],[77.42408873843836,23.31565239027963],[77.42408124034453,23.315957958400165],[77.42406742152012,23.31611474579899],[77.42400123067691,23.316302071458665],[77.42393689140017,23.31637413121795],[77.4238164463371,23.316468533897556],[77.42379816687081,23.31648286118944],[77.42379019297519,23.316484593849268],[77.42375194783088,23.316492908293935],[77.42371193304086,23.316501607240056],[77.42330888266271,23.316531602125224],[77.42324649297386,23.31653160229393],[77.42312891591848,23.31653160176546],[77.4230780176783,23.316517561420003],[77.42307455133796,23.316516604130907],[77.42300706387996,23.31648286092391],[77.42290329464534,23.316361197009073],[77.42280319857481,23.316243837702515],[77.42194387713964,23.31656316265767],[77.42154428743054,23.316750817600443],[77.42109408884693,23.3168478999631],[77.42081183010757,23.316839355947614],[77.42068223403734,23.316796506806668],[77.42050289158969,23.31673163792585],[77.4204265756232,23.316628610965843],[77.42036933845063,23.316548478790914],[77.42033117998164,23.316460716053534],[77.42030065424694,23.316365320866957],[77.42021670586223,23.31622795214646],[77.42007170637825,23.315781502574765],[77.41985038910715,23.315506764682244],[77.41975117765544,23.315407553763855],[77.41963288784355,23.315369395761564],[77.41922841306466,23.31530452665248],[77.41836985740807,23.31527781661404],[77.4180838214158,23.315270983597316],[77.41744259107008,23.31525566685868],[77.41730639103538,23.31525525325477],[77.41725333843523,23.315248073230293],[77.41721374041472,23.315239380830977],[77.41718379968435,23.315227790919717],[77.41716448269288,23.315218133194822],[77.41713042142905,23.315178936684717],[77.41707418367487,23.315096519659818],[77.41696120008929,23.315018778892696],[77.41694009214604,23.31500425533909],[77.41686452791706,23.314802250873342],[77.4168158433722,23.314672101778857],[77.41675802263833,23.31455646335295],[77.41674480717155,23.314534097970856],[77.41671004593366,23.31447526959554],[77.41666441530796,23.314439245939507],[77.41666329835539,23.314438364928122],[77.41648861039765,23.3143165751117],[77.41635082842907,23.314242762563005],[77.41613431270284,23.314150498362984],[77.41588335337109,23.314041010753673],[77.41587956647206,23.314040049091446],[77.41580585109375,23.31402132777696],[77.41570251369541,23.31400779578146],[77.41548249264468,23.31399799203773],[77.41545047053626,23.313988111093476],[77.41544180320307,23.31400685164836],[77.41538826543331,23.314215055016042],[77.41537675354219,23.314322493152414],[77.41535408996378,23.314432379602785],[77.41533227195002,23.31468110907918],[77.41528208987022,23.314942927965145],[77.41516519061072,23.31533340219712],[77.4151387502186,23.315727932349244],[77.41515990679643,23.315876749076146],[77.4152406350291,23.316042567647596],[77.41532259072432,23.31612387433214],[77.41551554511412,23.3163152970722],[77.41563554611257,23.316478932859464],[77.41574451560379,23.316735335624458],[77.41574681921819,23.316740752908583],[77.41576357835642,23.316771247146484],[77.41586459463764,23.31701315331342],[77.41590390977454,23.317107299139828],[77.41602391070792,23.31742584612583],[77.41606100224598,23.317567665084287],[77.41610245615199,23.317846938814697],[77.41613871384885,23.3180276659204],[77.41615143909439,23.31807476182938],[77.41624645734115,23.318580031653926],[77.4163026815893,23.318973610706273],[77.4164075461128,23.320296629707105],[77.41644233748782,23.32088500837835],[77.41643897060182,23.321352185176433],[77.41643111389773,23.321766007105367],[77.41643373266672,23.321894343637837],[77.41645810144547,23.32206713765922],[77.41645730536246,23.322313403070908],[77.41642587501515,23.322551743058483],[77.41639530517853,23.32268930893242],[77.41639243122415,23.322717787108004],[77.41636521048427,23.32325288817802],[77.41639444598908,23.323696298703673],[77.41644158988458,23.323973926396828],[77.41650968740134,23.32419655170313],[77.41660684889837,23.32440369808591],[77.41666202400333,23.324550624089404],[77.41669826409213,23.324707279686788],[77.41670063149648,23.32483746424079],[77.41670350232272,23.324995383860564],[77.41664588234879,23.325273010828987],[77.41655558270119,23.325678064583776],[77.41649921230331,23.326004753242252],[77.41642325556434,23.32632066038474],[77.4164007493455,23.32656238579188],[77.41638920791502,23.32681305415069],[77.41631849107875,23.32730806880803],[77.4162713464971,23.32754902769713],[77.41621792488318,23.327634903263196],[77.41603440286067,23.327790086655853],[77.41587847908117,23.327865940870932],[77.41564275764345,23.327968086581148],[77.41538084595018,23.328075471287235],[77.41516607777463,23.328161902176223],[77.41491987964675,23.328277143882634],[77.41457650006038,23.32844829481433],[77.41376799316828,23.328756497795638],[77.41344531512453,23.32885858934391],[77.41306292329061,23.32897644855745],[77.41278791449997,23.32908121358799],[77.41274743637202,23.329129988067606],[77.41270946111973,23.32937282491932],[77.41269362737962,23.32947408157483],[77.41266743628074,23.329607658073407],[77.41265489745531,23.329686024576617],[77.41263600555335,23.329804092170466],[77.41254171777008,23.330039813005595],[77.41254695631316,23.330100052390698],[77.41256528949636,23.33017862559626],[77.41261767173819,23.330270295371264],[77.41269624629963,23.33042220433724],[77.41283244017032,23.330558399043735],[77.41292672873732,23.330710307739814],[77.41291101369801,23.330786262064688],[77.4128402983936,23.33079412033675],[77.4127991309637,23.330794120099668],[77.41275648578393,23.330794119990962],[77.41270148360626,23.330794120335415],[77.41265172142315,23.330815073338627],[77.41260195707875,23.330854360260172],[77.41258292976646,23.330909540072298],[77.4125757664188,23.330930313708556],[77.41257052758677,23.331006268912656],[77.41259933839844,23.331037698393654],[77.41264910193033,23.33106912776376],[77.41269470128867,23.331091926586666],[77.41270148387908,23.331095319158788],[77.4127512470775,23.33111889064331],[77.41279577271038,23.331131987052817],[77.41282175902604,23.331127262084454],[77.41288220433822,23.331116271597967],[77.41296339558305,23.331071747401946],[77.41305768526318,23.33100103036364],[77.4131179237661,23.33093817157748],[77.41317292632318,23.330883169659593],[77.41320697475861,23.330859597600472],[77.4132410232344,23.33085697920964],[77.41324394462504,23.330857221952726],[77.41325454297525,23.330858104696606],[77.41327245328151,23.330859597872088],[77.41329950292075,23.330879885304466],[77.41331435909365,23.330891027093436],[77.41335888381134,23.33092769515011],[77.41341388543773,23.330956505205688],[77.41346626824802,23.33098007727919],[77.41351603085022,23.330990553601648],[77.41353293844388,23.330992968901477],[77.41357103343246,23.330998410767545],[77.41361555829923,23.331016744934267],[77.41362079593235,23.33106388929883],[77.41361293942967,23.331108413861315],[77.41359429301095,23.331137099045147],[77.41357888960304,23.3311607967012],[77.41351865028656,23.331202702920308],[77.41347960596045,23.331234976114725],[77.41340678765836,23.331292408817692],[77.41338769425184,23.331307468252465],[77.41337721769032,23.331344135054486],[77.41338769449811,23.331391280234826],[77.41341650429578,23.331435805371555],[77.41345317224193,23.331469852633468],[77.41345688150182,23.331471188744665],[77.41351865032213,23.331493425402783],[77.41359198599528,23.33151437814638],[77.41364960553233,23.331522236212923],[77.41370984582919,23.331516997422135],[77.4137641145723,23.331502525665734],[77.41378842036887,23.33149604353847],[77.41386699292157,23.331509140087622],[77.41392461383728,23.331579856237877],[77.41394818609925,23.331613905333807],[77.4139520134108,23.33163208403887],[77.41395588154053,23.33165046227128],[77.41395866317323,23.331663667598463],[77.4139377095617,23.331700336395496],[77.41391413765325,23.331726527464543],[77.41390366072548,23.33175271836866],[77.41390132890365,23.33176671141742],[77.41389580358292,23.331799862851586],[77.413913225316,23.331845593037666],[77.413916757387,23.33185486381015],[77.41395866281482,23.33190462743824],[77.41400580670332,23.331941295144084],[77.41405295130986,23.331972724826564],[77.41408961879452,23.33200939176693],[77.41411057231231,23.33203820287222],[77.41412366745142,23.3320748702106],[77.41412104771878,23.332106299861753],[77.41411319122827,23.332145587364835],[77.41406866599665,23.332232018123836],[77.41406398228506,23.332246067591857],[77.4140424754342,23.332310590685918],[77.41405366347001,23.332331569317276],[77.41406342763871,23.332349877789486],[77.414126285553,23.332404879847175],[77.41421271746327,23.332436308706082],[77.41428343360018,23.332446786011907],[77.41434105399244,23.33244678582588],[77.41440653235686,23.332465120087203]]]},"properties":{"zoneNumber":17,"zoneOfficerName":"Mr. Pramod Malviya","zoneOfficerMobile":"9424499917"}},{"type":"Feature","geometry":{"type":"Polygon","coordinates":[[[77.3762774134797,23.297854639345964],[77.37602131002745,23.298330258842835],[77.37609186934785,23.298907798248358],[77.37612885461942,23.299258360942137],[77.37613040926779,23.299273085646867],[77.37615197480447,23.29947749734074],[77.37614413507964,23.29973359999633],[77.3760824279668,23.30040813024363],[77.37604105036826,23.30040012908733],[77.37521244395074,23.30014373305394],[77.37444905392545,23.299849863584726],[77.37420376807727,23.299763121359014],[77.37322282327568,23.29934203308932],[77.37210237114523,23.29884955720027],[77.36991662959124,23.297849707061683],[77.36953784556857,23.2976916186778],[77.36899731114418,23.297443983973555],[77.36874380688131,23.297515105018082],[77.36782993225167,23.29845538900069],[77.36705592608686,23.29938514036612],[77.3669213399815,23.29954680732763],[77.36617064493238,23.299613289448413],[77.36608164291135,23.29959392356747],[77.36525121155384,23.299197616449547],[77.364738606474,23.2988972489822],[77.36465817194147,23.298804421446654],[77.36459446003963,23.298771179995164],[77.3644975075088,23.298760100410277],[77.3643839330676,23.29876009999136],[77.36429529033245,23.29876564034143],[77.36421495733138,23.298771179885097],[77.3640819932969,23.298782260086316],[77.3640182795856,23.298782260148496],[77.36392409716908,23.298782259597502],[77.3638713240704,23.298778621375146],[77.3638437635064,23.29877671961261],[77.36376897231854,23.29876840970738],[77.3636692477979,23.298751789046868],[77.36366264558413,23.298750077749087],[77.36359445600218,23.29873239880779],[77.36351727373656,23.298730193582326],[77.36351272624148,23.29873006394091],[77.36349750238544,23.298729629045603],[77.36341994041457,23.29876287020924],[77.36339042021832,23.298794356604063],[77.36337838781874,23.29880719060898],[77.36330636555643,23.298859822576343],[77.36321495343908,23.298893064278243],[77.36315861746247,23.2988920929266],[77.36305428670136,23.29889029393487],[77.36296287349509,23.298876443670505],[77.36288531090312,23.298873673932018],[77.36283821957689,23.298873673773404],[77.36282793232814,23.298874245152593],[77.36282343878153,23.298874494579948],[77.36278835831313,23.298876444274278],[77.36275511685717,23.298893064422526],[77.36271079510608,23.298931845786854],[77.36266647446533,23.298984477226796],[77.36255879875122,23.299056951270778],[77.36252242907139,23.29908143114001],[77.36234514283836,23.299164533974267],[77.36225372972939,23.29920054510648],[77.36214292574458,23.299269796610584],[77.36204874257392,23.299308579220778],[77.36192962900647,23.299366750945836],[77.36185206595461,23.29938614138283],[77.36176896299295,23.299402761759666],[77.36172324409118,23.299402762015045],[77.36169971142023,23.299402762425874],[77.3616664690402,23.299394451071453],[77.36161660814192,23.299391680612747],[77.36158336665635,23.299413842073182],[77.3615141144067,23.29944708274378],[77.36145040154267,23.29945816386419],[77.3613922301125,23.299452623241084],[77.36131292614795,23.29939735130491],[77.36130081733242,23.29938891100546],[77.36125436917878,23.29928827511356],[77.3611844727436,23.29913683335986],[77.36100724768396,23.29871815521041],[77.36090491784198,23.29870814122318],[77.36006628409098,23.298626073098514],[77.35999212757653,23.298633326813288],[77.35951900839775,23.29867961135311],[77.3588933984851,23.298713587407505],[77.35888726175654,23.29861846897481],[77.3588871679359,23.298617008824472],[77.35887369893834,23.29861786642158],[77.35879326671449,23.29862298520822],[77.35854447340975,23.298638817295497],[77.35798141031758,23.299653320122683],[77.35744103714852,23.299377237645864],[77.35629294519335,23.29881863054654],[77.35495117518747,23.298113732343896],[77.35405088052447,23.297649872802147],[77.35341195362852,23.297305595295793],[77.3533877976555,23.297292579047085],[77.35337509824062,23.297286423931112],[77.35337542025275,23.297285909886412],[77.3533912193918,23.29726064706458],[77.35402329089997,23.296283949915427],[77.35442014775076,23.29571425068263],[77.35453698472557,23.29541386835841],[77.35462773263562,23.295144060635444],[77.35470627911221,23.294552573186035],[77.35471090680322,23.29444160478564],[77.3546418529277,23.294190819907616],[77.35448919754835,23.293751234187912],[77.35376751661192,23.292618429653068],[77.35272717116948,23.291061248851626],[77.35249767922231,23.29070877269327],[77.35172891069391,23.289528026337674],[77.35163607370399,23.289272762251358],[77.35073536686292,23.289072502338104],[77.3496772602006,23.288825012711552],[77.34835731615034,23.288502200110827],[77.34794842030202,23.28839100860369],[77.34705889342894,23.288082543689978],[77.3455852228059,23.28753259033681],[77.34398498131212,23.2869837848648],[77.34375167589816,23.286880623033536],[77.34375069948281,23.286778625288743],[77.34392159549337,23.286333261254754],[77.3440893827762,23.285939333189432],[77.34429586844794,23.285442477596394],[77.34377827539869,23.285228522676757],[77.34336247737367,23.285056647131615],[77.34148875588147,23.28423340275893],[77.34262677015997,23.283615187564752],[77.34402561777038,23.28285178504756],[77.34440110706689,23.282646866772325],[77.34450651452286,23.282593897005306],[77.34527030675757,23.282171976365635],[77.34561413705833,23.28195250985703],[77.3457604467442,23.2818756973686],[77.34653955025165,23.281498947604685],[77.34803557522491,23.280774710955445],[77.3497291175838,23.279962688235813],[77.35028418190728,23.27969014588857],[77.35079928329114,23.27943091688984],[77.35080038991563,23.279431072783016],[77.35097047813485,23.279496529921918],[77.35110494020128,23.27954925966225],[77.35118338927627,23.279555645546278],[77.35133168129417,23.279567716382534],[77.35169277938226,23.27955789012247],[77.35173918744009,23.279557169785722],[77.35177873398573,23.279554533367342],[77.3517919173796,23.27956771558516],[77.35179982703421,23.279609899887173],[77.35180246331294,23.279644174658227],[77.35178928107304,23.27970481468047],[77.35171545824547,23.27977336374213],[77.35161896743367,23.27998217682876],[77.35160216519128,23.280078755031195],[77.35159467194622,23.28012182601197],[77.35153101393776,23.280283502682895],[77.35146081961918,23.280480430978],[77.35115998423262,23.280741197614756],[77.35110352292224,23.280790138641745],[77.35108728092194,23.280804820203816],[77.35112569524586,23.280915243659805],[77.35116070608748,23.28111655674014],[77.35120696992975,23.281349129813346],[77.35122322644476,23.28152918587122],[77.35131325371108,23.28172424710194],[77.35136702066504,23.281803021644475],[77.35141203543573,23.281909305234958],[77.35141953727941,23.281994332296172],[77.35138505908611,23.28223237328656],[77.35141753429228,23.282369425806912],[77.3514307782053,23.282425317129334],[77.35148875054617,23.28265077465931],[77.35154584544289,23.28278858669608],[77.35205772114166,23.282812212806327],[77.35221719130412,23.28285552517921],[77.35258515464507,23.282888446916395],[77.3524275082393,23.283314093238797],[77.35235919418729,23.28337540008103],[77.35230039036684,23.2834081958873],[77.35227290091206,23.283442557873887],[77.35225915578779,23.283510423275843],[77.35223596155271,23.283628970819787],[77.35223934599935,23.284049951296545],[77.35225004963307,23.284073417819783],[77.35225000408808,23.28407371258463],[77.35235430596305,23.28431277558249],[77.3525289634359,23.284684909823255],[77.3524883267825,23.284996523178712],[77.35248758223504,23.2850007246661],[77.35245556061962,23.28532920925776],[77.35240741651229,23.285453138818326],[77.3524068492061,23.285456345334293],[77.35223001317837,23.28591186993569],[77.35219504228763,23.286001954878135],[77.3521962573606,23.28600171935368],[77.3521802286388,23.28604437831086],[77.35244264194968,23.285967743238402],[77.35244931618593,23.285966626750913],[77.35233531603775,23.286176816839806],[77.35221522157535,23.28641306800277],[77.35217584671445,23.286513474269878],[77.35221768689036,23.286529726918],[77.35245584000965,23.28662223599561],[77.35265411944971,23.286691304578547],[77.35297516203997,23.28678319398795],[77.35315181677099,23.28698377220111],[77.35342403768753,23.28730885195442],[77.35358442367924,23.287445901274324],[77.3576629003461,23.283775243105506],[77.35769944015311,23.28374235593575],[77.35757950991939,23.283638431449127],[77.35737391499079,23.283435374757012],[77.35728000211034,23.28333892324684],[77.35728809781959,23.283321573804553],[77.35731553568358,23.28326277744748],[77.35728507794539,23.28320947497537],[77.35712009498523,23.283092716951757],[77.3567748992148,23.28287189380307],[77.3567502754505,23.28289323509292],[77.35669875316748,23.282937886871835],[77.3564297027221,23.282686605436176],[77.35644479938463,23.282649944199953],[77.35644747140644,23.282643454999103],[77.35620380335521,23.282366790857633],[77.35613041515327,23.28228272893098],[77.35606420225575,23.282206884020205],[77.35587637518753,23.28189468470319],[77.35548295309367,23.28131851305893],[77.35540426893402,23.281107842110824],[77.3552012118812,23.280653503151026],[77.35499831055897,23.280216611158444],[77.35421986118499,23.280400476246527],[77.35376598417317,23.280188076217506],[77.35353409667225,23.280081426259617],[77.3534692720275,23.28004662128614],[77.35343643783091,23.280028992573452],[77.35341541860674,23.279707067784077],[77.35338112467807,23.27931434161714],[77.35337028233715,23.278750103764438],[77.35336876011068,23.278731388889618],[77.35337009265488,23.278628299919905],[77.35334722243014,23.277457586353883],[77.35332815819784,23.276925692820143],[77.35322394611285,23.275572927352044],[77.35321873168901,23.275505239329703],[77.35328877355725,23.275006778895868],[77.35350276701462,23.27470200065616],[77.35352052694552,23.274684240963733],[77.35365515584718,23.27454961170869],[77.35365191364409,23.274449101302974],[77.35361624807112,23.27431616598518],[77.35372000216087,23.274167019190312],[77.3537524255017,23.27387196758936],[77.35384321021932,23.273612582741432],[77.35392102572948,23.273349954925802],[77.35395020712708,23.27318135388961],[77.35401181096529,23.272947907374764],[77.35406044639039,23.272860364557673],[77.35407989983494,23.272792276049845],[77.35409935358125,23.272682036749885],[77.35408962731657,23.272610706270097],[77.35406044590955,23.27253289102081],[77.3540409924628,23.27247777140098],[77.3539696610052,23.27233510908109],[77.35392442960082,23.2720885628648],[77.35391154504786,23.272017692180512],[77.35391154481347,23.27195970582876],[77.3539394637745,23.271888834848326],[77.35397167813818,23.271845882552462],[77.35399100599692,23.271805078180414],[77.35400818693005,23.2717642741218],[77.3540103345363,23.271712731045742],[77.35399530210537,23.27164185984148],[77.35397382484012,23.271583874346604],[77.35396952984816,23.27152588867635],[77.3539609400535,23.271465755205774],[77.35395234865693,23.27145072181976],[77.35393516794173,23.2714120646279],[77.35389221605632,23.271328307991745],[77.35386000239755,23.27120589411214],[77.35382563972487,23.271040528202263],[77.35380012662566,23.270919821085858],[77.35380306237623,23.270864365634395],[77.35373973599059,23.270793552620756],[77.35370322600019,23.27062174422771],[77.35369678337761,23.270512215222013],[77.3536881927526,23.270464968104257],[77.35384784310114,23.270129257855324],[77.35390600624049,23.2696420280798],[77.3539634739753,23.269160614866667],[77.35427619789243,23.26653065436356],[77.35427763082214,23.266528914199043],[77.35427773645466,23.266528030677303],[77.35438351038322,23.26640032888353],[77.35535115982036,23.265225170363287],[77.35642696192801,23.263723383759626],[77.35601220363655,23.260684940189062],[77.35588786858295,23.259778326931762],[77.35587417426966,23.25740033087259],[77.35622926107203,23.25712493223573],[77.35741846524233,23.256106505033873],[77.36148761922699,23.248558454263645],[77.36294438849445,23.248231504253763],[77.36998040508024,23.246642396236478],[77.37496800075277,23.24769304613151],[77.38464105499641,23.246689827031044],[77.38698925613286,23.24644628831455],[77.38783913306982,23.246148989723697],[77.38799383744129,23.24610625302199],[77.38904119499716,23.245531792962474],[77.38944378437333,23.245784443667983],[77.38985053746005,23.246046790196168],[77.3902453693021,23.246250023324603],[77.39052263844435,23.24640420499217],[77.39065479428398,23.24650526541224],[77.39081286281093,23.24670868237918],[77.39113418389756,23.247141428912766],[77.39160709535818,23.247728356675786],[77.39177423403062,23.247930478763116],[77.39187788581152,23.24799785180129],[77.39200485934164,23.248017286808704],[77.39238059691858,23.24806392967001],[77.39274078828586,23.248139078097278],[77.3930439694428,23.24825568556982],[77.39315968707162,23.248332723837393],[77.39330701593153,23.248548278643568],[77.3933475556065,23.24867781023846],[77.39335910256561,23.248801740901424],[77.39342270430002,23.248911162597796],[77.39363430409739,23.24912473970985],[77.39386864557287,23.24935809303749],[77.39397543425397,23.24943521824737],[77.3940456384089,23.249481690704158],[77.39429382326212,23.249621109891613],[77.39446651176631,23.24976386006554],[77.39453968080556,23.24984422461632],[77.39459725592383,23.24991619423055],[77.39455316300057,23.24996956693928],[77.39473159832637,23.25011050992047],[77.39487553533039,23.250240054117555],[77.39502666993882,23.250406781853414],[77.39510583625095,23.250515934684604],[77.39518739962071,23.250471554174993],[77.39531934306868,23.250574709367665],[77.39577994439796,23.25056151497158],[77.39592628084404,23.25080860763564],[77.39593376081876,23.250820494003356],[77.3960138425918,23.25094774806435],[77.39611879917422,23.251030664281114],[77.39613379086266,23.251042506614088],[77.39643725884501,23.25132918325424],[77.39667835496375,23.251528295755204],[77.39691105419496,23.251735806635118],[77.39713775555178,23.25193612003424],[77.39732367634933,23.252086054897358],[77.39738003058075,23.252209530439668],[77.39743043039145,23.252319954418574],[77.39752024085779,23.25228049917241],[77.39755877078598,23.252263571618148],[77.39803433146747,23.252041069832288],[77.39818980375829,23.25197123127755],[77.39819289597874,23.251969841745172],[77.39845192952995,23.252840461870193],[77.39869940114791,23.25423592417573],[77.39871472664952,23.25434947936461],[77.39870638628149,23.254455524287497],[77.39868926762709,23.25463234324354],[77.39868669128572,23.254705935704603],[77.39866877251097,23.254933759787544],[77.39866334566128,23.255372683340617],[77.39865230087374,23.255688145690936],[77.39865131468517,23.255716300640195],[77.39867939289518,23.2558393947885],[77.39872314219036,23.255873201366033],[77.39877882354502,23.25589507582321],[77.3988722889046,23.25590303103594],[77.3989975720756,23.255903030764696],[77.39910893499182,23.255903030730188],[77.3995106368318,23.255899053977206],[77.3998844975942,23.25588115614659],[77.40006510538267,23.255910326929577],[77.40056949015147,23.255834856323023],[77.400649739206,23.255822848373963],[77.40067400082548,23.2558175287549],[77.40153581208432,23.255628585933177],[77.40191435371813,23.255596440337975],[77.40190451279946,23.255781220268464],[77.401920371382,23.256126134814124],[77.4019144242462,23.256722796638524],[77.40191838933067,23.257204486826886],[77.40192830005003,23.257628692102433],[77.40193622854571,23.257880440129235],[77.40196596343242,23.258211478622627],[77.40198899127338,23.258376354074688],[77.40174196711696,23.258399793650927],[77.40173541910939,23.258400827973368],[77.40169396807642,23.258407372833528],[77.40162897770853,23.25841763404546],[77.40161906719118,23.25875858395363],[77.40167696223882,23.25885466519088],[77.40170351421759,23.258898730200123],[77.40171223273416,23.258913200606216],[77.40192514986639,23.258909695435577],[77.40193622859282,23.259147108104305],[77.40194019350815,23.259652585611004],[77.40194415826068,23.260152116812733],[77.40195208770034,23.260594162226052],[77.40196398103991,23.261099640161664],[77.40196596313476,23.261367246193846],[77.40197983897248,23.26146635868968],[77.40198554956775,23.261599250998113],[77.40194415763322,23.26160710024003],[77.40190054864063,23.261599171102578],[77.40189886224688,23.26159794487325],[77.40187874432121,23.261583313377383],[77.40184108056329,23.26154565033346],[77.40180738184927,23.26151591571762],[77.40177764828228,23.261494111322087],[77.40173205624286,23.261454466363908],[77.4016884464429,23.261434642703843],[77.40165078337964,23.261422749157717],[77.40159329724514,23.261424732168855],[77.40155959900804,23.261432660657437],[77.40154175845981,23.26144455375223],[77.40152986453295,23.261468340922143],[77.40151797138647,23.261504021647664],[77.40151461158855,23.261581622746395],[77.40156158101634,23.26179541478325],[77.40154770509231,23.261846954118248],[77.40152131457363,23.26198714832101],[77.40113971031836,23.262025614015123],[77.40033597842947,23.261958962618866],[77.40002624744805,23.261888391568466],[77.39982820607253,23.261833614119904],[77.39947343624227,23.261735486799726],[77.39894414914137,23.261617867374053],[77.39879669274553,23.26162513906001],[77.39877442003718,23.261624780791532],[77.39874815288972,23.26162435889103],[77.39834429017641,23.26161786683516],[77.39754055778496,23.261613947071467],[77.39663096934129,23.261590423317966],[77.39575633181165,23.26155197644078],[77.39575804349346,23.26148941913705],[77.39578815398401,23.2608656317646],[77.39575289927407,23.260713111273493],[77.3955307452528,23.25988430515918],[77.39537820688412,23.259466044321922],[77.39533419837517,23.259425420312084],[77.39529171095377,23.259387787100056],[77.39434307497743,23.259935570959588],[77.3942063645514,23.260050921291704],[77.394083370308,23.260208509194005],[77.39406965534151,23.260226080971087],[77.39400726316946,23.260260201157983],[77.3935228140747,23.260525133554047],[77.39352791822454,23.260585779187043],[77.39371994074776,23.262017134037237],[77.3937985218367,23.262799823098835],[77.39378356792035,23.263211751771745],[77.3936958807655,23.263884880958607],[77.39363722889368,23.26428664606672],[77.39354925064094,23.264776388713074],[77.39352872293567,23.264949411840124],[77.39346420609346,23.2652983902088],[77.39333689413711,23.265974261036202],[77.39325250114237,23.266516513123275],[77.3932789683428,23.26696973056665],[77.39433888372791,23.266855985977475],[77.39462583232856,23.266823518832837],[77.39471319921729,23.266826017423128],[77.39507101944349,23.266825705642272],[77.39489187185163,23.267869847774755],[77.39488374700286,23.26786994112201],[77.39488333223979,23.267872303658336],[77.39329612039909,23.2678895845761],[77.39235404994741,23.267835793624247],[77.39235349084414,23.26784719121125],[77.39234725130541,23.267846910324206],[77.39215516484857,23.27005247516207],[77.39208598284424,23.27079408690487],[77.39210432663586,23.270795103906682],[77.39253688391132,23.270819106094997],[77.39258767639525,23.270821716328733],[77.39258452327529,23.270938353052564],[77.39261739401438,23.271062530626814],[77.39260643731343,23.271301757107512],[77.39261922023735,23.271414979272972],[77.39262652539091,23.271657856912274],[77.39264785411852,23.271761454349257],[77.39266487418111,23.271844125150917],[77.39269208865252,23.27208392113437],[77.39269677918666,23.27217854007148],[77.39268691821759,23.272513587850526],[77.39268496197656,23.27258006538656],[77.39275287803981,23.27285695589412],[77.39275618239071,23.27287042373705],[77.39277131940801,23.2729955007286],[77.39278983073154,23.273148471259404],[77.39246263659555,23.27337989036237],[77.39219394194431,23.27350404420524],[77.3921883214635,23.273471636008857],[77.3921594819505,23.273168070068706],[77.39213572582302,23.27316841701551],[77.39213468986364,23.273162442963233],[77.39136351677993,23.273174549573035],[77.39136378277007,23.273179688196645],[77.3913644443046,23.27319243406978],[77.39137378262168,23.27337261610564],[77.39139387094487,23.27353514374609],[77.39138108775725,23.273536969987354],[77.39137614441928,23.2735367636758],[77.39124960531467,23.273531492425388],[77.39115951168276,23.273526343095586],[77.39112177418373,23.273524187143042],[77.39111125121264,23.27352867210559],[77.39101037859537,23.273571666851417],[77.39088985280883,23.273569840929976],[77.3908519451826,23.27356814239011],[77.39074832874569,23.273563496857477],[77.39063371259427,23.273465080925533],[77.39063236530119,23.27346392418968],[77.39063053888341,23.273443835724418],[77.39061958175537,23.273410965161474],[77.3906067992998,23.273376267813493],[77.39059218874951,23.273326962312538],[77.39060132032043,23.27325939521317],[77.39060617380174,23.273221780099],[77.39060862454816,23.273202783853055],[77.390597015014,23.273140865198357],[77.39059218852118,23.273115128089614],[77.39057665108692,23.27311364873065],[77.39047714218805,23.27310417125593],[77.390406191315,23.273124770404984],[77.39036392037997,23.27313704219798],[77.3903453846167,23.273138495758936],[77.39027078579984,23.273144347074584],[77.3902598288311,23.273179044129332],[77.39025242368936,23.27319524424814],[77.39023061142086,23.273242958541555],[77.39019710468153,23.27325971229735],[77.39013199920058,23.27329226525468],[77.39010277983526,23.2733561806655],[77.39009775018319,23.273368252093093],[77.39009364945312,23.27337809468123],[77.3899932113456,23.27340366082373],[77.38994082364582,23.273398983009763],[77.38989094632021,23.273394529561084],[77.38989044915147,23.273408848692213],[77.38988038082458,23.273698510772114],[77.38948006211525,23.273719585153167],[77.38905456805537,23.27368671475336],[77.38849873053309,23.273643601667082],[77.3883003657802,23.27343470463109],[77.38821271079705,23.273416444292042],[77.38788582736224,23.27333975392772],[77.387747554196,23.27330152324257],[77.38766121210918,23.2732776560279],[77.387507110961,23.27322733679559],[77.38721380392508,23.273131563695863],[77.38705310325066,23.273124258558926],[77.38692527161156,23.273118781448844],[77.38679561454211,23.273111475598387],[77.38671709066601,23.273124259458772],[77.38658012907239,23.273175390570632],[77.38653157905836,23.273195435165665],[77.38650997912562,23.273205477120985],[77.38647172198087,23.273223648773094],[77.38643633475678,23.273241821076738],[77.38638946983137,23.27325999242364],[77.38635408283673,23.27327338201978],[77.38631391438196,23.27328294564426],[77.38628426490962,23.273286772207037],[77.3862307057434,23.273302074990422],[77.38620426781061,23.273314598267966],[77.38613662618167,23.273355730800542],[77.38612932622912,23.273361371713158],[77.38610254555013,23.273378587613745],[77.38607672311511,23.273377630824626],[77.38598377815441,23.27336087055354],[77.38581679736883,23.273336093040925],[77.38576285217385,23.27332922098621],[77.38548139029571,23.27329336602551],[77.38478867243597,23.27312243307272],[77.38474033942929,23.273107624612734],[77.38435952559175,23.27299095041462],[77.38403447009651,23.272990950193304],[77.38390312484671,23.27298815488038],[77.38386281166498,23.272987297686424],[77.38378063471363,23.2729452961637],[77.38371830033792,23.27271525058997],[77.38370393646248,23.27266224174379],[77.38284199236016,23.272649458839776],[77.38215353228411,23.272631198310794],[77.38217727240169,23.27297086240709],[77.38199830923989,23.272979993269153],[77.38174082132294,23.27298729805641],[77.38161299029223,23.273009210736816],[77.38156916195783,23.273084083714405],[77.38157829343447,23.273414618010023],[77.38158011917105,23.273626451571626],[77.38156550978479,23.273898547917298],[77.38155637890074,23.274382478658314],[77.3815709884334,23.274756840606155],[77.38152059229459,23.27490740701232],[77.3814102870762,23.275105635704993],[77.38132445841363,23.275341210391787],[77.38110166712362,23.27526998979055],[77.38090809530458,23.27541790922287],[77.38074921878213,23.275540261201236],[77.38069078240717,23.275567653329777],[77.3806706410505,23.275570023365532],[77.38062869344346,23.275574957886654],[77.38055747286141,23.27554573896318],[77.38051912401257,23.27550191193832],[77.38048077483498,23.275386863991688],[77.38042781631344,23.275116592712003],[77.38037485811483,23.2746527498082],[77.38028354994589,23.274411697788633],[77.38021233005803,23.2739825517854],[77.38009881984684,23.273350140831944],[77.38008449930588,23.273270351412705],[77.37988362198972,23.273286787033356],[77.37933212428393,23.273390878120146],[77.3790308075862,23.27367393181696],[77.37849757128595,23.274059250136276],[77.37824190976048,23.274141426783537],[77.37778902316927,23.27420534206847],[77.37716630510273,23.274145079111968],[77.37622035708097,23.274050119384142],[77.37609333484025,23.274086727217014],[77.37606412034094,23.274221560582742],[77.37621299342776,23.274854270314066],[77.37636930877756,23.275325699602348],[77.3764313388997,23.27559367081426],[77.37652066274033,23.276238786061924],[77.37656036202988,23.276720140636748],[77.37653058805824,23.277236233067125],[77.37647103867866,23.277754806037525],[77.37650911010041,23.27823492203548],[77.37651570132543,23.278318041032772],[77.3765529194218,23.278454508025394],[77.3766085406875,23.278703589252082],[77.37677324054194,23.2791464793224],[77.37690891992675,23.27944161639202],[77.37716069523941,23.279883620899863],[77.37743764776333,23.280373183305763],[77.37771177653534,23.280821775106762],[77.37782992607397,23.28103047778821],[77.3778130789206,23.281054071860897],[77.37773135933358,23.28109592792096],[77.3772071537315,23.28128727310567],[77.37709297816816,23.28131045913336],[77.37737482068984,23.28170757565345],[77.37770211044192,23.28251808191521],[77.3776100057878,23.282719604611824],[77.3774541070454,23.28306071443515],[77.37739148217746,23.28315989363277],[77.37704293301262,23.283711896652964],[77.37691496591691,23.2838482834409],[77.37629125303225,23.28454070860603],[77.37591245339084,23.28491872717863],[77.37586891144998,23.285039515360424],[77.37570043727433,23.285498086761294],[77.37561128829921,23.28568641137303],[77.37572143964242,23.286214628118813],[77.37573354566939,23.286586912023058],[77.37572749305184,23.28675338127485],[77.37577289284945,23.286868395985287],[77.37592120191523,23.28693801027446],[77.37604226988401,23.287004597071085],[77.37609977660696,23.28708026522112],[77.37622531109915,23.287270025902455],[77.37622992547355,23.287277000331308],[77.37629045917274,23.287476762700702],[77.37630460129806,23.287714770621456],[77.3766630368937,23.288132930770576],[77.3769562534607,23.28841745008579],[77.37714759031135,23.288659727422907],[77.37724077307497,23.28886721501426],[77.3773434965689,23.288988786309744],[77.37765044922944,23.28932789465586],[77.37832111852832,23.29013694957818],[77.3777812019763,23.29082592855708],[77.37694901285285,23.291891184021164],[77.37675994366093,23.292150478196106],[77.37704427796723,23.29234076816683],[77.37722730602421,23.292509153741626],[77.37713252712885,23.293037409079982],[77.37741677518149,23.293346236968343],[77.37747146534468,23.29340565639877],[77.3776604937356,23.29370223695351],[77.37794383570217,23.293831403184402],[77.37798765720939,23.293850503401742],[77.37822328511129,23.293987947771793],[77.37764528614166,23.295355944049206],[77.37671989133817,23.2970240707644],[77.3762774134797,23.297854639345964]]]},"properties":{"zoneNumber":2,"zoneOfficerName":"Mr. M.P.Shandilya","zoneOfficerMobile":"9424499902"}},{"type":"Feature","geometry":{"type":"Polygon","coordinates":[[[77.36456142520946,23.30281942905709],[77.36503340930113,23.304084746393272],[77.36572129964297,23.305847152267173],[77.36606074280314,23.307269896161376],[77.36607589585992,23.307311088351714],[77.36633259288911,23.30818732273635],[77.36643774044367,23.308506006038368],[77.36645572032226,23.308587708686137],[77.36657605906554,23.309134555912017],[77.36688607233246,23.310407705040298],[77.36703233388094,23.310821991856134],[77.36702565458484,23.310835350949255],[77.36700257560558,23.310865024390292],[77.36700227746067,23.310865408055914],[77.36698895952294,23.310922933851533],[77.36701068711714,23.311114933133013],[77.3670861855187,23.311782126010975],[77.36718572399322,23.312852166248476],[77.36734000871739,23.314021743736088],[77.36741466277273,23.314867821610175],[77.36741366917076,23.314882539276844],[77.36738977899437,23.315236115355358],[77.36729756521034,23.315569390864628],[77.36695662976368,23.316401608674845],[77.36624082918668,23.318067070691956],[77.36540644785678,23.318519013432333],[77.36498818126442,23.318778185425934],[77.36491506728684,23.31882803601505],[77.36483862906383,23.318901150338867],[77.36479210243652,23.319007498017896],[77.36481257742517,23.319124907979386],[77.36495495213804,23.319583023697373],[77.36493239525211,23.319874584288765],[77.36463539513942,23.32004842035555],[77.36400440491815,23.32009367682675],[77.36386758661364,23.320098771194584],[77.36385834260997,23.320128814698673],[77.36385834338567,23.32020970258171],[77.36387592774159,23.320505454265884],[77.36388376503278,23.320637254155905],[77.36390687613839,23.32096080626574],[77.36389300854412,23.321372180320953],[77.36395540918012,23.321864440938],[77.36400625296794,23.322539279364154],[77.3637998048946,23.32256245291567],[77.36380253600488,23.322594966864667],[77.36388489570918,23.323575748688782],[77.36389124072066,23.323624125237288],[77.36388989307048,23.323635246615943],[77.36388776423297,23.323652813205257],[77.36388650299601,23.32365749623915],[77.36388167772378,23.32367541582669],[77.36387298540157,23.323694541325388],[77.3638521206559,23.32371279688462],[77.36382951892892,23.323723229013396],[77.36378779062524,23.323742354273442],[77.36376171104328,23.32375713218746],[77.36371807771121,23.323780231728982],[77.36371737489806,23.32378060397628],[77.3636843414452,23.323793644044535],[77.36364522105245,23.323820593410076],[77.36362583041073,23.3238492806213],[77.36361288709683,23.323913997862306],[77.363609735716,23.32405506402575],[77.36346189193085,23.324775722380952],[77.3632590277931,23.325590526435942],[77.36277086593408,23.32566461823549],[77.36239621547526,23.325683997319242],[77.3620467445264,23.32571635462344],[77.36173286962398,23.3257681281707],[77.36175734263671,23.32581844927166],[77.36185648035094,23.326224953109254],[77.3618558310182,23.326250267394965],[77.36185583052483,23.326254865629085],[77.36185583106123,23.326314983936786],[77.36183318031289,23.326399115407952],[77.36179434986495,23.326470304050122],[77.36176150781975,23.326497671632325],[77.36175551968421,23.3265026616677],[77.36170374717918,23.326525313411352],[77.36167786139166,23.326573849956507],[77.36165197362126,23.32667739744233],[77.36161637996665,23.327107762025484],[77.36164788957515,23.327606270652154],[77.36163260312594,23.32831674385949],[77.36162923313314,23.328335696262794],[77.36162923332787,23.3283566796244],[77.36157939641092,23.32889964671436],[77.36156389620155,23.32914102167164],[77.36153218115427,23.329274739568536],[77.36152798506029,23.329315861251892],[77.36151906589515,23.329403269174602],[77.36152693468601,23.32947409066374],[77.36153218143748,23.329623602913582],[77.36149545909073,23.329689179059617],[77.3614298832677,23.329746885698988],[77.3614245076244,23.329763011077453],[77.36137217704224,23.329920005172742],[77.36122831480452,23.33061080778108],[77.3612541404232,23.330699045201474],[77.36133283097375,23.33096134820619],[77.36140103026311,23.331286603958425],[77.36147972124836,23.33149120040403],[77.36150070470396,23.33160136738705],[77.36151382048557,23.331724649054962],[77.3615374268525,23.331834816685987],[77.36153480409347,23.33189514605179],[77.36151644340961,23.33197646022777],[77.36149283616768,23.332065643347395],[77.36145611360998,23.3321495802595],[77.36141939080795,23.33222302504344],[77.36136168515421,23.332280731199628],[77.36128037055762,23.3323620448819],[77.36122528702295,23.33241450609815],[77.36109151251989,23.33250631207069],[77.36096708055847,23.332557800953087],[77.36093937730521,23.33256926502446],[77.36080035642544,23.332621724598454],[77.36051489767233,23.332688600186692],[77.36034394905218,23.332708284573688],[77.35949933444768,23.332776484287688],[77.35894214597022,23.332868998048223],[77.35880423079043,23.33289189724295],[77.3583320855517,23.33297583358839],[77.35793600884327,23.333104363041105],[77.3575635390718,23.333222398749115],[77.35665859448814,23.33350306333395],[77.3565593921285,23.333487001268253],[77.35651629724146,23.3334800225969],[77.3553733102987,23.333246005581255],[77.35428475266221,23.33300206367838],[77.35341653011405,23.33284205993357],[77.35245912446896,23.332703039161682],[77.35158827863884,23.332592871788744],[77.3515252595891,23.332584683830888],[77.35092202882402,23.33250631212294],[77.35028987977313,23.332396144669804],[77.34923822987038,23.332165920096333],[77.34897149324031,23.332116431859692],[77.34769045780268,23.331834817255825],[77.34690879514405,23.331659073857747],[77.34601171854722,23.33149644618663],[77.34460884878962,23.331330987679497],[77.34428953586661,23.33128013781495],[77.34273555572578,23.330979708956963],[77.34216373572842,23.330856426868568],[77.34080763025628,23.330499694967315],[77.33958083340887,23.330155997968607],[77.33946554120546,23.330122692232962],[77.33884822684298,23.329948858603238],[77.33885347303791,23.32984131492814],[77.3388429805868,23.32960524208534],[77.33884298109864,23.329429498694864],[77.33880888197758,23.329206541578078],[77.33876166680623,23.329112112747914],[77.33856494006656,23.328873417267165],[77.3384154276415,23.328679313264736],[77.33828689930566,23.32846684735908],[77.33822351480462,23.32833570685526],[77.338210830534,23.328309466230365],[77.33815312455911,23.328259627638705],[77.3380665645876,23.328243890330185],[77.33775967023227,23.3282386440504],[77.33759821566949,23.328235508752734],[77.33748949754634,23.328233398123707],[77.33720259782437,23.328187288618487],[77.33719571941495,23.328186183061526],[77.33709027932277,23.32815103593374],[77.33708555236093,23.328149460855794],[77.33701735316755,23.328073392635126],[77.33688620153453,23.327834697270934],[77.33682587200796,23.327672070332685],[77.33676291948349,23.327449112297423],[77.33669996660686,23.327234023880962],[77.3366709635467,23.32708595675843],[77.33665012856112,23.32697958994197],[77.3365766841252,23.326777616913024],[77.33650323999095,23.326688434022067],[77.33639307189603,23.32660712042025],[77.336278236609,23.32655336662224],[77.33626978976969,23.326549412754346],[77.33626072801712,23.326538840815786],[77.33619109883388,23.326457607199124],[77.33616399140357,23.326421627735453],[77.33604683276377,23.32626612643185],[77.335944534248,23.32609038317334],[77.33587109025164,23.32592250928563],[77.33582125227673,23.325668076427302],[77.33579507337424,23.325479308425127],[77.33577141380572,23.325308721069703],[77.33569534731006,23.324925757668144],[77.33565600057007,23.32467132474734],[77.33557993259045,23.32441426805394],[77.33555107988848,23.324180818449065],[77.33548812736427,23.323868677763798],[77.33547763534793,23.323729657085302],[77.33546976575063,23.323462107833787],[77.33538320574343,23.322974224961847],[77.33534123795715,23.322709298784293],[77.3352853723419,23.32256778320094],[77.33516567892538,23.322429091620197],[77.33502380693268,23.32233598236008],[77.334962035324,23.322295441578127],[77.33481925542512,23.322203054142346],[77.33472482617118,23.322111248128536],[77.33459367495904,23.321851568765435],[77.33443629331126,23.321486967328177],[77.33432760365174,23.321247123353757],[77.334293202157,23.321171208917836],[77.33422644961817,23.321004329761386],[77.33407956150388,23.320676452356402],[77.33390906377282,23.32043775638247],[77.33361266186296,23.320120369301296],[77.33343691872275,23.319989217573312],[77.33322182970602,23.3198659360647],[77.33301198777588,23.319745275872485],[77.33285985246404,23.31964035539229],[77.33278983231426,23.319572085113958],[77.3326500096004,23.319435758736017],[77.332505742606,23.31918394783698],[77.33202048283322,23.318449500216747],[77.3318001487559,23.31815309818115],[77.33170309724503,23.31794325455646],[77.3316930966701,23.317907840895778],[77.33168843060471,23.31789131285953],[77.33166428094438,23.31780578243197],[77.33163159607606,23.317324933281334],[77.33162965151008,23.317235037709427],[77.33194287413525,23.3171105193684],[77.33226967114534,23.316980604398772],[77.33227325725434,23.31697810419396],[77.33224830898475,23.31689078734856],[77.33214246723492,23.316580821072524],[77.33169893731412,23.315693761750353],[77.33148538487534,23.31523628980061],[77.33139795835197,23.31519332867044],[77.33129805232267,23.315140437083],[77.3312937789329,23.315138174735402],[77.33116202413557,23.3150064201711],[77.33107633813485,23.314878887063973],[77.33103026944772,23.31481032032411],[77.33090108736575,23.31454831522619],[77.3308127203437,23.314369093267192],[77.33067790130035,23.314068813847133],[77.3306196841396,23.31381143164774],[77.33054224034719,23.31355902416679],[77.33053695395479,23.313541793919192],[77.33053441533781,23.313537452411975],[77.33042051879231,23.313342629390505],[77.33027037937592,23.313082182561622],[77.33006574858246,23.312715921145532],[77.32979680735875,23.312263138004685],[77.32968884594284,23.312078203849648],[77.32957287827851,23.31188055906758],[77.32949057085096,23.311706261663883],[77.32932710427139,23.31140051662271],[77.32914850043812,23.311091745063926],[77.32896384165024,23.31087378766667],[77.32876404775867,23.310758754763064],[77.3283735418268,23.310643722327494],[77.32820402090618,23.310565015869187],[77.32803449865787,23.310413657365896],[77.32777718846032,23.310123047634942],[77.32776019119586,23.31003836700001],[77.33090987145626,23.30745078832199],[77.3321458797427,23.306470724072526],[77.33314424656945,23.30565501125267],[77.33386240596563,23.305063463614196],[77.3347281234038,23.304313949665165],[77.33528029741592,23.303860319357167],[77.33805603907535,23.301473910373634],[77.3380438032685,23.301466450342257],[77.33772095115555,23.301079260875778],[77.33721410930424,23.30096998160183],[77.33744800096208,23.300524220191814],[77.33754815401079,23.300287915421727],[77.33725562970264,23.299847495457428],[77.33694801044628,23.29976392715309],[77.33692284961144,23.299732882092012],[77.33647518040095,23.299170752838045],[77.33632748764848,23.2987400453484],[77.33615764755069,23.298468202132916],[77.3357757395907,23.298562643015995],[77.33556159222401,23.29817968408201],[77.33556155450957,23.298154605625164],[77.3354707785625,23.297541684921224],[77.33547896243506,23.29753371524103],[77.3358115272939,23.296795207423436],[77.33581114060665,23.296765726817004],[77.33583393792708,23.296707176202517],[77.33587732647739,23.296475910165967],[77.33574769466838,23.295945864628262],[77.33583503700685,23.295491093207126],[77.33580775220304,23.295297059110485],[77.3342748860921,23.296238602641854],[77.33410849839892,23.295999883202146],[77.33393842448318,23.295741464165047],[77.3338438577689,23.295552330994735],[77.33373037817644,23.295395621290456],[77.33346018893772,23.294968722305978],[77.33313849622323,23.294465476348137],[77.33271676498369,23.29368729978509],[77.33272549458414,23.293682551713907],[77.33268837641198,23.293634915542153],[77.3326627073393,23.29358755182952],[77.33130798598677,23.291523298983265],[77.33124427362462,23.29143652931834],[77.3311317576775,23.291254772807463],[77.33089517686658,23.290872601862688],[77.33087399984176,23.290862014348868],[77.33084743700044,23.290848732390124],[77.33083056038743,23.29084712516143],[77.33078477838546,23.29084276512884],[77.33026560734109,23.291093398905037],[77.32960918417632,23.291400723660832],[77.32921533107917,23.291588699900288],[77.32846641192673,23.291943765132615],[77.32774733008131,23.29228987892543],[77.32710582618256,23.29260018834758],[77.32635093861613,23.292955252865113],[77.32588221243985,23.293184579285242],[77.32556919898099,23.293337171732713],[77.32475463770795,23.293728042038747],[77.32419146778437,23.293997313294675],[77.32373121498956,23.294217375883324],[77.322824157623,23.294650017775332],[77.32137704340055,23.295354181306877],[77.32036853912663,23.29584649797607],[77.31944954723267,23.29628510807557],[77.31843805938152,23.296792344139035],[77.3178741322214,23.29706088070531],[77.31704763544948,23.297457717770865],[77.3173232885257,23.297824613045066],[77.3175958386296,23.298156137626716],[77.31813936201318,23.29878879703308],[77.31842288596305,23.299112082816677],[77.31900795258792,23.299817858424245],[77.31986394498827,23.300826103417656],[77.3198196548949,23.300865470841863],[77.31977701104815,23.300897640864108],[77.31960573453338,23.301026848868613],[77.31940180723834,23.301163525348127],[77.31934283667236,23.30124755688557],[77.31930216400703,23.301305515162845],[77.31928245695998,23.30133359800269],[77.31925262020857,23.301482784773334],[77.31927879599772,23.30180503132145],[77.3192796111864,23.30214258012589],[77.31931515469621,23.302746769224804],[77.31933593392998,23.30316394173688],[77.31935191758598,23.303459640241783],[77.31934712275688,23.30349160734462],[77.31937909032428,23.303561935041355],[77.31938068772324,23.303619475746878],[77.31938548325553,23.303953534253118],[77.31937909043447,23.30405103517725],[77.31932954060487,23.304083002266335],[77.31930066688332,23.304092697567906],[77.3193158000378,23.30439551422832],[77.31933421444845,23.304794850344773],[77.31934132062398,23.30527275515097],[77.31933018519598,23.30530337791795],[77.31931960629795,23.30531061597343],[77.3192733925211,23.305317853645892],[77.3191442202706,23.3053262056473],[77.3190352637551,23.305324726758585],[77.31893911163885,23.3053234217488],[77.31895687564591,23.3058083797827],[77.31897819282163,23.305913187291036],[77.31900203677051,23.30593464663804],[77.31903148521697,23.30596115022009],[77.31920379601144,23.30596647921913],[77.31937255442382,23.305952267557405],[77.31963190787191,23.305955821146306],[77.31969052967324,23.305966479329346],[77.31972605762579,23.305977137780825],[77.31975270361866,23.30599312501643],[77.3197774787341,23.3060110191842],[77.31978467946851,23.30601621930605],[77.31983150355728,23.306166304193006],[77.3199014186915,23.306478255783603],[77.31996886867626,23.30674910020471],[77.32000277415231,23.306906833285375],[77.32005350905446,23.307213495777418],[77.32007345701,23.307420040586003],[77.32007734659544,23.307548413139568],[77.32009101295077,23.30778610420542],[77.32009101312954,23.3079923736565],[77.3200833868816,23.308137264690487],[77.32008163988897,23.30817045171821],[77.32007803088189,23.308239034339895],[77.32004773891195,23.30846694107604],[77.32000158058945,23.308668883973297],[77.31996840435124,23.308787164794428],[77.31989051193172,23.308999205574],[77.31981001864838,23.309160024021875],[77.31965653051851,23.309398144825533],[77.3195001740644,23.30960901241921],[77.31940401578939,23.309696064731824],[77.31930918619781,23.309799676248584],[77.31914924935353,23.30987824097101],[77.31903631228874,23.30990582240257],[77.31817713020945,23.308924751644422],[77.3179374966289,23.308637822813157],[77.31752380763889,23.308178168093665],[77.31748345457834,23.308133330794668],[77.3172978835286,23.307937818744893],[77.31713031122987,23.30776126876359],[77.31701993189708,23.307667042745624],[77.31687175858919,23.30754055383335],[77.31665757842384,23.307381365010023],[77.3166384320333,23.307367135020193],[77.31632312539892,23.307165338719738],[77.31617465666353,23.307091105135743],[77.31602673624437,23.307017144283197],[77.31573955859483,23.306911834046197],[77.3156327320451,23.306872658843027],[77.31494418715721,23.306657671004352],[77.31372688548697,23.30627417704884],[77.3135663920316,23.30621912841233],[77.31312549697206,23.30606790369143],[77.31257931044593,23.30586453576246],[77.31189487815922,23.305595054413516],[77.3114543003899,23.3054305599904],[77.30972342800435,23.3047567522812],[77.30866037779016,23.30436759979505],[77.30745179256417,23.303905679782382],[77.30659122911123,23.303582968003017],[77.30454738959031,23.30284895804382],[77.30417722117971,23.30273822418788],[77.30332204181443,23.302459406050012],[77.30287688433637,23.30231426866172],[77.30240230808053,23.302114947661412],[77.30197202612763,23.301918789883665],[77.30134558718044,23.301535965588585],[77.3011239329379,23.30138211229233],[77.30098366563081,23.301284749878356],[77.30053880845625,23.3009759662253],[77.29970355504364,23.300393819960544],[77.2987069457683,23.299593368685148],[77.29801406622558,23.299093482773326],[77.29731485798975,23.298539812399373],[77.29709655294118,23.298368964135598],[77.29679598893739,23.298081054745904],[77.29663779701794,23.297869077611907],[77.29662789535797,23.29783616942388],[77.29660245144063,23.297751605848543],[77.29653022571449,23.297511564186085],[77.29647011314172,23.29715721492665],[77.296410000139,23.296723769140335],[77.29632774110877,23.29596128426993],[77.29630875840981,23.295711340910934],[77.2961663846222,23.294255975994528],[77.29604446261558,23.293114880223374],[77.29595037229878,23.292287133417847],[77.29594562105787,23.292245329940776],[77.2958932426975,23.2918867439551],[77.29583549310617,23.291634255723487],[77.29582672354495,23.291603274336605],[77.29575491248279,23.291349536036492],[77.29565381855917,23.291111520214844],[77.29564881321788,23.29109973489801],[77.29564552992682,23.291093078950524],[77.29554943017266,23.290898282137725],[77.29533575227906,23.290567733939067],[77.29523197258192,23.29043587419077],[77.29477137161123,23.2899536947174],[77.29402911974597,23.289318708883307],[77.29315549808507,23.28863535680767],[77.29296734552098,23.288480804077548],[77.29268439907266,23.288248383015773],[77.29263239449224,23.28824838315054],[77.29259998060807,23.28825867935792],[77.29256338383276,23.288270303980827],[77.29254986390056,23.288275075420838],[77.2924526401196,23.28837613778292],[77.29236436971283,23.28842602881047],[77.29233366821738,23.28845417321854],[77.292315757544,23.288478479112527],[77.29231064071648,23.288498948127543],[77.29231575816502,23.288525811693845],[77.2923387846068,23.288621757648087],[77.29238995631258,23.28884818774685],[77.2924603161188,23.289101483788286],[77.29251916221332,23.28935989638441],[77.29257161208196,23.28957737196526],[77.29263557554592,23.289831947252043],[77.29269313792895,23.2900593264116],[77.29274815094365,23.290270736680487],[77.29277554266785,23.29036927134182],[77.29277833639414,23.290437649931473],[77.29276077367106,23.2905553972991],[77.29275432761025,23.290587624975476],[77.29273284297066,23.2907315782147],[77.29271350636787,23.291058158774053],[77.29265334613913,23.29136110415585],[77.29263830582535,23.291689833449535],[77.29262541468431,23.29207872075248],[77.29261682082158,23.29233010215122],[77.29260392997386,23.292691058951476],[77.29258889037342,23.29301978653431],[77.29256525549957,23.293140105603015],[77.29250939264308,23.29331199145054],[77.29243204523722,23.29354403368494],[77.29241700582288,23.293632125409424],[77.29241270776754,23.293761038416893],[77.29237188562878,23.29396515142592],[77.29231387502527,23.29424876010289],[77.29229668700081,23.29435833590756],[77.29223437857469,23.294519477144604],[77.29218496171205,23.294648390930394],[77.29211620820135,23.29476011506566],[77.29203885975025,23.29494059381211],[77.29197010620807,23.295032982216426],[77.29186267877357,23.295273620329777],[77.29184763939752,23.295327332719566],[77.29184119307853,23.295374602395796],[77.29180896473488,23.295477732106903],[77.29177243974459,23.29556797141475],[77.29171657702484,23.295726964309644],[77.29169938921729,23.2957613405682],[77.29167360609779,23.295812905928315],[77.29166071498449,23.29588165975176],[77.29166071477474,23.29592033394789],[77.29166716117803,23.296023465352324],[77.29164997175515,23.29608792102968],[77.2916413778282,23.29618030882444],[77.29161129803508,23.29632855931673],[77.29160270352533,23.296429541119256],[77.29160270406109,23.296459218656683],[77.29160270420638,23.296487551922542],[77.2915907224632,23.296503527723864],[77.29157821099682,23.296520209704802],[77.29157692121713,23.29652192937314],[77.2915318014987,23.296543413666573],[77.29148883062868,23.29661216828981],[77.29147379127649,23.29675397270695],[77.29145445433383,23.296928005324887],[77.29138140302466,23.297160048895407],[77.29131264892432,23.297439360569925],[77.2912885231144,23.29762107189001],[77.29127612446116,23.29774230682598],[77.29123959844746,23.29790559733074],[77.29118158803242,23.298079630147168],[77.29113646779588,23.29818490911191],[77.29109564466525,23.298268702582494],[77.29103978267497,23.29831597131322],[77.29101936759139,23.29832584865332],[77.29090657317208,23.29838042721107],[77.29081580130135,23.298424377382954],[77.29077841502775,23.298439079063698],[77.29070253894419,23.298500165719297],[77.29067087204137,23.298652167931984],[77.29070838103698,23.298739688923767],[77.2907091502199,23.298940843830582],[77.29069814044634,23.299028065754015],[77.29067403766001,23.299219005863915],[77.29068306769325,23.299277700974017],[77.29068596714995,23.299320210708093],[77.29068605181112,23.29932318535235],[77.29068342858523,23.299400556976867],[77.29068312298338,23.299409584240856],[77.29066808258663,23.29946974387576],[77.29064230074599,23.299501971693896],[77.29062511175509,23.299540646427076],[77.29061007224627,23.2995793197127],[77.29061437011339,23.299656668117336],[77.29067237970791,23.299721124293434],[77.29078625431094,23.299847889012742],[77.29093235463985,23.300056299246133],[77.29096642056801,23.300226626843635],[77.29096751559108,23.300285739924952],[77.29097070360639,23.300324002296296],[77.2909722989022,23.30035429267365],[77.29097548698294,23.300392555937854],[77.29098345791897,23.300411687010147],[77.29098505279421,23.30044357280633],[77.29097867556892,23.300469080905575],[77.29097439640564,23.300480493575943],[77.29097389273167,23.300481835095436],[77.29097272495459,23.30048216541719],[77.29087611702099,23.300509459365415],[77.29080559148068,23.300520386225074],[77.29053487275814,23.300584842643858],[77.29040002621024,23.300617643795366],[77.29029473233744,23.300646044686296],[77.2902054529167,23.30066198833898],[77.2900458782482,23.300680013681873],[77.28988052852408,23.30072537576462],[77.28978036505072,23.300787296277633],[77.28967109499807,23.300878354216824],[77.28959096423847,23.300945736811336],[77.28948169413515,23.301007655958525],[77.28937970878482,23.30106957644031],[77.28897986378685,23.301289686211028],[77.28878965315681,23.30138645789822],[77.28860571512351,23.301475695110224],[77.28840356639456,23.30157950059956],[77.28817227929949,23.301699698072063],[77.28765142612707,23.302043897752004],[77.28664068087133,23.302745044885192],[77.28603605525109,23.30310017175344],[77.28572281466715,23.303300499882784],[77.28558258588991,23.303406127401992],[77.28551516403698,23.30346571533807],[77.28547046120583,23.303514143311297],[77.28539074795452,23.303574725207344],[77.28530146800887,23.30362414786104],[77.28526958263785,23.30363690223448],[77.28522494311366,23.303635307572108],[77.28517521877738,23.303622568065776],[77.28503993873073,23.303566864122047],[77.28496384412843,23.303542317860693],[77.28487548042737,23.303513813054085],[77.28476141974429,23.303466066997093],[77.28466857961767,23.30342893084751],[77.28457043531239,23.303391795268187],[77.28450677414298,23.303389142689166],[77.28442189163145,23.30339710027463],[77.28438254611655,23.303412838697824],[77.2843157891957,23.303439540872105],[77.28429191582092,23.303447498612638],[77.28423886453568,23.303481982187918],[77.28419111885617,23.303505854944362],[77.28416563156684,23.3035154132467],[77.28408800760197,23.30353664908366],[77.28407436540503,23.30354171727819],[77.28389772467585,23.303607325712512],[77.2837029106407,23.303658067779374],[77.28364749154609,23.303671574435143],[77.28349171714008,23.303709535794884],[77.2834872564675,23.30371062329114],[77.28348649021493,23.303710776159306],[77.28338305405074,23.303731463130095],[77.28334664862133,23.303741820119082],[77.2830677269238,23.30382116838831],[77.28289556593865,23.30387100392777],[77.28272159303762,23.303925371304572],[77.28256121136472,23.30398517386953],[77.28234374444656,23.30407306718958],[77.28215527342438,23.304141025163528],[77.28200214144175,23.30420173480267],[77.28187800293709,23.30424341605909],[77.2818300805259,23.304258379765873],[77.28172646318868,23.30429073661324],[77.2815903492531,23.304327739294415],[77.28149460055654,23.304365097775396],[77.28132900370444,23.304407727463026],[77.28130365613323,23.304414738174795],[77.2812393151087,23.304424039984116],[77.28106742184323,23.304444749980572],[77.28089138828716,23.304471673393433],[77.28082925761431,23.304486170184166],[77.280785767442,23.304490311913355],[77.2807147847472,23.304494891716388],[77.28068946597324,23.304496525320268],[77.28059147965925,23.30452075463557],[77.28056905057889,23.304526735624282],[77.28054346079509,23.304533803049488],[77.28054255003778,23.304533803061055],[77.28054138973319,23.30453380289283],[77.28033221854248,23.304589719840102],[77.28008928084002,23.304683761303522],[77.28007541609644,23.30468912801657],[77.27988281310415,23.3047522928989],[77.27964050695212,23.30484031038784],[77.27946447238543,23.304880695340106],[77.27929775696975,23.30491693719628],[77.27912586519616,23.304933505436527],[77.27896147710447,23.304967024232145],[77.27836915348209,23.30508976797409],[77.27813698777061,23.305133105693574],[77.27798234728262,23.305159580917703],[77.27760146175058,23.305208429889717],[77.27757560039318,23.305205241880724],[77.2775616625591,23.30520152485021],[77.27753081970931,23.30518803181366],[77.27749515764839,23.30517646576116],[77.2774469670126,23.30516586264919],[77.27738142613467,23.305156225016688],[77.27734716022992,23.30515423892296],[77.2773149222165,23.305152370107514],[77.27729178955941,23.305154296800055],[77.27728022387353,23.30515815279208],[77.27726769441097,23.3051658634214],[77.2772445616017,23.305176465917587],[77.27722046553755,23.30518706760751],[77.27716167159525,23.30520730824232],[77.27710577002517,23.30523525927177],[77.27703540983272,23.305255499566126],[77.27699203771253,23.30526224733939],[77.27696505059235,23.305262247172326],[77.27691975126682,23.305260319339556],[77.27683397003968,23.30526031943046],[77.27678577779457,23.305261283335806],[77.27675493463077,23.305269956773383],[77.2767308392044,23.305275739765534],[77.27670288754494,23.305285378703044],[77.2766865034296,23.305298872420135],[77.27667011846455,23.30531140210278],[77.27664313102524,23.305326822672455],[77.27660168631482,23.305346099553066],[77.27653380776192,23.305374629731617],[77.27650144660278,23.305389857952353],[77.27645766505997,23.30540699008268],[77.27643101528683,23.305424121738923],[77.276411979606,23.30542602601948],[77.27638152301574,23.305412701428157],[77.27634535484046,23.305395569444173],[77.27630347605906,23.305317522439008],[77.27630347563651,23.30525470485115],[77.27630728334834,23.305169043761435],[77.27630537999346,23.305130972785964],[77.27626728412807,23.305071341695932],[77.27619947356673,23.305056272871294],[77.27597846335604,23.305075108828206],[77.27565699153537,23.30511529276159],[77.27484651585173,23.30524345282465],[77.2746558908353,23.305279707005614],[77.2745061984698,23.305298419367187],[77.27429335272863,23.305313621921258],[77.27417991405667,23.305320639042193],[77.27379866460026,23.305390806703397],[77.27361271791843,23.305430568748058],[77.27340806033244,23.305465654298807],[77.27332268773347,23.305491382079147],[77.27325135004538,23.305535822366224],[77.27315194373227,23.305600144436124],[77.2729718451948,23.305674989958433],[77.27279525424778,23.305728786125925],[77.27263386559386,23.305719429832283],[77.2725040535685,23.30573229408755],[77.27236488681,23.305726447119305],[77.27226080259194,23.30572878576347],[77.27207017904553,23.305753345034457],[77.27196726469059,23.305745158967362],[77.27181874108416,23.305710074411273],[77.27173453856875,23.30570656641276],[77.27137901788804,23.3057451591514],[77.27089251599511,23.305790767848503],[77.27065511153859,23.305803631823668],[77.27029842157891,23.30582234421422],[77.27019199880917,23.305818836404555],[77.27017211793435,23.305796616225848],[77.27013586428552,23.305766208706935],[77.27008946658525,23.305767312866607],[77.26996148785497,23.305802507289734],[77.26975833224806,23.30585419755478],[77.2695952552614,23.305888054374083],[77.26957682333727,23.305891879952735],[77.26925117254291,23.305958340395552],[77.26910433846672,23.30597452204475],[77.26889996814224,23.305980515087054],[77.26878909890331,23.305967478689453],[77.26864158475114,23.305963303905557],[77.26860725325788,23.305962332752184],[77.26830875097899,23.30596576409163],[77.26802749475353,23.305986298091003],[77.26794850722125,23.305986899246395],[77.26747157246864,23.30596919498088],[77.2672691396202,23.305953755385904],[77.2670787155754,23.30596233265492],[77.26694490499439,23.305977772285868],[77.26668585927784,23.306020660956758],[77.26655160865565,23.30605148279552],[77.26634961571905,23.306097859773878],[77.26614718312891,23.306137316571093],[77.26592073274762,23.30613903243836],[77.26564738360976,23.30616521842569],[77.26560069369735,23.30617109088517],[77.2654324988713,23.306202716686695],[77.26502694171357,23.306298577048132],[77.26463065370824,23.306408370014374],[77.26436989448543,23.30645125906008],[77.2639495886232,23.306423809808294],[77.26359447408235,23.30638778442847],[77.2632290661726,23.306344895722102],[77.26304447061166,23.306354874404402],[77.2630386418565,23.306355189146583],[77.26286537374737,23.306392930739797],[77.26238845697105,23.306482138094694],[77.26207622963365,23.306526742316255],[77.261652494284,23.306525026803364],[77.26082888917959,23.30652061466713],[77.2605956908826,23.30651465763105],[77.26050896323476,23.306474749014775],[77.26048225176598,23.30630446843656],[77.26051564033324,23.30606740932568],[77.26054559319648,23.305387173939216],[77.26060163639568,23.304956521414212],[77.26065767955006,23.304531768409014],[77.26067460443053,23.303497894835395],[77.26072928158602,23.30280831077329],[77.26077373606816,23.30254158484741],[77.26078762796568,23.302191508237883],[77.26076130941826,23.302058033862433],[77.26072372516424,23.301919225431483],[77.26070705476045,23.301863657226026],[77.26074595152059,23.301833094732043],[77.2608378882768,23.301790349919862],[77.26093055061378,23.301747267026364],[77.26103406466582,23.301638000838757],[77.26134173402598,23.30120668958826],[77.26172023054419,23.300569382029142],[77.26212735782458,23.29988386677672],[77.26257055328945,23.298850597037024],[77.26276580409139,23.29862563272239],[77.26285665694353,23.298570112022432],[77.26292401907178,23.298597668799324],[77.26310161051897,23.298389457921594],[77.26367615921647,23.297576742323386],[77.26381810329116,23.297375958961204],[77.26392127520094,23.297294324842262],[77.2639575807412,23.29725249535673],[77.26472418191918,23.295940430110292],[77.26455191316708,23.295689262865473],[77.26467449815769,23.295483293558892],[77.26508769470064,23.29472504820044],[77.26514017026713,23.294547946692422],[77.26525823698138,23.294390524229218],[77.26550093075717,23.294069118711963],[77.2655730829686,23.29388873812348],[77.26572394690986,23.29354437544071],[77.26579363438186,23.293495254316266],[77.26582694666696,23.293450044732207],[77.26586739815997,23.293395316641213],[77.26592688366793,23.293321553852124],[77.26596495558893,23.293278722967635],[77.2659649556831,23.293093126163207],[77.2661386557133,23.292881352717735],[77.2662992569455,23.292658621853956],[77.26670295492242,23.29214592634072],[77.2667205893797,23.292128807089227],[77.26688342681605,23.291934327731365],[77.2671548016277,23.291707270571877],[77.26748543073477,23.29109437818699],[77.26775431025264,23.290611348170998],[77.26783186819621,23.290450568000015],[77.26787941763965,23.29036904873988],[77.26831839723378,23.28961647373215],[77.26865514497119,23.289246750778698],[77.26938031722973,23.288229089681373],[77.26940434731134,23.28819212663465],[77.26964401781964,23.287760937376543],[77.26999007422583,23.287184177743406],[77.27023395978853,23.286808461135852],[77.27065804223619,23.2861515262972],[77.27072578638351,23.285580402426913],[77.27069207172345,23.28548356225968],[77.27070525456381,23.28529570417616],[77.27072832527438,23.2852100138124],[77.2708123086051,23.284850963653447],[77.27097550756888,23.284349818840557],[77.27106119791617,23.28402353785569],[77.27119506246139,23.283561325703303],[77.27123587296788,23.28342041343762],[77.27123257786589,23.283298468870868],[77.2711864369144,23.28305128678958],[77.27114688794809,23.28292604820851],[77.27110404260048,23.282428386858715],[77.27107767746294,23.28187140196017],[77.27110733832077,23.28170002205237],[77.27114157038972,23.281565110948968],[77.27112994024823,23.28143426304765],[77.27101477048132,23.280907999170132],[77.27080017480449,23.280181886685842],[77.27073450171771,23.279962928091543],[77.270431204095,23.279173278737876],[77.2702337091608,23.27862600258067],[77.2702003957438,23.278502270866877],[77.27020217715518,23.27847912076962],[77.27020206003864,23.27845151108263],[77.27021181845883,23.278434997421982],[77.27022382762723,23.278422987435285],[77.27024484563788,23.278411727073735],[77.27026635105537,23.278407445933635],[77.27040323333784,23.2783801998632],[77.27060215517734,23.278335161087945],[77.27066509908683,23.278316096309325],[77.27074156174056,23.27829293744817],[77.27081055794508,23.278260378849385],[77.2708146397163,23.278251194869593],[77.27081546764038,23.278238782839537],[77.27081419026537,23.278230262660497],[77.27081298518283,23.278222233690723],[77.27078875230119,23.278188307918203],[77.2706884390008,23.27802285636316],[77.27062810284808,23.27794240841021],[77.27054765547902,23.277807109068366],[77.27043064007499,23.277532854958967],[77.27034653500215,23.27736098783816],[77.27013261586399,23.277009943174342],[77.26995343737778,23.27665158282388],[77.26976694436159,23.276306023157723],[77.26956947958077,23.275934865157332],[77.26935846163683,23.275562303938194],[77.26931689132476,23.275488909190344],[77.26901665221268,23.274988509922334],[77.26869945888582,23.274434767273874],[77.2684736601878,23.274122949781955],[77.26808120113093,23.273348784117],[77.2676589860787,23.27230596380951],[77.26759576912205,23.2722347908227],[77.26753207847364,23.27216308599143],[77.26741191380447,23.27217198727508],[77.26719951254171,23.27207463705298],[77.26696296205382,23.27202625081276],[77.26681712353518,23.272018237785996],[77.26645978221603,23.272006934277588],[77.2664310520115,23.27199183890439],[77.26626690655384,23.27190559279037],[77.26622332103605,23.271882402134388],[77.26607692131472,23.271804505756783],[77.26597813896807,23.27175194569747],[77.26592713657124,23.271735854770778],[77.26577436696921,23.271687655366613],[77.26567629482635,23.27166041258483],[77.2653657336208,23.271624453078108],[77.26535408438654,23.27140231332066],[77.2653033939451,23.270808059157208],[77.26528042461496,23.27055982369103],[77.26524439723588,23.270404745676554],[77.26520993499418,23.270307625740628],[77.26514257793953,23.270204241353824],[77.26507052201055,23.270135316586934],[77.2650240336134,23.270088135744388],[77.26496557048536,23.270028799223432],[77.26486844977651,23.26989565125955],[77.26473115571861,23.26968971017288],[77.26469031199355,23.26964127295676],[77.26431079483183,23.269093631310884],[77.26467734363813,23.268562605026094],[77.2646820429961,23.268550073761798],[77.2645222648128,23.268006517384325],[77.26439690812855,23.26762916070915],[77.26426715889554,23.26725373884183],[77.26417220895927,23.266997250947032],[77.26415860074086,23.266960491065372],[77.26378626620475,23.266056552793845],[77.2637737929944,23.266037830749585],[77.26375337217902,23.26602019455223],[77.26373016639221,23.26600720000739],[77.26369860697936,23.265980281014564],[77.2636638217145,23.26596122065938],[77.26361968578534,23.265942958188017],[77.26351265961964,23.26587642828655],[77.26347794808288,23.265850394679504],[77.2634663779538,23.26582436127611],[77.26345770016232,23.265778079220738],[77.26346927098284,23.265726011891257],[77.2635155516258,23.26565369721005],[77.26353290813567,23.265624770897688],[77.26360811638955,23.265555348710116],[77.26367175343368,23.26552063654621],[77.26372382011495,23.2654974969791],[77.26374406763598,23.265491710842067],[77.26378745652936,23.265485925780688],[77.26380481281306,23.265448321718395],[77.26381256566198,23.26538048061573],[77.26381409166112,23.26534909399749],[77.26382416380723,23.26525088607878],[77.26379142811233,23.265062023829593],[77.26377883777303,23.264447591574644],[77.26373602869896,23.263752579870385],[77.26373099180783,23.26357127239324],[77.26385186445467,23.26293921307482],[77.26403568990656,23.261841295147896],[77.26418929820663,23.260932237822132],[77.26420440721785,23.260755966594612],[77.2641943344196,23.260710640121562],[77.26416915309059,23.260690494793373],[77.26414648890203,23.260642650142753],[77.26413641671925,23.26058473211646],[77.26416411644685,23.26048400627883],[77.26418677973672,23.26043364168721],[77.26421920290318,23.26035635529962],[77.26420094599762,23.260325324020826],[77.26416947816246,23.26027183676093],[77.2630668221787,23.25980638977047],[77.26325662729636,23.258779228970916],[77.26342513232129,23.25836974981613],[77.263405986236,23.257970947717002],[77.26344311665872,23.257743895862962],[77.26341793917504,23.257556858588703],[77.26343592274947,23.257323062911535],[77.26347189189211,23.257046103882157],[77.26351505404526,23.256887842352825],[77.26370517687141,23.25638598621869],[77.26373720881598,23.256308916382768],[77.26377597389933,23.25622682622354],[77.2637885146779,23.256119653981187],[77.2638101778101,23.256005639799575],[77.26384438188498,23.255911008819275],[77.26388656655216,23.25582663888369],[77.263974356617,23.255652197750567],[77.26405758699948,23.255485738800143],[77.2641499382171,23.255329539649743],[77.26421948553309,23.255228068203856],[77.26426053064304,23.255152819343706],[77.26430727645608,23.25506046895826],[77.26442243016001,23.254846122561734],[77.26452732202084,23.254636337787034],[77.26464817679931,23.254393490261368],[77.26477017065777,23.254190546002164],[77.26489900573729,23.253977339981827],[77.26500096275869,23.2537882329095],[77.26512226735946,23.253592384105062],[77.26518935725875,23.25349683188443],[77.26529636828806,23.253330721592945],[77.26537064412767,23.253203050662936],[77.26548197306228,23.25306438315327],[77.26587060817312,23.252629186102972],[77.26607698673129,23.252407082872395],[77.26620081412499,23.252240014792957],[77.26637403498249,23.25195325520695],[77.26644743863842,23.251861825441882],[77.26647347022418,23.251807361659306],[77.26668456200132,23.25140982681588],[77.26678886523874,23.251199615850616],[77.26685465635077,23.251056800546028],[77.26710016999218,23.250556145732645],[77.26713868068649,23.250471098848145],[77.26716269850519,23.250396116636946],[77.26716942664454,23.250368570968202],[77.26717099140738,23.25034199581232],[77.26716473828165,23.250313858432087],[77.26715535779134,23.25029666216838],[77.26713972590561,23.25027633998876],[77.26712096698787,23.25024194913891],[77.26711784113078,23.25020912241102],[77.26713190994896,23.25016378835743],[77.26720069185097,23.249999648636525],[77.2673992218833,23.249525991048277],[77.26753678588403,23.249186771338763],[77.26766966018211,23.248897574005486],[77.26790883423075,23.248383272415566],[77.26801513343871,23.248112833739984],[77.2681620774332,23.24780175082424],[77.26822929571453,23.247690761871358],[77.26832152616284,23.24755476201217],[77.26837119821191,23.247439201111163],[77.26848433496804,23.24720222287756],[77.26855313478437,23.247034045805645],[77.2686678021614,23.2467190956487],[77.26878858421274,23.2463995588254],[77.26898580953332,23.245951595109936],[77.26904543632064,23.245795649159827],[77.26908060085391,23.24574978169767],[77.26910506275385,23.245731436433317],[77.2691060074395,23.24573114511201],[77.26914481356339,23.24571920508231],[77.26917844923223,23.245705445046074],[77.26922737394963,23.245674867179904],[77.26929005788364,23.245538795959966],[77.26935121278905,23.245405783245797],[77.26937108919,23.24533851192053],[77.26938179064001,23.245252894610093],[77.2693909639542,23.24512599691947],[77.2694062528143,23.245072485675013],[77.26942307108311,23.245012859547593],[77.26948881275023,23.2449073657233],[77.2695041021699,23.24485691261514],[77.26950563081903,23.24483397968937],[77.26951085537539,23.244814128726137],[77.26980376365155,23.2443398303901],[77.26981316729977,23.24427600472343],[77.2698534536597,23.24419543142587],[77.26990085133504,23.24416462326651],[77.26992055420563,23.244150714811326],[77.2699411375696,23.244136184816984],[77.26997194568497,23.244107746588455],[77.27008806735448,23.243951337595103],[77.27016864192085,23.243816256952776],[77.27022077802368,23.243711984783413],[77.27027291479024,23.24360297199341],[77.27035330002118,23.24344998024754],[77.27084146711192,23.242659505288657],[77.27130547286056,23.242768822966138],[77.27216331587985,23.24304531763207],[77.27302824886881,23.243201289702643],[77.27335997165879,23.243279341748934],[77.27363086612611,23.243343081739635],[77.27377773594814,23.243425862771012],[77.27402079397083,23.243562860110917],[77.2744461706268,23.24376136879571],[77.27459033683874,23.243821437841646],[77.27487154805536,23.243938608948582],[77.27491336581575,23.243953815876466],[77.27502751934941,23.243995325903434],[77.27524020788033,23.24400241602072],[77.27538361995767,23.244054884236117],[77.27562017665082,23.244096317357673],[77.27586450020263,23.244074668009933],[77.27611500774405,23.244046834047968],[77.27623871588948,23.24403446341033],[77.27648303895745,23.244022092433287],[77.27664385924197,23.2440066288482],[77.27682323459481,23.244022091819264],[77.27702116821256,23.24408085435473],[77.2773613642521,23.244192191252],[77.2775905796871,23.24428490717693],[77.27774292826143,23.24435226370654],[77.27820522903099,23.244417639958215],[77.27855545690902,23.244412971271366],[77.27884497876616,23.24436627417305],[77.27895428233198,23.244342852124266],[77.2789757311354,23.24433825485372],[77.27909714257271,23.244328915697622],[77.27924657358473,23.244328915636288],[77.2794286927798,23.24436627410474],[77.27955010514611,23.24443164916461],[77.2796715166844,23.244492356274474],[77.27983495748663,23.244632447124467],[77.28001665343521,23.244807768291835],[77.28041400123088,23.245090077852673],[77.28071753218029,23.245304884683573],[77.28101172288197,23.245384269753355],[77.28120967480898,23.245389693004764],[77.2813526117073,23.245393609098443],[77.28149910404645,23.2454084440945],[77.28172151903316,23.24543096674393],[77.28182877224619,23.24542726802655],[77.28199236218747,23.245421626595284],[77.28240796551383,23.245482333886645],[77.28243820106339,23.24548382071209],[77.28266494194611,23.245485420354857],[77.282870266926,23.24554304005512],[77.28299167877748,23.24554304042616],[77.2830757336995,23.24550101207728],[77.28312710099772,23.245416958250026],[77.2831971459851,23.24534224198636],[77.28328587107406,23.245262856923507],[77.28342596247292,23.24521149102102],[77.28361742039237,23.245216160113458],[77.28367106139243,23.245230066557983],[77.28381821674306,23.245342242058925],[77.28387425445536,23.24543096658818],[77.28396297754016,23.245454314942453],[77.28396743236252,23.245454037118414],[77.28396920342418,23.24545392602778],[77.28403769286587,23.24544964590595],[77.28413447924889,23.245407928332074],[77.28430853582059,23.24533290295232],[77.28441218224661,23.245303290002273],[77.28461070114665,23.2452485672741],[77.28467744270029,23.245230169072247],[77.28478667591314,23.245216515436336],[77.28482687421479,23.245211491040898],[77.28493427713362,23.24519748073298],[77.28501366167887,23.24518347244555],[77.28508837761542,23.245178802903006],[77.2851481093379,23.245172828866142],[77.28518177151095,23.245169462644167],[77.28532378161279,23.245145874668403],[77.28539549088212,23.245140753059648],[77.28546207666236,23.24513306967079],[77.28551841879181,23.245107459929656],[77.28559781045475,23.2450664843383],[77.28569512858074,23.24503319090077],[77.28574891001328,23.24501782488775],[77.28577671302635,23.245009136088928],[77.28584160557952,23.24497808860268],[77.28586950110756,23.244972962327797],[77.28596403502993,23.244964043555825],[77.28600245040612,23.244964044159293],[77.28606647514128,23.24496148274872],[77.28609720656043,23.244953799699037],[77.28616123237254,23.244935873407314],[77.28623882040263,23.244905084090025],[77.28641989385835,23.24485648110967],[77.28648647985308,23.24484111536685],[77.28655306708367,23.24483087112432],[77.2866145305613,23.244828310138494],[77.28667087272655,23.24482574944923],[77.28676050843333,23.24483343179346],[77.28685270504889,23.24485135932512],[77.28693465665934,23.244876970412733],[77.28704360817284,23.244908550149024],[77.28711136552505,23.244928190121566],[77.2871805141985,23.244966604945677],[77.28725734415842,23.244987092806564],[77.28732392959256,23.245007581413486],[77.2873930771764,23.24501526397954],[77.28746478578239,23.24502038642309],[77.28754417747115,23.24500758091077],[77.28778491207149,23.24496148255143],[77.28796162060709,23.244912823667715],[77.28798534540336,23.244904916155516],[77.28801540331125,23.244894897411616],[77.2880486956437,23.244848798375436],[77.28807942817018,23.244833432082714],[77.2880947940773,23.244820627375816],[77.28810902113422,23.244817781962823],[77.28812040504492,23.24481550461443],[77.28818955097792,23.244815505000304],[77.28827662541512,23.24481038270778],[77.28834321231291,23.244812943913292],[77.28848918913708,23.24475916270596],[77.28851122160052,23.244750901131976],[77.28857114119616,23.244728431032982],[77.28861467866571,23.244692576863194],[77.28866846387298,23.244638792102336],[77.28874624153453,23.244570736226194],[77.28884004674705,23.244472329684672],[77.28892200014668,23.244413426934656],[77.28899626900241,23.244377572846414],[77.28900400791524,23.24437420760906],[77.28908487964915,23.244313863741084],[77.28917810038435,23.244236716963623],[77.28919602762282,23.244229033966754],[77.28919856736806,23.2442290335323],[77.28922932126711,23.24422903422507],[77.28925749228213,23.244236716850978],[77.28927029694256,23.244236717115026],[77.2893163953132,23.244226472686847],[77.28939834672812,23.244218790011487],[77.28953408084911,23.244108667179482],[77.2895827400811,23.24407281330445],[77.28960930637716,23.24405748612572],[77.28966412600509,23.244037239028724],[77.28980042557683,23.24399598271814],[77.2899950616725,23.243919151736574],[77.29009494217681,23.243885858766728],[77.2901227172862,23.243879820786237],[77.2901538447063,23.243873054024668],[77.29019738166703,23.243873054090972],[77.29022299219103,23.243888419982415],[77.29024091903626,23.243921712958368],[77.29025884553224,23.243972932746185],[77.29027933365737,23.24403952007122],[77.29029213909749,23.244103544613527],[77.29029726141826,23.244180374660644],[77.29028701694037,23.244234156025076],[77.29027421181546,23.244293059615806],[77.29026393668146,23.24431781267885],[77.29021787021256,23.244456963639127],[77.29016754231385,23.244630826181865],[77.29016664960663,23.24473611444391],[77.29013079620913,23.244838554301],[77.29004628230386,23.24493075068676],[77.28988750033355,23.245079288743884],[77.28979018217186,23.245158679600134],[77.28972615560177,23.24527904761313],[77.28960578856042,23.24543270766692],[77.28954235385034,23.245529530401278],[77.28945468900449,23.245647832854075],[77.28938554198018,23.245816860155816],[77.28936249305902,23.245934665878437],[77.2894213955622,23.246031984292014],[77.28954176433135,23.24612161954759],[77.28968774129123,23.246203572306136],[77.28991054878789,23.246300890434952],[77.29009494162499,23.24636235504594],[77.29029982168475,23.246462234085552],[77.29040482413157,23.246559551824884],[77.29061482638969,23.24667223683642],[77.29084531695715,23.24677211595938],[77.29088971420852,23.246798861410824],[77.29100185185081,23.246884101632663],[77.2910937347452,23.24695394795628],[77.29122434619153,23.247099924687756],[77.2912909326075,23.24724590301469],[77.29130545607103,23.247490372679785],[77.29130629881196,23.24750456437789],[77.29136520228744,23.247688956840754],[77.29144971537448,23.247796518807338],[77.29158544935834,23.24792969185978],[77.29170581611983,23.248042375790032],[77.29180825603444,23.24805262028356],[77.29196447820839,23.247996278173297],[77.29220009116254,23.247829813023046],[77.29230509160035,23.247760664974003],[77.29245363141399,23.247686396130355],[77.29257911963549,23.24763005443064],[77.29272509767753,23.247545541301893],[77.29285826986512,23.247463587675856],[77.29301193078388,23.247409806728314],[77.29320144505161,23.247340659577546],[77.29329876368422,23.24731761062108],[77.2933279337805,23.247311229609878],[77.29338071592508,23.247299684085544],[77.29357535193287,23.247261268727538],[77.29390572322211,23.24718187735358],[77.29419111395855,23.247082911361662],[77.29429669918511,23.24707392504615],[77.29442620456074,23.247079434818936],[77.29453366777179,23.247104235179844],[77.29467970803262,23.24718138730625],[77.29467984451148,23.247181521740185],[77.29473612806208,23.247236361277466],[77.29478717031873,23.24728609522923],[77.29487258977076,23.247437644745723],[77.29487961483179,23.247475518889342],[77.29493135193258,23.247754448380476],[77.29491667740695,23.247908828599137],[77.29491241843475,23.247917345836157],[77.29488870904113,23.24796476404536],[77.2948808556945,23.247980470914204],[77.29477890357884,23.248049357033818],[77.29474140679696,23.248067554139134],[77.29459153255888,23.248140287165693],[77.29448958131161,23.24818988511871],[77.29435731862614,23.248308369716717],[77.29421403470131,23.248550851068767],[77.29404870690443,23.24885670727949],[77.29396328754993,23.24907714287786],[77.29384755868814,23.2492369597447],[77.29372830631294,23.249282825833642],[77.2937042753885,23.249292068901678],[77.29362161137162,23.24930584576101],[77.293580278809,23.249292069168796],[77.29354976159664,23.249276809927597],[77.29352516963657,23.2492645151514],[77.29347006111755,23.249225937806372],[77.29336810932789,23.24916256296135],[77.2932330912233,23.24911020908991],[77.29303469843886,23.24902754506856],[77.29287212578336,23.24901376842181],[77.29285273800383,23.249026443995046],[77.29281691411995,23.249049867947452],[77.29280048445408,23.249060610604033],[77.29277292970188,23.249179095319718],[77.2928032395531,23.249418820280194],[77.29285283782792,23.249589659047206],[77.29310082899639,23.249804584753498],[77.29335348490812,23.250041538848933],[77.29377420047426,23.25051610107189],[77.2939404420909,23.250651458991932],[77.29418608555902,23.250819981833082],[77.29455169737051,23.251097045665407],[77.29478774184656,23.251251950670817],[77.29503155999457,23.25133983416087],[77.29534575649427,23.251414099385904],[77.29574278614093,23.251431237027372],[77.29602301799491,23.25139957175849],[77.29623220995575,23.25137593480505],[77.29723669064201,23.25120584738459],[77.29738897198038,23.251188240848236],[77.29743658855708,23.2511827356261],[77.2978593264197,23.251191305241715],[77.29826778096665,23.251257001439548],[77.29843059191325,23.251334122385586],[77.2987163155628,23.2514882034657],[77.29887979654306,23.251576363332088],[77.29952171012276,23.251922524686115],[77.30034147685922,23.25237382623254],[77.30084664070914,23.25264374205905],[77.30092667146141,23.252675991652538],[77.30124122001293,23.252827981752283],[77.30142278977976,23.252875916373352],[77.30159826231531,23.252922240980414],[77.30184390637378,23.252945091028927],[77.30232376854352,23.25291938390205],[77.30270080491367,23.25285368887176],[77.30322351310757,23.25276514268749],[77.30381191663213,23.252705159891555],[77.30423931966106,23.25266016989237],[77.3044660168686,23.25254806215598],[77.30453502797216,23.25249756617741],[77.30457497902214,23.25246833307552],[77.30458312550257,23.25246237159693],[77.30463311465532,23.252277719769815],[77.30472308593042,23.251945375719725],[77.30474905612132,23.251872661279887],[77.30483733858902,23.25162546732449],[77.30498015572176,23.251379822694084],[77.30517724252724,23.251108470768234],[77.30539432403444,23.250851402139883],[77.30565425045694,23.25062289505547],[77.3059998658818,23.250477222923823],[77.3062455100638,23.25042295217047],[77.3067453683176,23.250468653788765],[77.30698611971725,23.250563688076994],[77.30707098897409,23.250597187692037],[77.30740803561098,23.250839976611175],[77.30748515694305,23.25095994192663],[77.30752242694457,23.251144736948493],[77.30755370871341,23.25129984616332],[77.3075503159712,23.251368682095254],[77.30753371453255,23.25170544419084],[77.30746230569636,23.25198822091403],[77.30742231790504,23.25222815266154],[77.3074228858967,23.25223103419263],[77.30746516305716,23.25244523364675],[77.30764511083659,23.252610901100127],[77.3079278875588,23.252739436349543],[77.30823637185435,23.25276228562337],[77.30840489493447,23.25275657432629],[77.30870766566888,23.252670883610612],[77.30908184515405,23.252445233566114],[77.30945316817741,23.252156744044495],[77.30972737564387,23.25200535892028],[77.31000443975383,23.251896818101155],[77.3103026762445,23.251846671868027],[77.31032720475419,23.251842548097795],[77.3104374738681,23.251869987566455],[77.31055486385246,23.251890293105184],[77.31122980482017,23.25211675613234],[77.31174394420978,23.252236722394958],[77.31229807154362,23.252253859618474],[77.31298393017417,23.252175732313063],[77.31343203103626,23.252119720341074],[77.31379424459047,23.252101048669406],[77.31394361243841,23.252101048924107],[77.3139809527001,23.252101049055412],[77.31464668860481,23.25223831986643],[77.31533950107377,23.25247387574162],[77.31575518898707,23.25279256922748],[77.3160211202088,23.25288283367918],[77.31657447968685,23.252854177013404],[77.3173049890437,23.252513421825242],[77.31755598092384,23.252375933636234],[77.31814069582174,23.252055638604936],[77.31865114436631,23.25179491956575],[77.31907179346365,23.2515800666831],[77.31943227440703,23.25144904438899],[77.31991477321276,23.251338336228613],[77.32052315813429,23.251263834773884],[77.32125310536699,23.25124976323282],[77.32138690489981,23.251268495856603],[77.32197563168603,23.25137927016929],[77.32217112708635,23.251452347712995],[77.32236178179983,23.251613291071973],[77.32245794908297,23.251903663155275],[77.32245409673072,23.252031159006624],[77.32238461796659,23.25231713689681],[77.32229933781022,23.252486703196677],[77.3222835129484,23.25272180464637],[77.32230722403875,23.252988248155635],[77.32244890592186,23.253355209024484],[77.32248341216929,23.25338852769952],[77.3228250834083,23.253705019978764],[77.32297948189252,23.25382966610328],[77.3231535221792,23.253895623121632],[77.32344523727433,23.253919418646355],[77.32366155477986,23.25391927699181],[77.3238109916071,23.253895940134978],[77.32467620681918,23.2528805550292],[77.32549121078283,23.251347616708355],[77.32864577971085,23.25220350091694],[77.32893313513297,23.252270558729172],[77.32921870120886,23.252068615955785],[77.32980808105512,23.25158860542949],[77.3298424540233,23.251627521205563],[77.32989754369744,23.251588563404475],[77.33045012176439,23.25231549374911],[77.33077710876542,23.25268569406514],[77.3314369773471,23.252773938275077],[77.33218746802686,23.252828629681396],[77.33257247337914,23.25170686169439],[77.3333922263039,23.25132274402648],[77.33408266139233,23.25095802608055],[77.33460268262293,23.250873471952463],[77.33586220352558,23.250579217019038],[77.33729577726588,23.250897998988396],[77.33783752932221,23.25120010688021],[77.33819539161694,23.251366055981627],[77.33912393707854,23.252190918584102],[77.33940008714723,23.25261576516124],[77.33993114373754,23.2528706724324],[77.34048344277417,23.25312558003357],[77.3408658051831,23.253295518103943],[77.34114195405249,23.253507940983255],[77.3413331350688,23.253720363780083],[77.34192791941847,23.2542939051085],[77.34277760979397,23.255164839270712],[77.34337239359591,23.255504715576688],[77.34439202446342,23.255674653942375],[77.3446724232281,23.255660634364432],[77.34566656095083,23.255610927387693],[77.34721724815117,23.25550471627453],[77.34762085072616,23.255334777402282],[77.34783327372985,23.25501614295961],[77.34783327426517,23.254782478392908],[77.34772706292712,23.254506328375875],[77.3477014886202,23.254446657388957],[77.34766333643515,23.25435763197582],[77.34768457826988,23.25420893576917],[77.34781203243469,23.253975270998048],[77.34825812001975,23.25382657501748],[77.34832230202383,23.253813738775907],[77.34857675445859,23.253762848075187],[77.3490365386633,23.253449358977672],[77.34904408448294,23.253444214123345],[77.34976632246418,23.2530830951273],[77.35097713242861,23.252297130788897],[77.35117883135466,23.252206571891882],[77.35201800377322,23.251829799952677],[77.35255585264785,23.251870549044863],[77.35352736331535,23.252172044270957],[77.3544837954002,23.252383022257515],[77.35522925023383,23.252340826363458],[77.35562307491233,23.252031391559807],[77.35587624920628,23.251792284084754],[77.35601690137624,23.251243741932154],[77.35606919784321,23.250707693351014],[77.35607316087608,23.250667069177698],[77.35624194421378,23.25028730864452],[77.35645292054826,23.250062266339608],[77.35755132154151,23.249308461920315],[77.35788757030275,23.249077703203316],[77.3589987201532,23.248261921776724],[77.35975823957966,23.248177530757125],[77.36147675861126,23.248552119582474],[77.36148761922699,23.248558454263645],[77.35741846524233,23.256106505033873],[77.35622926107203,23.25712493223573],[77.35587417426966,23.25740033087259],[77.35588786858295,23.259778326931762],[77.35601220363655,23.260684940189062],[77.35642696192801,23.263723383759626],[77.35535115982036,23.265225170363287],[77.35438351038322,23.26640032888353],[77.35427773645466,23.266528030677303],[77.35427763082214,23.266528914199043],[77.35427619789243,23.26653065436356],[77.3539634739753,23.269160614866667],[77.35390600624049,23.2696420280798],[77.35384784310114,23.270129257855324],[77.3536881927526,23.270464968104257],[77.35369678337761,23.270512215222013],[77.35370322600019,23.27062174422771],[77.35373973599059,23.270793552620756],[77.35380306237623,23.270864365634395],[77.35380012662566,23.270919821085858],[77.35382563972487,23.271040528202263],[77.35386000239755,23.27120589411214],[77.35389221605632,23.271328307991745],[77.35393516794173,23.2714120646279],[77.35395234865693,23.27145072181976],[77.3539609400535,23.271465755205774],[77.35396952984816,23.27152588867635],[77.35397382484012,23.271583874346604],[77.35399530210537,23.27164185984148],[77.3540103345363,23.271712731045742],[77.35400818693005,23.2717642741218],[77.35399100599692,23.271805078180414],[77.35397167813818,23.271845882552462],[77.3539394637745,23.271888834848326],[77.35391154481347,23.27195970582876],[77.35391154504786,23.272017692180512],[77.35392442960082,23.2720885628648],[77.3539696610052,23.27233510908109],[77.3540409924628,23.27247777140098],[77.35406044590955,23.27253289102081],[77.35408962731657,23.272610706270097],[77.35409935358125,23.272682036749885],[77.35407989983494,23.272792276049845],[77.35406044639039,23.272860364557673],[77.35401181096529,23.272947907374764],[77.35395020712708,23.27318135388961],[77.35392102572948,23.273349954925802],[77.35384321021932,23.273612582741432],[77.3537524255017,23.27387196758936],[77.35372000216087,23.274167019190312],[77.35361624807112,23.27431616598518],[77.35365191364409,23.274449101302974],[77.35365515584718,23.27454961170869],[77.35352052694552,23.274684240963733],[77.35350276701462,23.27470200065616],[77.35328877355725,23.275006778895868],[77.3532431112714,23.275331743969392],[77.35321873168901,23.275505239329703],[77.35322394611285,23.275572927352044],[77.35332815819784,23.276925692820143],[77.35334722243014,23.277457586353883],[77.35335258573572,23.277732150570582],[77.35337009265488,23.278628299919905],[77.35336876011068,23.278731388889618],[77.35337028233715,23.278750103764438],[77.35338112467807,23.27931434161714],[77.35341541860674,23.279707067784077],[77.35343643783091,23.280028992573452],[77.3534692720275,23.28004662128614],[77.35353409667225,23.280081426259617],[77.35376598417317,23.280188076217506],[77.35421986118499,23.280400476246527],[77.35499831055897,23.280216611158444],[77.3552012118812,23.280653503151026],[77.35540426893402,23.281107842110824],[77.35548295309367,23.28131851305893],[77.35587637518753,23.28189468470319],[77.35606420225575,23.282206884020205],[77.35613041515327,23.28228272893098],[77.35620380335521,23.282366790857633],[77.35644747140644,23.282643454999103],[77.35644479938463,23.282649944199953],[77.3564297027221,23.282686605436176],[77.35669875316748,23.282937886871835],[77.3567502754505,23.28289323509292],[77.3567748992148,23.28287189380307],[77.35712009498523,23.283092716951757],[77.35728507794539,23.28320947497537],[77.35731553568358,23.28326277744748],[77.35728809781959,23.283321573804553],[77.35728000211034,23.28333892324684],[77.35737391499079,23.283435374757012],[77.35757950991939,23.283638431449127],[77.35769944015311,23.28374235593575],[77.3576629003461,23.283775243105506],[77.35358442367924,23.287445901274324],[77.35342403768753,23.28730885195442],[77.35315181677099,23.28698377220111],[77.35297516203997,23.28678319398795],[77.35265411944971,23.286691304578547],[77.35245584000965,23.28662223599561],[77.35221768689036,23.286529726918],[77.35217584671445,23.286513474269878],[77.35221522157535,23.28641306800277],[77.35233531603775,23.286176816839806],[77.35244931618593,23.285966626750913],[77.35244264194968,23.285967743238402],[77.3521802286388,23.28604437831086],[77.3521962573606,23.28600171935368],[77.35219504228763,23.286001954878135],[77.35223001317837,23.28591186993569],[77.3524068492061,23.285456345334293],[77.35240741651229,23.285453138818326],[77.35245556061962,23.28532920925776],[77.35248758223504,23.2850007246661],[77.3524883267825,23.284996523178712],[77.3525289634359,23.284684909823255],[77.35235430596305,23.28431277558249],[77.35225000408808,23.28407371258463],[77.35225004963307,23.284073417819783],[77.35223934599935,23.284049951296545],[77.35223596155271,23.283628970819787],[77.35225915578779,23.283510423275843],[77.35227290091206,23.283442557873887],[77.35230039036684,23.2834081958873],[77.35235919418729,23.28337540008103],[77.3524275082393,23.283314093238797],[77.35258515464507,23.282888446916395],[77.35221719130412,23.28285552517921],[77.35205772114166,23.282812212806327],[77.35154584544289,23.28278858669608],[77.35148875054617,23.28265077465931],[77.3514307782053,23.282425317129334],[77.35141753429228,23.282369425806912],[77.35138505908611,23.28223237328656],[77.35141953727941,23.281994332296172],[77.35141203543573,23.281909305234958],[77.35136702066504,23.281803021644475],[77.35131325371108,23.28172424710194],[77.35122322644476,23.28152918587122],[77.35120696992975,23.281349129813346],[77.35116070608748,23.28111655674014],[77.35112569524586,23.280915243659805],[77.35108728092194,23.280804820203816],[77.35110352292224,23.280790138641745],[77.35115998423262,23.280741197614756],[77.35146081961918,23.280480430978],[77.35153101393776,23.280283502682895],[77.35159467194622,23.28012182601197],[77.35160216519128,23.280078755031195],[77.35161896743367,23.27998217682876],[77.35171545824547,23.27977336374213],[77.35178928107304,23.27970481468047],[77.35180246331294,23.279644174658227],[77.35179982703421,23.279609899887173],[77.3517919173796,23.27956771558516],[77.35177873398573,23.279554533367342],[77.35173918744009,23.279557169785722],[77.35169277938226,23.27955789012247],[77.35133168129417,23.279567716382534],[77.35118338927627,23.279555645546278],[77.35110494020128,23.27954925966225],[77.35097047813485,23.279496529921918],[77.35080038991563,23.279431072783016],[77.35079928329114,23.27943091688984],[77.35028418190728,23.27969014588857],[77.3497291175838,23.279962688235813],[77.34803557522491,23.280774710955445],[77.34653955025165,23.281498947604685],[77.3457604467442,23.2818756973686],[77.34561413705833,23.28195250985703],[77.34527030675757,23.282171976365635],[77.34450651452286,23.282593897005306],[77.34440110706689,23.282646866772325],[77.34402561777038,23.28285178504756],[77.34262677015997,23.283615187564752],[77.34148875588147,23.28423340275893],[77.34336247737367,23.285056647131615],[77.34377827539869,23.285228522676757],[77.34429586844794,23.285442477596394],[77.3440893827762,23.285939333189432],[77.34392159549337,23.286333261254754],[77.34375069948281,23.286778625288743],[77.34375167589816,23.286880623033536],[77.34398498131212,23.2869837848648],[77.3455852228059,23.28753259033681],[77.34705889342894,23.288082543689978],[77.34794842030202,23.28839100860369],[77.34835731615034,23.288502200110827],[77.3496772602006,23.288825012711552],[77.35073536686292,23.289072502338104],[77.35163607370399,23.289272762251358],[77.35172891069391,23.289528026337674],[77.35249767922231,23.29070877269327],[77.35272717116948,23.291061248851626],[77.35376751661192,23.292618429653068],[77.35448919754835,23.293751234187912],[77.3546418529277,23.294190819907616],[77.35471090680322,23.29444160478564],[77.35470627911221,23.294552573186035],[77.35462773263562,23.295144060635444],[77.35453698472557,23.29541386835841],[77.35442014775076,23.29571425068263],[77.35402329089997,23.296283949915427],[77.3533912193918,23.29726064706458],[77.35337542025275,23.297285909886412],[77.35337509824062,23.297286423931112],[77.3533877976555,23.297292579047085],[77.35341195362852,23.297305595295793],[77.35405088052447,23.297649872802147],[77.35495117518747,23.298113732343896],[77.35629294519335,23.29881863054654],[77.35744103714852,23.299377237645864],[77.35798141031758,23.299653320122683],[77.35877535564578,23.300058956375707],[77.35882278933344,23.300083190238464],[77.36018006035107,23.300757290976833],[77.36122683482608,23.30119033180546],[77.3615913858118,23.30129955971872],[77.36205864724776,23.30143956405332],[77.36260613670635,23.3014917860428],[77.3630711529681,23.301536140999733],[77.36453129872018,23.301478794701463],[77.36456142520946,23.30281942905709]]]},"properties":{"zoneNumber":1,"zoneOfficerName":"Mr. Awadh Narayan Macoriya","zoneOfficerMobile":"9424499901"}},{"type":"Feature","geometry":{"type":"Polygon","coordinates":[[[77.44863772233893,23.32316506059647],[77.44866345780308,23.323674935635026],[77.4485020949344,23.32378251230889],[77.44842838523148,23.323798448888493],[77.44826702068627,23.32382633930625],[77.44826149014965,23.324286834760827],[77.4482614901458,23.324590323825188],[77.44823552342405,23.32460006224441],[77.44809757350167,23.324600062412024],[77.44799813998384,23.324566769693046],[77.44790783466397,23.32450819421304],[77.4478639026749,23.324476464740233],[77.44784437845254,23.324452057742842],[77.44773698802271,23.324349550271943],[77.447614954324,23.324286091965053],[77.44752464910988,23.32416894005368],[77.44740261621341,23.323900466377438],[77.4474050555989,23.323783313445702],[77.44743434399236,23.323444059575316],[77.44737332824496,23.32321219543498],[77.44729522639439,23.323095043014163],[77.44715801373258,23.323048784726968],[77.44711730607646,23.323061370227922],[77.44708399311722,23.323080405597366],[77.44706495778118,23.32309468225101],[77.44704116344963,23.323144650822158],[77.44703164519115,23.323166066305767],[77.44700071246983,23.323216035211843],[77.44698167690275,23.323261244678445],[77.44695550341939,23.32332549002568],[77.44692456956234,23.323370700101094],[77.44687697957393,23.32342304838507],[77.44683414989349,23.323453981344674],[77.44678418066415,23.323480154895442],[77.44674848860215,23.323480154737275],[77.44672469488043,23.323477776321358],[77.44666758758486,23.323477776220628],[77.44660572232164,23.323477776258393],[77.44658502576587,23.323479290120275],[77.44650816410031,23.323484913553447],[77.44645343629013,23.323487292715487],[77.44641043335074,23.323494266570812],[77.44636539614451,23.323501569635216],[77.4461920640798,23.323512998785468],[77.4461588648264,23.323515846858577],[77.44613458858247,23.32351584710279],[77.44603465115635,23.323539642136407],[77.44597040562341,23.323558676772006],[77.44592757465833,23.323587231050578],[77.44590378132793,23.323613405002245],[77.44587284780563,23.323649097141182],[77.44586332955402,23.32368716786826],[77.44586333017297,23.323722859604885],[77.4458823658927,23.323768070207343],[77.44593233399328,23.323822797387933],[77.44597278494155,23.32386324819038],[77.44598230334391,23.32394176964975],[77.4459823026373,23.32400363630921],[77.44597992430643,23.324060744066117],[77.44597040605291,23.32409643535111],[77.44595612892992,23.324136885733257],[77.44592757515896,23.32418685540136],[77.44588950442181,23.324246340529637],[77.4458443842362,23.32428165274131],[77.44583477611076,23.32428917204321],[77.44582088582882,23.3242923021277],[77.44566583494627,23.32432724288571],[77.44543978560269,23.32434627930145],[77.44515662975785,23.32433676131425],[77.44503765655524,23.324298689848156],[77.44490678740507,23.324217788411055],[77.44486395611771,23.324179716854697],[77.4448354027154,23.3241345072645],[77.44481398783877,23.324094056328057],[77.44478781416937,23.324075019745933],[77.44474974245523,23.324084537964644],[77.44470691169455,23.324086917969986],[77.4446688414059,23.32404884606592],[77.44466791732755,23.324039148890307],[77.44466408198636,23.3239988776613],[77.44467426593931,23.323971151988736],[77.4447069116812,23.32388228382907],[77.44476164027326,23.323822797369534],[77.44478543401155,23.323708582747184],[77.44469739443659,23.323630060843207],[77.44462125097034,23.323618164234947],[77.44461017069271,23.3236127911329],[77.44454272869936,23.32358009180458],[77.44448562187556,23.32353488297149],[77.44445706888209,23.32350394997226],[77.44441838686909,23.32342379279366],[77.44440947868014,23.323412339662042],[77.44435951061618,23.323409960758134],[77.44431905957174,23.323426617266087],[77.44428476933696,23.32343403114144],[77.44423101986524,23.323445652775238],[77.44420236133094,23.3234403463054],[77.44416677391284,23.323433756446526],[77.44409301084121,23.323417098706045],[77.44405018118617,23.323398064183337],[77.44401210941643,23.323381407238625],[77.44397641721646,23.323379027863975],[77.44392644909398,23.323390924675152],[77.44389789534564,23.323407580764638],[77.44389432564662,23.323407580886588],[77.44389075691505,23.32340758095595],[77.44381223505273,23.32343613471662],[77.44373600904288,23.323435416775187],[77.44370277894608,23.323433756312394],[77.44362187843083,23.323455170724902],[77.44358380573848,23.323455170836144],[77.44351956065091,23.323450411659522],[77.44344579769069,23.32341709914278],[77.44338155174249,23.32336950963766],[77.44330778885478,23.32333381756922],[77.44326733783183,23.323300506010533],[77.44319595446021,23.323269572741054],[77.44314836488353,23.32326005503228],[77.44302939207805,23.323212466442815],[77.44301635344101,23.323212931188195],[77.4429627665089,23.323214844594716],[77.44286283005688,23.323241018813324],[77.44272006194996,23.323264814379222],[77.44261536579707,23.323248158216003],[77.44246783922588,23.323195808925284],[77.44241159882442,23.323151968642737],[77.44228855034449,23.323066920924624],[77.44222037535982,23.323000693886552],[77.4421876580073,23.322979873567792],[77.44216802720182,23.32296738121407],[77.44213233469176,23.322915032583033],[77.44211567924062,23.322848407698693],[77.44215375003228,23.32270088206366],[77.44219182213199,23.322517662581603],[77.44216088945328,23.322422485216414],[77.4421201321044,23.32239033116562],[77.4420966433613,23.322379653891346],[77.44201336240924,23.322348720947947],[77.44191104524015,23.322348721274246],[77.44180396958397,23.322317787578125],[77.44164216585092,23.32225592215608],[77.44155888474437,23.322191677258488],[77.4415191720164,23.322159184787782],[77.44145418889698,23.322106016326345],[77.44141410821466,23.32208051094948],[77.44134949180692,23.322039391116864],[77.44130666165178,23.321984663600066],[77.44129000574188,23.32192517694395],[77.44127096969557,23.321856173350977],[77.44123051931764,23.321832377977152],[77.44116151502038,23.32182761943096],[77.44107585442087,23.321863311048602],[77.44094744705042,23.32191865895889],[77.44093784591409,23.321922797559385],[77.44077604191799,23.32197038673997],[77.44068800165601,23.32200369873076],[77.44062613632033,23.3220084577968],[77.4405309577674,23.32200131957388],[77.44044529700393,23.321998941125194],[77.44036439574313,23.32197276606039],[77.44032394456562,23.321946591879264],[77.4402446045252,23.32186610708745],[77.44023352462163,23.321856172760445],[77.44018831499001,23.321818102024057],[77.44014310569851,23.32176813297913],[77.4400764807367,23.32170388705309],[77.44005744516812,23.321670575254494],[77.44001461511716,23.32163250443892],[77.43994071365532,23.32159503544795],[77.4398813646503,23.32158729405468],[77.43984909951583,23.321578928675724],[77.43981711972404,23.32157063836067],[77.43975763287864,23.32157539619563],[77.43966245489212,23.321584913648465],[77.4396029676173,23.32160395010398],[77.43956727572876,23.321627744685646],[77.43953396417508,23.32165391870511],[77.43951016876638,23.321699127789827],[77.43948637367897,23.321763373574722],[77.43946495896913,23.321803825445347],[77.43944830300988,23.32187282929338],[77.43943878541577,23.321918039303966],[77.43943402565768,23.321965627983015],[77.43941284365208,23.32207624928325],[77.43941261118557,23.32207746328946],[77.43940547283638,23.322127431390083],[77.43936978072246,23.32217977971941],[77.43933884838636,23.32218215898283],[77.4393126744711,23.322172640903933],[77.4392722226003,23.32214170838279],[77.4392579457347,23.322115534030498],[77.43924842756475,23.322096498155826],[77.43922701306971,23.322075082667315],[77.43918894183233,23.322091739644435],[77.43917466521563,23.322110775367268],[77.43910328123668,23.32210125693375],[77.43905331326364,23.322075083129096],[77.43899382605474,23.322058427218213],[77.43896051373876,23.32204890900762],[77.43893196003872,23.322025114863738],[77.43887723222414,23.32197276581462],[77.43884867923265,23.321956110050508],[77.43878681260529,23.321939454014675],[77.43875862589682,23.321939454448543],[77.43872970618183,23.32193945429577],[77.43871252461626,23.321939453930685],[77.43866546029456,23.321939453640542],[77.43859883594475,23.321939453773695],[77.43855362602288,23.32193707468329],[77.43852745207187,23.321929935927677],[77.43848462067915,23.321906142453663],[77.43848652115504,23.321897909314348],[77.43842161231994,23.32189403369878],[77.43833261477056,23.321901059786633],[77.43826938039042,23.32190574422687],[77.43822956456457,23.321912771471762],[77.43821419315661,23.321919816686496],[77.43819677682934,23.32192213944427],[77.43818889512723,23.321931410697314],[77.43815696317492,23.32196897941568],[77.43812015570282,23.32198641395307],[77.43811246357693,23.321990057044808],[77.43808201810553,23.321992398877466],[77.4380113382121,23.321992943301954],[77.4378946547191,23.321976004883986],[77.4377986317735,23.32196429518222],[77.43774008218901,23.32194555894278],[77.43767684666716,23.321922139459325],[77.43762532162259,23.321896375907734],[77.43756443002145,23.321847193724622],[77.43749416898717,23.3218144050558],[77.43744498587225,23.321812062706385],[77.43741219779592,23.321830799649657],[77.43738633663706,23.321873307198683],[77.43734737308918,23.321937351741493],[77.43732106466335,23.321972765709667],[77.43726038919449,23.32199418164085],[77.43716045052865,23.32201916609285],[77.4370605141226,23.322019165741867],[77.4369784228491,23.322012028191548],[77.43692982190862,23.322016445608366],[77.43689990038179,23.322019165833737],[77.43681424005156,23.322033442609175],[77.43676427116857,23.322061996235806],[77.4367250096057,23.322122673221955],[77.43671202057061,23.32214865101635],[77.43669288714145,23.32218691777652],[77.43664648805242,23.32222974837373],[77.43660365691858,23.322251162810158],[77.43655368892405,23.32227971724643],[77.43641149945857,23.322309449317704],[77.43640006275893,23.322311840289192],[77.43638593722216,23.322311839797358],[77.43633239855039,23.322304700904635],[77.43628242966345,23.322297562948535],[77.43621104562283,23.322269008986424],[77.43617178468888,23.32226543959255],[77.43606471021266,23.322254733393347],[77.4360309605949,23.322249911128022],[77.4359897573171,23.322244025387917],[77.43588981921755,23.322233316675877],[77.43581129715454,23.322215471785455],[77.43579043423333,23.322216420265065],[77.43573277464617,23.322219041419263],[77.43564711412597,23.322244025326423],[77.43555074592781,23.322290425214838],[77.43551917536612,23.32231410315504],[77.4354793622577,23.32234396162306],[77.4353722856891,23.322376085064718],[77.43534526766709,23.322376728006212],[77.43532677719975,23.32237716942631],[77.43522237995141,23.322379653931943],[77.43510816623673,23.322376085359064],[77.4350046595888,23.322333255397048],[77.43499797153945,23.322313190600596],[77.43498681368432,23.3222797169996],[77.43501554741694,23.322237574803484],[77.43504035161746,23.32220119544997],[77.43507579808605,23.322188684002487],[77.43516170395466,23.322158364164245],[77.43523665740294,23.3221048270911],[77.43529376431091,23.322033443225422],[77.43528734131965,23.322017028356],[77.43527197551052,23.32197776160621],[77.43526164146816,23.32195135136848],[77.43517955036847,23.321883536551525],[77.4351402085979,23.321858767366354],[77.43508318189028,23.321822859697736],[77.43493327573174,23.321665815707096],[77.43489832142424,23.32163721687471],[77.434854753524,23.321601570922716],[77.43481549297435,23.32159443185492],[77.43478336966204,23.321605140230062],[77.43477601523641,23.321612493693088],[77.43476532094648,23.321623187761652],[77.43476195461618,23.321626554906317],[77.43475124711942,23.321669384562778],[77.43475838494581,23.321705077321017],[77.4347598056067,23.32171881105927],[77.43476909330026,23.3218085840235],[77.4347583852358,23.321872829193634],[77.4347501303279,23.32188658816885],[77.434716803246,23.321942132957144],[77.4347155549991,23.321944213439654],[77.43464060163838,23.321994181925692],[77.43455137197334,23.32204771996809],[77.43448052516422,23.322073821378527],[77.43442642977455,23.32209375073327],[77.4344157427333,23.322097687842458],[77.43433365242586,23.3220869813243],[77.43429795987986,23.322061996105948],[77.4342408530295,23.321997750919866],[77.43422690660799,23.321987679185234],[77.43417660728588,23.321951350792443],[77.43414425507521,23.32194373928195],[77.43411593084386,23.321937074918626],[77.4340623928045,23.321947782273856],[77.43401956279885,23.321972766139947],[77.43400416271359,23.321974967462925],[77.4339196247396,23.32198704259263],[77.4338161193868,23.321983474259813],[77.43376237394357,23.321949883283438],[77.43373045792988,23.32192993630404],[77.43366621275248,23.321854982749755],[77.43362338268587,23.321797876374934],[77.43361790420387,23.321759524852855],[77.43361624441559,23.321747907398297],[77.43363052097313,23.321694370139813],[77.43365550477043,23.32165153934451],[77.43368049020096,23.321612277713676],[77.43370190502094,23.32153732526542],[77.43369119748276,23.32145880301658],[77.43366978195232,23.321437388356223],[77.43364836724665,23.32140526499049],[77.43364198340524,23.321404353191593],[77.43362864446345,23.321402446698297],[77.43362338344956,23.3214016963759],[77.43356627549703,23.32141597264477],[77.43349376999313,23.321453261250774],[77.4334413542161,23.321480217954093],[77.43335926208415,23.32150520165515],[77.43327717053128,23.321569447995646],[77.4331879414213,23.321519478625724],[77.43315954879874,23.321464586624874],[77.4331344026975,23.321415973046282],[77.43313440283016,23.32128034308963],[77.43316545875416,23.32121240908998],[77.43319150977835,23.321155421900315],[77.43321506438355,23.321129250760006],[77.43332000067825,23.3210126542768],[77.43337710794631,23.320880593667543],[77.43336996956906,23.32073425657791],[77.43331643168294,23.32067001189559],[77.4333090617537,23.32066554482583],[77.43319864864368,23.32059862818923],[77.43308443472372,23.32055579680221],[77.43291311300251,23.3205201063217],[77.43264899286552,23.32040946073169],[77.43254191794668,23.32030238522037],[77.43253277507836,23.320263528395312],[77.43252818379763,23.320244016780048],[77.43252764102765,23.320241708833073],[77.43255262527514,23.320166755747472],[77.43258298138097,23.32013542027866],[77.4326632701043,23.320052540970046],[77.43270610020801,23.31995260404726],[77.43266327045994,23.319874081606276],[77.43235275023387,23.319731313798545],[77.43216001388157,23.319642083799454],[77.43206007719888,23.319674206680773],[77.43197084664524,23.31973488342501],[77.43182807933557,23.319931188907397],[77.43179974573674,23.319996921109006],[77.43173884916217,23.32013820182117],[77.43161392837321,23.32033807669494],[77.43148543671126,23.320441583035738],[77.43143681070332,23.3204639251824],[77.43142918712326,23.32046742796093],[77.43135337667422,23.320502259638367],[77.4312784239391,23.3205165356339],[77.43125679408809,23.32051653607395],[77.4312070395141,23.32051653569152],[77.43112851799785,23.320512966822385],[77.43109639543565,23.320495121125457],[77.43107498030645,23.3204380141507],[77.4310963949801,23.320352353985076],[77.43115707082855,23.320198878425916],[77.43123916332344,23.320077525771026],[77.43132839213571,23.319799128610857],[77.43137836117408,23.319602822971866],[77.43138906892898,23.319367257433633],[77.43145756999799,23.319088162804878],[77.43156038954103,23.318899692721644],[77.43174598822954,23.31864271103157],[77.43187091009862,23.318385729155874],[77.43191017068568,23.318289360631557],[77.4319637409733,23.318228484791234],[77.43198869267336,23.3182001312513],[77.43209933822179,23.318018102088462],[77.43218142857424,23.317853919368396],[77.43229921273416,23.317768258842676],[77.4324348418771,23.317682597586018],[77.43251336427997,23.31755410714197],[77.43257760941044,23.31736494029105],[77.432566902036,23.31720789589022],[77.4326347166539,23.317132942821683],[77.43269929444365,23.31709534067685],[77.43273111118098,23.317006961546625],[77.43272050475727,23.31690444218796],[77.43268515366275,23.316674656863484],[77.43260738016927,23.316342353278266],[77.43261798619366,23.316208016942518],[77.43268161905822,23.316070145905034],[77.43275232153006,23.31591813470423],[77.43283009461979,23.315780263875066],[77.43287251701778,23.31569188472238],[77.43305987966082,23.315476240882948],[77.43312704834393,23.315409072864718],[77.43316946968702,23.315348975230645],[77.43322956676387,23.315242920628528],[77.4332401731423,23.315221710265526],[77.43323663659686,23.315204034166616],[77.43315532899256,23.31519342881525],[77.432621520756,23.315090908982953],[77.43196398279139,23.314981319926815],[77.43193216591192,23.314984855200272],[77.43170945244233,23.314175305356006],[77.43152915927429,23.31363442683546],[77.43147613211515,23.313560189380826],[77.43134533093797,23.31348595037349],[77.43128813392876,23.313472083676395],[77.43111201071561,23.31342938772965],[77.43088576072161,23.313429387585447],[77.43067718729277,23.3134859500924],[77.43060294935032,23.3134930206608],[77.43063476616992,23.313132435234568],[77.43065951155656,23.313104154239827],[77.43065951199979,23.313051127146974],[77.43061355504322,23.313005169693426],[77.43053224617944,23.312952142047802],[77.43049218828654,23.312926201072404],[77.43067430619352,23.31260890379794],[77.43087408997172,23.312308719872057],[77.43097687128832,23.312099278120506],[77.4310759267474,23.311707275960995],[77.43116696878617,23.31123208993037],[77.43120404162633,23.31112924360738],[77.43129045636991,23.31101457890369],[77.43126220456807,23.31097801861596],[77.43113923095488,23.31097303382469],[77.4311234495651,23.31096601960476],[77.43110735851558,23.31095886794886],[77.43109436219946,23.310953091628054],[77.43105447926003,23.31093315005838],[77.43101127218569,23.310914869711382],[77.43097304972093,23.310898252310793],[77.4309265193043,23.31088329627291],[77.43086004738251,23.310876648773284],[77.43072954776405,23.310864391294242],[77.43056922981738,23.310512712425012],[77.43029835513802,23.309974285407552],[77.43018036611043,23.30977320574339],[77.43003991191988,23.309652706851633],[77.42991165163339,23.309280750647197],[77.42974952061049,23.308810570895073],[77.42999936411515,23.30874513581686],[77.42996962117677,23.308661854599688],[77.42990270321141,23.308322121128427],[77.42988821345622,23.308252489781186],[77.4298363721652,23.308003377797128],[77.42978153197794,23.30781559262697],[77.42966044606598,23.30793112460613],[77.4294192566076,23.308161250299545],[77.42910138455922,23.308296586326154],[77.42904394102922,23.30832530823513],[77.42873569662784,23.308408534034015],[77.42854766815657,23.308433193417766],[77.42854382171625,23.308434379897655],[77.42853296101212,23.308291014357867],[77.4284847495039,23.307207879705405],[77.42832083367925,23.307204666076533],[77.42831762031838,23.307060033691506],[77.42817620107651,23.30707289032206],[77.42777444493174,23.307124314607993],[77.42696936597818,23.30716028120518],[77.42692666033776,23.307093147927876],[77.42690296709688,23.306830776861734],[77.42689330497143,23.306723783833817],[77.42688001022852,23.306516056700175],[77.4268783493846,23.306358185236114],[77.42690976511918,23.30635713431955],[77.42732537615268,23.3063432286603],[77.4273453170377,23.3063415670666],[77.4273443163871,23.306261459825055],[77.4273794238426,23.30626007443961],[77.42738558873751,23.306118281846445],[77.42739791917695,23.30610903483376],[77.42748730908238,23.306099787143413],[77.42754587639966,23.30609978713312],[77.42757978214853,23.306068963036136],[77.42764838030641,23.30597286510247],[77.42768977610613,23.305881769929048],[77.42769452583629,23.305870605856484],[77.42773018904354,23.30578679827123],[77.42773726163172,23.30567565907871],[77.42777161402321,23.30557664477201],[77.42781505853598,23.305340224251946],[77.4278221309867,23.30517755779718],[77.42781027295966,23.305022496362987],[77.42787466894873,23.30501893422284],[77.42795347976228,23.305022495770906],[77.42805954917678,23.305022495836443],[77.42804912615706,23.304734281201217],[77.42805231518636,23.30446640090646],[77.42802822082488,23.304062663602757],[77.42802702293453,23.303976373601348],[77.42811690811519,23.303966787063654],[77.42816186504004,23.303975533126128],[77.42820945513758,23.30398981014232],[77.42821204891037,23.30399147809513],[77.42827607969659,23.304032639964362],[77.42834746292975,23.304068331733145],[77.4283546016372,23.304073090645968],[77.42851878521793,23.303956497095456],[77.42872817703035,23.30407309120025],[77.42913268563935,23.30431103661712],[77.42937539087,23.30458705507408],[77.42969423791173,23.304977285595232],[77.42987418145321,23.305164097197455],[77.43017013042432,23.305534079824895],[77.43031289785239,23.3056744675757],[77.43045119221313,23.30568644159057],[77.43060309790285,23.305787470162254],[77.43064345825472,23.305809380337895],[77.43065397632006,23.305815089324856],[77.43066476555411,23.305815666871197],[77.43073538036228,23.30581945023134],[77.43082696040335,23.30580782087351],[77.4308603942804,23.305810002285213],[77.43087493042461,23.305815089249233],[77.43090545683158,23.30582235840351],[77.43093961694562,23.305828899050677],[77.43097014409688,23.30584125531171],[77.43101884079931,23.30585869894227],[77.43106535833844,23.305885591243328],[77.43109721964716,23.305901775299386],[77.43116856581962,23.30592774668458],[77.4311983393188,23.305929731803154],[77.43121217616817,23.30593065436832],[77.43126378006559,23.305930653584024],[77.43130302897826,23.305933560806874],[77.43134954527342,23.30595463878888],[77.43139242831067,23.305977170568315],[77.43146387754238,23.306022434950496],[77.43153125078304,23.30606511561348],[77.43163446023894,23.3061029114245],[77.43171359185817,23.306125201696208],[77.43174323583462,23.306130129988325],[77.4317479685373,23.306130917209416],[77.43181677906172,23.306115993941024],[77.43185988826052,23.306073712611855],[77.43188973292288,23.306067081251378],[77.43189968172632,23.30606708111573],[77.4319280591845,23.306035939832682],[77.43202735343748,23.305926975022658],[77.4320704617108,23.305937751973442],[77.43215562489569,23.30602628305577],[77.43221720072319,23.30609029399325],[77.43226113963375,23.306092780994998],[77.4322731942993,23.306089852404355],[77.43229715919884,23.306084029046136],[77.43234984581913,23.306071226240043],[77.43241699778049,23.30603723642455],[77.43245264582029,23.306018997325772],[77.43248746579411,23.306007391093722],[77.43251896947174,23.30600490424485],[77.43258612001314,23.305994125791628],[77.43263282440034,23.306030451886],[77.43264581133651,23.306040551943962],[77.432654907903,23.306069057802077],[77.43265824644836,23.30607951653388],[77.43266623114918,23.306108795405414],[77.43266819392957,23.30611599432631],[77.43266819424501,23.306134233262938],[77.43265990434283,23.30616159121092],[77.43263669064491,23.30619558096349],[77.4326077520056,23.306222911841225],[77.43259192372314,23.306237861727414],[77.43258114625054,23.306273509668546],[77.43258068715394,23.30627572665997],[77.43257119840855,23.306321593835417],[77.4325579329259,23.306346465300827],[77.43253471958688,23.306361386745458],[77.432384666334,23.306438487096475],[77.4323432141252,23.3064492647014],[77.43225338193557,23.306447055905323],[77.43224207200727,23.306446778357536],[77.43217409135347,23.306458384400194],[77.43216914109226,23.30647731295249],[77.4321599980301,23.306512270747845],[77.43220227829363,23.306563671335685],[77.43223046611345,23.306585226430514],[77.43226528522058,23.306597661839273],[77.43231171080787,23.306598490786758],[77.4324062201898,23.30660097778443],[77.43260933309531,23.306586883565476],[77.43276767782623,23.306580251636873],[77.43281741996842,23.306596832805795],[77.43284678553002,23.306628691898407],[77.4328709988108,23.30665496118969],[77.43290529765744,23.306692170882847],[77.43296581688752,23.3067568357296],[77.43296996239773,23.30682315820564],[77.43296753314426,23.30682779599695],[77.43288788770234,23.306979844851703],[77.43285058175601,23.307046168291713],[77.43284809397191,23.307128241637432],[77.43289452042215,23.307260057583996],[77.43290269482088,23.307278733151232],[77.43297908200465,23.307453223445485],[77.43301970432225,23.30757674761164],[77.4330320202887,23.307748346548298],[77.43303213990482,23.307750015758284],[77.43305203646314,23.307782348376797],[77.43307046785564,23.307795404308752],[77.43307193258295,23.30779644206903],[77.43311006873135,23.30782462862605],[77.43316312685137,23.30785613172548],[77.43321867157368,23.307889294097702],[77.43328830965227,23.307917480673034],[77.43332312993877,23.307929087239717],[77.43349168382883,23.30800088972375],[77.43360914580313,23.308029400241644],[77.43366064838085,23.30804999815396],[77.4336659910883,23.308052670003836],[77.43371418237975,23.308076764641886],[77.4337240434019,23.308138750789944],[77.43370995541655,23.308197920388082],[77.43369305042971,23.3082359571716],[77.43367191921746,23.308313438956688],[77.43367191858162,23.308366973197113],[77.43367790353088,23.308417253979858],[77.43367896217102,23.30842614079555],[77.43370150274694,23.30847967463513],[77.4337775773516,23.308514893549233],[77.43384378890569,23.308545887025428],[77.43389873075418,23.30856560985545],[77.43393395116553,23.308576879850158],[77.4339593086671,23.308585332957456],[77.43402129545416,23.308607872909764],[77.43407060151421,23.30862900476464],[77.43410863859087,23.30864450091137],[77.43411990872833,23.308651545047994],[77.43419316493886,23.308675494150588],[77.43424247203296,23.308717758020354],[77.43424899372013,23.308727771608606],[77.4342787878661,23.30877352804536],[77.43428191808985,23.308778335257934],[77.43428191824951,23.30880087500097],[77.4342819538289,23.30880296297573],[77.43428473634722,23.308962883863536],[77.43429318808296,23.309113623261645],[77.43432840757428,23.309248866287458],[77.43435799213576,23.309281267086373],[77.43438616687268,23.309303807608234],[77.4343878785268,23.309304927003307],[77.43442279492317,23.30932775663357],[77.43444497662207,23.30937211898317],[77.43444533586867,23.30937283828587],[77.43444700788967,23.309374510321394],[77.43447492012676,23.309402422045736],[77.43448742519632,23.309422072208857],[77.43449464298513,23.30943341531563],[77.43452422696215,23.309467226398365],[77.43452944788807,23.30947152490123],[77.43454200920044,23.309481869208792],[77.43454817577604,23.309486949370704],[77.434569307795,23.309495400922593],[77.43463552027508,23.30950103619177],[77.43468623615568,23.309501036316483],[77.4347313172376,23.309516533287308],[77.43473900694363,23.3095216599922],[77.4347566751472,23.3095334381381],[77.43479612089244,23.309634869990255],[77.43483697506746,23.309715169569856],[77.4348524715478,23.309753206653387],[77.43485528888726,23.30978842626837],[77.43483415840306,23.309825054154317],[77.43480175558399,23.309860273936227],[77.43476512824313,23.309889858231006],[77.43471300257995,23.309929303808392],[77.43466498472296,23.309962770760546],[77.43462002419012,23.309994106718214],[77.43446505923826,23.310064545593143],[77.43442983920283,23.310106809054474],[77.4344115252471,23.310133576218448],[77.43441293362983,23.31018006590016],[77.43441634673968,23.310197131803083],[77.43441691877563,23.310199993131874],[77.4344199784313,23.310215285052795],[77.43443970122492,23.310244868904952],[77.43445942444292,23.310270227198966],[77.43446445315587,23.310272813806026],[77.43450873088526,23.31029558516047],[77.43452791183229,23.31030764174582],[77.43455803814248,23.310326577993866],[77.43459325676352,23.310354754413275],[77.43462565945337,23.310391382088007],[77.43464960822462,23.31040265215481],[77.43474540482605,23.310411104768665],[77.43480034710998,23.31042096568057],[77.43483106289978,23.31042499404181],[77.43488628242085,23.310432236257814],[77.43494404220985,23.310444914729132],[77.43496094717493,23.31047449969252],[77.43496164666102,23.31047681527053],[77.43497926232061,23.31053507700136],[77.43497926212824,23.310573113926598],[77.43496658308695,23.310650595842304],[77.43495108572414,23.31071258271374],[77.43495249466669,23.310767525165854],[77.43495828985417,23.310795052188535],[77.43498207854596,23.31119438362017],[77.43496608031516,23.31125996062405],[77.43494823365671,23.311333723975125],[77.43494228524331,23.311399158800807],[77.43493871607652,23.31143604074841],[77.43488993679826,23.31151813332738],[77.43486376304966,23.31154192682122],[77.43483946926793,23.31156050527952],[77.43482331188258,23.311572859842887],[77.4347971379427,23.311619260324512],[77.43480019947198,23.311651093816636],[77.43480308730499,23.311681125654452],[77.43482450237337,23.311765596160036],[77.43483401954397,23.311815565182204],[77.43484710732521,23.311863153927913],[77.43485305594287,23.311894086770454],[77.43486614293256,23.311960712399486],[77.43486087053873,23.311965505239904],[77.43482688226248,23.311996403567097],[77.43480665560828,23.312027336860044],[77.43477334389944,23.31207135745151],[77.43475311767318,23.31210704881166],[77.43473289292488,23.312137981999985],[77.43472456500403,23.312166536365],[77.43471742589998,23.312206985626172],[77.4347126674866,23.312245058145905],[77.43471623737588,23.31227004209478],[77.43473099484736,23.312285442280192],[77.43473739417,23.31229212002619],[77.43473897235124,23.312293765756344],[77.43474009523413,23.312294937673336],[77.43474360009688,23.312298595767853],[77.43479951824875,23.312309302860953],[77.4348363992618,23.312308114219064],[77.43491492242667,23.312308113843276],[77.43496370140885,23.312311682954604],[77.43505823243596,23.31235496181385],[77.43506244786076,23.312356893142766],[77.43510646820859,23.312391395346374],[77.43513978102885,23.31242708672993],[77.43516952420578,23.31247586605059],[77.43519569837905,23.312519886185655],[77.43522068172314,23.31254011138955],[77.43528373806848,23.31256985367904],[77.43533965459756,23.312590080383707],[77.43543007462068,23.312609115346905],[77.43553239213846,23.31262934055725],[77.43565493417492,23.31267336070389],[77.43566937582506,23.312685545757244],[77.43569300525775,23.312705483836467],[77.43574059475665,23.31272451927459],[77.43582744525897,23.312735227396185],[77.4358979980849,23.31272944443396],[77.43590001835102,23.312729278425685],[77.43599400714234,23.312691207251202],[77.4360772883266,23.312654325302294],[77.43612249797316,23.312600787024685],[77.43618436383875,23.312535352033784],[77.43626645540712,23.312479434952436],[77.43636044374246,23.312465157620238],[77.43639499070306,23.312470837312194],[77.43660195887239,23.312487763045105],[77.43660744075657,23.312490192290696],[77.43669594836732,23.312529403369837],[77.43676019358952,23.312565094671875],[77.43682467225024,23.312589827110656],[77.43684704405662,23.31259840822223],[77.436907720006,23.3126210130366],[77.43699813986375,23.312630530866574],[77.43704453885466,23.31263053087244],[77.43712544122769,23.312593649194582],[77.43714634729649,23.31258048464281],[77.43722180947617,23.312532973252747],[77.43728843447374,23.31245088082992],[77.43733245376575,23.31241756881795],[77.43738956076612,23.31233190771291],[77.43741126580866,23.312308467325174],[77.43741930404764,23.3122997848725],[77.43745142704778,23.31227480054968],[77.4374764112714,23.31227361081485],[77.43752637989301,23.312268851841278],[77.43753794207153,23.312272846698413],[77.4375741411145,23.312285351742105],[77.43759181533821,23.31229145742213],[77.43762869704312,23.312316442370328],[77.43765724993797,23.312337856937674],[77.43768223529545,23.312373549072827],[77.43770008107035,23.312431846099308],[77.43772268630887,23.312478244947137],[77.43776432561405,23.3125175060697],[77.43781905383668,23.312553198284196],[77.43786783321283,23.31257699288302],[77.43794516456364,23.312529403147156],[77.43802011778554,23.312465157770802],[77.4380950713893,23.312462778836387],[77.4381700243371,23.31246872718366],[77.4382013939874,23.312472513058637],[77.43823902932748,23.3124770547532],[77.43828423752345,23.312456829735144],[77.43838417600472,23.312358081591505],[77.43847697453677,23.312287887932342],[77.43849579572961,23.31225998114485],[77.43851147743356,23.31223673011341],[77.43854664237558,23.312218310249992],[77.43856144643192,23.312210556383413],[77.43862093218068,23.312203417000564],[77.43885174016663,23.312177242835055],[77.43891598517985,23.312160587339687],[77.43894794129524,23.312144848208934],[77.43899569749605,23.312121326259675],[77.43901400213072,23.312106001117506],[77.43904685557928,23.31207849613686],[77.43907897800887,23.31203923383337],[77.43914084372322,23.31184054921764],[77.43920746859594,23.311690643077803],[77.43924791974798,23.31156453191169],[77.43927647398104,23.311445558857034],[77.43927611446111,23.311442423354162],[77.4392586283606,23.311289703683528],[77.4392669562611,23.311246874261236],[77.43928480218973,23.311204044178783],[77.43930264812661,23.311130280031584],[77.43935618598951,23.310910180034252],[77.43938473944034,23.31078763785842],[77.43939187655216,23.310710306103356],[77.4394228103809,23.31064368069244],[77.43946088214241,23.31060441943804],[77.43949776328121,23.31057348725143],[77.43957271574212,23.310477117818895],[77.43966908490945,23.31035814472755],[77.43971310525939,23.310287951352933],[77.43973689855434,23.310230843773077],[77.43976426319864,23.310173737061454],[77.43980114513973,23.310127338235922],[77.43981423183756,23.310076179026904],[77.43980590363118,23.309976241903243],[77.43981066338281,23.30989652966508],[77.43980828316752,23.309851319681115],[77.43980828337202,23.309729968397033],[77.43981304172799,23.30962765125773],[77.4398534925401,23.30955626722162],[77.43987609766951,23.309513437282263],[77.43989513341316,23.30945513980472],[77.43991892825069,23.309387324552716],[77.44002719393833,23.30928024920561],[77.44008786955538,23.309223141613913],[77.44016282337043,23.309152948080623],[77.44020327387166,23.309098221237633],[77.44021160209466,23.309045873088163],[77.44020089374033,23.308944745406766],[77.44015211507812,23.308841239071082],[77.4401330800051,23.308771045102887],[77.44012356228816,23.30866396870566],[77.44011761272836,23.308531908911352],[77.44011687573435,23.30852811877657],[77.44010095704768,23.308446248435022],[77.44007240269107,23.30839984898263],[77.44006571651781,23.308393162835014],[77.44002481373494,23.30835226013081],[77.43997246600561,23.308238045945032],[77.43995224135939,23.308107175375312],[77.4399546196928,23.308077432117148],[77.43996294777567,23.30798701245976],[77.43996874702209,23.307936107763318],[77.43996056877201,23.30771575362608],[77.43996052068916,23.30771476822442],[77.43994986069671,23.307495654131248],[77.43995581024899,23.307313624763225],[77.43995343001446,23.307149442180954],[77.4399177380506,23.306960275055477],[77.43999600023028,23.30674309260795],[77.44006536865231,23.306512441121143],[77.43976344251075,23.306334619934745],[77.43974627638862,23.30632488800538],[77.43948311370868,23.306175697260695],[77.43933590272508,23.306087370184333],[77.4390399299737,23.305916914100074],[77.43800579627396,23.305378815206236],[77.43777415760903,23.305268379754235],[77.43742333376453,23.30497868436271],[77.43709111376738,23.30469164631067],[77.43679610268065,23.304338164993112],[77.43643199080692,23.303883687750545],[77.43611305980768,23.303413266170672],[77.43565061019234,23.30276211466526],[77.4353688877116,23.302363452343283],[77.4352660395435,23.30219515365205],[77.43473102720804,23.302488366247843],[77.43445165870425,23.30261819046232],[77.43422534069404,23.302288876981105],[77.43411955268735,23.30213372144945],[77.43392208149845,23.302250087720928],[77.4336893470955,23.30241582338668],[77.43347777129586,23.30264855716167],[77.43317451099144,23.302937712264423],[77.43296998660483,23.303297391991524],[77.43296697936384,23.303374597228963],[77.43295940784422,23.303568915941046],[77.43259972816962,23.303695862386636],[77.43087688322923,23.30443284261821],[77.43062919716508,23.304555471071296],[77.43055436157466,23.304384854676634],[77.43036799163221,23.304086885827065],[77.43021398491855,23.30396189639885],[77.4301079664399,23.303860340704244],[77.42996735210555,23.303717493825218],[77.42994838027711,23.30368513014325],[77.42995953982155,23.303654998844586],[77.43000306331732,23.303621518870568],[77.43006109544746,23.303538935784605],[77.43005997940395,23.303447425408635],[77.43001645505593,23.303397204740303],[77.42978387772894,23.30333885264655],[77.42977817107725,23.3033667753328],[77.42976721692322,23.303366349162584],[77.4297133592377,23.303564100776057],[77.42966328098453,23.303625066046095],[77.42957279778706,23.303673482447707],[77.42944109570566,23.30365326831567],[77.42939726025115,23.30363533474852],[77.42936537974676,23.30362935693142],[77.42931206707821,23.303620165343798],[77.42930759570108,23.303619395250696],[77.42926176835549,23.30362138653741],[77.42919601526344,23.303641311595424],[77.42919009168776,23.303643079449596],[77.42908244085656,23.303675185004334],[77.42901071045414,23.303697103106355],[77.42891506824365,23.303715036095365],[77.42886127037228,23.30372300600744],[77.42881344894488,23.303723006262345],[77.42876562881133,23.303705073091603],[77.42872378585662,23.303677178031137],[77.42867397315659,23.30361939495277],[77.42863013742787,23.303557625680913],[77.42859427066837,23.303505819797852],[77.42856438442013,23.303467961787128],[77.42852453331356,23.303459991921642],[77.42846874230678,23.30347194819544],[77.4283272728715,23.30351379134931],[77.42826948855722,23.30352375301538],[77.42823760932984,23.303519767966407],[77.42820174406663,23.303491872715817],[77.42817982610092,23.303452022206763],[77.4281658777353,23.303392245869286],[77.42817384762748,23.30333844820132],[77.42818978788537,23.30328465022716],[77.42820174396722,23.303234837196044],[77.42822166943706,23.303185023911436],[77.42823561608519,23.303133217598756],[77.4282495638397,23.303089381807165],[77.42825477519138,23.30304378478414],[77.42817584059078,23.302910054736273],[77.42808816868619,23.302744675079783],[77.42805031057289,23.30267095144857],[77.42805031056214,23.302649033694582],[77.42806425864197,23.30262910785419],[77.42808816942077,23.30260519794011],[77.42812204186598,23.302577303108755],[77.4281479452577,23.302559370378006],[77.42819377319219,23.302535459938042],[77.4282142514322,23.302525221297678],[77.42828317131062,23.302490761224202],[77.4283053552225,23.30247966902653],[77.42842490678945,23.302447787727118],[77.42847073531271,23.30243583305563],[77.42849804030712,23.30243388299319],[77.42852652611427,23.302431848367853],[77.42860622660442,23.30242587059008],[77.42864009977663,23.30241192279825],[77.42865803187088,23.302401960050076],[77.42866600151469,23.302376056752824],[77.42869707895953,23.30232208291245],[77.42869821369149,23.30232010996687],[77.42870386002468,23.302310304099603],[77.42873574131801,23.30221864842149],[77.42868592794864,23.30208714061569],[77.42867454203049,23.30207497014248],[77.4286581732555,23.302057472141154],[77.42862814423856,23.302025371559857],[77.42861053355506,23.30201604944132],[77.42856281985772,23.30199078884519],[77.42856039817772,23.301989506963277],[77.42851457014798,23.30198950663146],[77.42842689910037,23.30201341706256],[77.4284106513994,23.302025234146576],[77.42838306431136,23.302045297765883],[77.42832583887287,23.302075817156414],[77.4283232878971,23.30207717821003],[77.42821967628971,23.302160863985762],[77.42821756765667,23.302161792248466],[77.42816986256548,23.3021827819344],[77.42803835614751,23.30222263261534],[77.42802045864345,23.30222263333331],[77.42798432961239,23.30222263312305],[77.42797459457236,23.302222633014978],[77.4279347445241,23.30221266974787],[77.4279139498656,23.302182421644254],[77.42791282707533,23.3021807896942],[77.42789688684101,23.302146916588228],[77.4279006852128,23.302122230757096],[77.42790087201209,23.302121013848737],[77.42793873006485,23.302071200714092],[77.42795376567474,23.302059922688088],[77.42797857964896,23.302041312898666],[77.4280124528239,23.302005446605257],[77.4280180474641,23.301984470395062],[77.42802042406281,23.301975558839153],[77.4280204241744,23.301950216150555],[77.42802042394008,23.301937700826624],[77.42799850575219,23.301877924682504],[77.42795865534627,23.301834089582485],[77.42790286395747,23.30180220910464],[77.42785105930301,23.301778299413428],[77.42780323762419,23.301764351123595],[77.42777335006502,23.30174044096642],[77.42778729808369,23.301704575795107],[77.42780921596031,23.301650777021916],[77.42782117105362,23.30159897189017],[77.42782599948936,23.30157161138929],[77.42782714805692,23.301565099219175],[77.42782714787279,23.30153401485037],[77.42782714814949,23.301513293111725],[77.42782303834235,23.301496850912134],[77.42781989569556,23.301484284260685],[77.4278191776024,23.30148141194779],[77.42779026038842,23.30145111671129],[77.42777733461293,23.301437577049875],[77.42776045623155,23.30142163605986],[77.42746193843998,23.301252196597037],[77.42745688087555,23.301248918154215],[77.42744038577793,23.301232545730972],[77.42738082155991,23.301144675225732],[77.427338979196,23.301072943948185],[77.42729115818827,23.300935460204645],[77.4272306526369,23.300749102885796],[77.4272004583535,23.30065610259514],[77.42387540330034,23.30214749001981],[77.42192150224001,23.303014863335424],[77.42135533023695,23.303242703101073],[77.42063513835457,23.303316071328567],[77.41912940629636,23.30339738997231],[77.41900453895364,23.30339402556721],[77.41905110582339,23.302746301781607],[77.41952660233582,23.29613239100581],[77.41951670130764,23.295904131631993],[77.41950270430334,23.295550701016708],[77.41951143497715,23.29542651907386],[77.41947408842724,23.29531821217393],[77.41944421098145,23.29528833413165],[77.41937325097336,23.29525472242854],[77.41894375982376,23.295150150447444],[77.41658049356312,23.29469762944632],[77.41648957988157,23.294658735185845],[77.41648322359623,23.294656015998832],[77.41544435540568,23.294141132934367],[77.4153946731235,23.294114383684768],[77.41411281263493,23.293552169611345],[77.4134826591209,23.293349145218066],[77.41349008993495,23.293289696312407],[77.41352160326602,23.292991373136058],[77.41355272393626,23.292696765208138],[77.41354019700795,23.29243370356488],[77.41424169158878,23.29206625369907],[77.4149348370127,23.291986918007634],[77.41505596079185,23.29195547489726],[77.41500966733858,23.29188698219685],[77.41430358160743,23.290849358651514],[77.41376920693811,23.290151866920567],[77.41251080133632,23.288520538417476],[77.41176260475834,23.28769648416037],[77.41115256564657,23.287035292393423],[77.41102723835591,23.286754034119035],[77.41117462178669,23.286609927300702],[77.41166420272445,23.286505015969375],[77.41192843423588,23.28644839587342],[77.412220086677,23.28637211662681],[77.41239956595712,23.286250968772297],[77.41245340980664,23.28621507277646],[77.41243994907042,23.28615225503038],[77.4127091667169,23.286080463899],[77.41300979362563,23.286040080916656],[77.41330593506538,23.28599969759453],[77.41357963962446,23.285977262587036],[77.41377706697,23.285945854666835],[77.41381676302339,23.285931962107757],[77.41396991635933,23.285878363652436],[77.41470068460319,23.285520188764323],[77.4162227443324,23.287574209577063],[77.41650849228563,23.287963313753018],[77.41651164390476,23.287964081269983],[77.4165138736788,23.287967089883118],[77.41737707989802,23.288205240596326],[77.41792258752234,23.28832955366964],[77.41808008361377,23.288351841203472],[77.41809694721547,23.288349732718054],[77.41817517649237,23.28833995423175],[77.41821764108687,23.288327540806414],[77.41827175273947,23.288311723739856],[77.41849313929359,23.288172057789158],[77.41857566414781,23.288118182086762],[77.41877989966929,23.287984845842775],[77.41932795462819,23.287678267202924],[77.41946783039752,23.287600020955814],[77.42017210436047,23.287194395275804],[77.42101644105364,23.286707441890524],[77.4216257856942,23.28722973804623],[77.4222143028029,23.287370859177123],[77.42244645991913,23.287431515851246],[77.42246546974994,23.287431085818017],[77.42247243672885,23.287432756842296],[77.42324101650243,23.287421700661334],[77.42375198701318,23.28716854627925],[77.42463107053143,23.28673236079346],[77.42406868256609,23.285952742146574],[77.4223965652172,23.283527570874043],[77.42226764822051,23.28335008910342],[77.42196323658689,23.282931002023854],[77.42195880266452,23.282924898419942],[77.42195275506549,23.282915767327914],[77.4211280363505,23.281670521888454],[77.4220634563323,23.281152751183345],[77.42148996802575,23.280264427100683],[77.42109590461679,23.279642890265343],[77.42107325084852,23.279606536246106],[77.42096191958981,23.279423052843676],[77.42116508081419,23.279298766306084],[77.421616816669,23.279028680732903],[77.42204465135394,23.278775325591422],[77.42220718037794,23.278923514640155],[77.42248035606829,23.279204845149017],[77.42276316362107,23.279472849120882],[77.42317936858784,23.279319034336734],[77.42398765173864,23.27897521343793],[77.42430518354656,23.278802640836155],[77.42477657623938,23.278641479043937],[77.42511358499843,23.27848611969476],[77.42558444132807,23.27830207999324],[77.42551806327607,23.278161615734632],[77.42526944374595,23.277630084947674],[77.42491355821117,23.27695450509316],[77.42468252355772,23.276486756284754],[77.4245456076637,23.276209557577975],[77.42509451666064,23.276272894231415],[77.4255650099354,23.276351309203505],[77.42665076305214,23.276634810575707],[77.42733840678349,23.276848946453303],[77.42792652343154,23.277057048577333],[77.42826831781902,23.277169950134642],[77.42859305496303,23.27727721517904],[77.42899116384777,23.277391822617442],[77.42898790978201,23.277367864714623],[77.42888258904249,23.276592588306915],[77.42875893357568,23.275880816243884],[77.42882226925343,23.27560334577057],[77.42895605517987,23.2754930296877],[77.42904444660435,23.275437035320497],[77.42908339639104,23.27541236132167],[77.42916330594664,23.275447877254646],[77.42924765744215,23.275483393094184],[77.42930093021312,23.275505590688038],[77.42936308294418,23.27552778838102],[77.42943411458747,23.275541105667504],[77.42958061804951,23.275558864108884],[77.42961306233775,23.275558864181058],[77.4296827256844,23.27555886417309],[77.42982035010039,23.27555886381919],[77.42997573241529,23.275558863621097],[77.43009559789758,23.275558863688374],[77.43023766208282,23.275518909103347],[77.43030249800523,23.275496680436078],[77.43039304396093,23.275465635162846],[77.43050403097723,23.275412361445408],[77.43053281980912,23.275402434156923],[77.43063277576017,23.27536796572682],[77.43076152140006,23.275305814194173],[77.43084382691322,23.275237225147865],[77.43089470637203,23.275194827357442],[77.4309790562327,23.275159310595562],[77.4310302083321,23.27513373470933],[77.43104120933842,23.27512823426536],[77.43111668030794,23.27510159698471],[77.43118771158136,23.2751015967308],[77.43132533614605,23.275101596904776],[77.43136973078117,23.2751060370556],[77.43141856481652,23.275074959637188],[77.43149403556141,23.275035005464506],[77.43154730952463,23.275003928919684],[77.43156969437561,23.274961958588055],[77.43158282617158,23.274937336435254],[77.43160946255806,23.274910700458197],[77.43167161611404,23.274866305378296],[77.43184919467191,23.2747952729937],[77.43198237963458,23.274724241110075],[77.43207503805861,23.274690547023337],[77.43208004758763,23.274688724843923],[77.43208757941662,23.27468495957218],[77.43215107989515,23.274653209281233],[77.43218215618225,23.274639890855866],[77.4321955059122,23.274615861177455],[77.43219425909662,23.274602978628657],[77.4321267879552,23.27437264387711],[77.43211564690183,23.27415162597235],[77.43208772786784,23.27376696984067],[77.4320359594459,23.273651601103246],[77.43189265551837,23.2735186256266],[77.43181002982699,23.27328753266783],[77.43167318233672,23.27302803783766],[77.43160346712905,23.272892480969748],[77.431554434605,23.272709305192297],[77.43153504303031,23.272636860102754],[77.43147408466596,23.272589333138548],[77.431458872923,23.272577473420125],[77.43123423647826,23.272339925383044],[77.43110513360898,23.272236643873807],[77.43092289703227,23.272114005840127],[77.43089986173158,23.272098505208632],[77.43088763114642,23.272087346604273],[77.43082627361304,23.27203137186888],[77.43075397672254,23.271895815021523],[77.43074106563886,23.271743473598974],[77.43075139518686,23.271329057176697],[77.4307875428042,23.271012756869883],[77.4307552682923,23.270928841225608],[77.43075625905485,23.27089367436343],[77.43075785036352,23.2708371787885],[77.43082111017449,23.27070033132309],[77.43098971239814,23.270573415064735],[77.43126513877766,23.27036237658177],[77.4315228590685,23.270072920866696],[77.43190834610961,23.269375977642113],[77.43224581222434,23.268805708825894],[77.43255315353882,23.268278677060863],[77.43266249154698,23.26800707746003],[77.4328395055945,23.267675643229833],[77.43321842295265,23.267262774673586],[77.43346946875114,23.267014853231306],[77.43364273776598,23.267009888585704],[77.43461877618854,23.266968290574983],[77.43587927084086,23.266940900381677],[77.43741788069582,23.266907451237618],[77.43742174701198,23.26690762294857],[77.43825723960124,23.26686658482424],[77.43982420726392,23.266726437116457],[77.4400159980192,23.266711475186227],[77.44096902026367,23.266637127661404],[77.44244644196634,23.266550583718598],[77.44242105700611,23.26611513438458],[77.4424088855149,23.26590635685602],[77.44239340437701,23.265909453009833],[77.44179887836377,23.26593112923738],[77.44054154745352,23.26599339359178],[77.4405887273462,23.265389303034297],[77.44066497006085,23.26494804405402],[77.44066581708485,23.264943147827896],[77.44070713711436,23.264943821091787],[77.44137600255596,23.264954711100835],[77.44138710970861,23.264875707823183],[77.44154567717153,23.263448823865186],[77.44155280952353,23.26339174861282],[77.44155201877027,23.263391750199965],[77.44155315790128,23.26338150188458],[77.44119260404433,23.263395923802747],[77.44119121631509,23.26336643426],[77.44118965691872,23.263333305944215],[77.44118652556912,23.263266774751123],[77.44146153694818,23.263134587883734],[77.44206113698039,23.262971061413456],[77.44211877598704,23.262955341101396],[77.44213007257164,23.262952260125967],[77.44251751907211,23.26284894087048],[77.44282280200723,23.26277660487043],[77.44289433049681,23.262084684290908],[77.44369505293933,23.26219104199642],[77.44434339530977,23.26228809110549],[77.44442588319963,23.262300437695536],[77.44479357759745,23.26237185000157],[77.4448718624609,23.262294400964073],[77.44528900578847,23.26188170317252],[77.44565047463891,23.261524086638495],[77.44595281518623,23.26108220503755],[77.44607574413351,23.260749963106274],[77.44612557972737,23.260447623396683],[77.4460999146631,23.260314769199475],[77.44607874220473,23.26020516458961],[77.44606909897142,23.260155251141263],[77.44585978736662,23.259623664304524],[77.44533788961047,23.25867672830282],[77.44520151678456,23.258419952336997],[77.44500773952507,23.258055092890057],[77.44499443210367,23.258011783579175],[77.44483381888632,23.257489112877142],[77.44483225484828,23.257484022744567],[77.44471030835204,23.256886183166703],[77.44469441232913,23.256486149428543],[77.44469246192743,23.256437059834358],[77.44470435891805,23.25586004063255],[77.44468651337199,23.255547736391467],[77.4445096135899,23.255176246348622],[77.44445365294196,23.255058727079927],[77.4445243797329,23.255000860399047],[77.44464210552519,23.254904537697204],[77.44465531743386,23.254893591572753],[77.44542925425908,23.255089385845938],[77.44551379933334,23.2550778800381],[77.44559710927119,23.255080015669034],[77.44576847854238,23.255116808028465],[77.4457802867505,23.255082840213685],[77.44587730222473,23.254818024347657],[77.44575468086984,23.25475859377931],[77.44552209726845,23.2546458692009],[77.4452702841021,23.254523823581657],[77.44499214717854,23.254475002236735],[77.44455454217889,23.25439818877408],[77.44455644639612,23.254097424630018],[77.44456427881562,23.254038698041104],[77.44465559003599,23.253340893068376],[77.444673037858,23.25295307177116],[77.44467323788575,23.25294929634414],[77.4446725626763,23.252924826752174],[77.44577092310459,23.252865816216353],[77.44667306214644,23.252847073631287],[77.44714529898111,23.252837262682352],[77.44751520654546,23.25281193583505],[77.4482017796501,23.252764927463733],[77.44903363994896,23.252625966416797],[77.45003540804083,23.252470540664508],[77.456213874085,23.251503426193693],[77.4578855666406,23.26752834391152],[77.45839845490119,23.267522274355912],[77.45859257478189,23.267515580151063],[77.45859462081663,23.26752990134933],[77.45864277897954,23.267867004766988],[77.45870840213945,23.267861732094275],[77.45901763154944,23.26783688304261],[77.45901992261153,23.267849364703064],[77.45909512917613,23.268259106098487],[77.45871117216342,23.268406154177537],[77.45865951345483,23.268425937612015],[77.45865194658309,23.268426947236108],[77.4587107699215,23.268792269803704],[77.45864703820025,23.26878891575549],[77.4586608005309,23.26952038485059],[77.45867089271546,23.269606825034458],[77.45894990582394,23.269609614628592],[77.45896775154962,23.269848751267638],[77.45905341269199,23.2698558893875],[77.4590712592417,23.270066471623117],[77.4587271500878,23.270088671899902],[77.45874289254111,23.270223516229393],[77.45888209126517,23.270619696138],[77.45891421396355,23.27086954043938],[77.45900701313457,23.271115813624906],[77.45902842833863,23.271283566118694],[77.4591023185798,23.271484293048854],[77.45946276999437,23.271933490879054],[77.46027606730387,23.272897399223677],[77.46122993413248,23.274021957913384],[77.46284094365842,23.27496846308743],[77.46288167517713,23.274929216198828],[77.46299830783656,23.2748151458564],[77.46311149816268,23.2747044442137],[77.46310180899707,23.274694495627767],[77.46304991344034,23.274641216837317],[77.4629510873399,23.274539755135706],[77.4628884240641,23.274475420772344],[77.46253379364903,23.273625734369997],[77.46248621554022,23.273511739737074],[77.46247446664792,23.27348358885758],[77.46284026520085,23.273293210788296],[77.46283210639085,23.27302396225957],[77.46277799589075,23.272529241968254],[77.46277627925481,23.27251355109848],[77.46277499169325,23.27250178160593],[77.46281034796198,23.27250586158403],[77.46287249314886,23.272519043870297],[77.46294497295709,23.272534418884234],[77.46297391594975,23.272514027057134],[77.4630048056103,23.27249226360407],[77.46305919942738,23.272482744740827],[77.46306238324837,23.27248349073329],[77.4633202887849,23.272543938311735],[77.4633389331463,23.272494016911388],[77.46341673993896,23.2721859031751],[77.46374867501213,23.270768934244092],[77.46384147412788,23.27037989192861],[77.46393070388928,23.269259165980074],[77.46393076701135,23.268402877225917],[77.46391130200355,23.26809143485657],[77.4639108022832,23.26808342921199],[77.46375773309235,23.268035511875546],[77.46320003057055,23.267886436896433],[77.46317182285566,23.267888693260844],[77.46303365170976,23.267899746660465],[77.4626330121943,23.267988925611206],[77.462656969848,23.267915719276672],[77.46272751482363,23.267767975457346],[77.46279140418974,23.267690775227123],[77.4629790802199,23.267495113938725],[77.46334777503674,23.267017272942873],[77.46386578805782,23.26635175778083],[77.46392364803516,23.266353885881063],[77.4643518382638,23.266322154379],[77.46435542886805,23.266321243934517],[77.46448403544204,23.266288663946945],[77.4646933407577,23.266171180941214],[77.46451056216422,23.265878376323418],[77.4644981829837,23.26562725166189],[77.46441999018111,23.265295820071103],[77.46435413529498,23.26508305699366],[77.46432711779708,23.26479768521355],[77.46434802845711,23.264755863845526],[77.4643603474027,23.264731225539705],[77.46437777622087,23.26469637003907],[77.46442261230277,23.264672310920776],[77.46444700834782,23.264659220931158],[77.46454494639836,23.26463220323621],[77.464685099069,23.264630515142635],[77.46476952947772,23.26461194010774],[77.46489460378301,23.264493741281687],[77.46448414971643,23.261816998908845],[77.46445206338768,23.26166040709959],[77.4644972849066,23.26165942687964],[77.46465234329294,23.261644194177556],[77.46565916007506,23.26155188779442],[77.46595080155285,23.261392879281505],[77.46609058418485,23.261362043678606],[77.46611627874555,23.261330181837295],[77.46618308712044,23.261292153769535],[77.46624989362012,23.261262346796183],[77.46638967621595,23.261157511115005],[77.4665263736997,23.261059868901242],[77.46666410073642,23.260970449966443],[77.46691017958369,23.260874037879702],[77.46700899825491,23.2611296009654],[77.46716303326392,23.26155409256307],[77.46730737660273,23.26199920379874],[77.4673122643316,23.26200064073631],[77.46731250575002,23.26200220816819],[77.46731960041855,23.26200279813947],[77.46811929965806,23.262237951733475],[77.46852018776376,23.262356557734932],[77.46855213287184,23.262363620311998],[77.46848341459874,23.262787378176064],[77.46841095588213,23.26299427494022],[77.46825578898044,23.2634373298761],[77.46844476162154,23.263629166215274],[77.46845574593296,23.263619565722557],[77.46862657611922,23.26347025665963],[77.4690259959778,23.263173912700996],[77.46960168893433,23.262760703104053],[77.46987127590847,23.263193886181863],[77.47009133280048,23.263578983954925],[77.47019657734847,23.263873189213705],[77.47031378134508,23.264289381793354],[77.47036640319571,23.26454770880065],[77.47031138875501,23.26462425002348],[77.47029703696482,23.265234188702955],[77.47028746962731,23.265557096697737],[77.47099547646378,23.265392055238138],[77.47103627993363,23.26537675368966],[77.4711294233153,23.26534182539038],[77.47144237103336,23.26546484606631],[77.47169385361451,23.265121325589966],[77.47171992542522,23.26508632527442],[77.47177179664774,23.265019071990615],[77.47177281139355,23.26501775813681],[77.4725024177527,23.265646956451643],[77.4740039538333,23.266870925439616],[77.47758300099079,23.269781626905175],[77.47853339915093,23.270660849753767],[77.4786478092039,23.270881780166672],[77.47862028090555,23.27116006957207],[77.47856044200252,23.271939445310373],[77.47864324326403,23.271980710774052],[77.4793317462859,23.272288674688877],[77.47995410681706,23.272589083306777],[77.4804696521172,23.272888327338215],[77.4792965317482,23.27414868937505],[77.4794529315455,23.274701322054625],[77.479492193325,23.27489100576937],[77.47956476593872,23.27510396826547],[77.47974084676703,23.27545136898745],[77.47984911211307,23.275673848210353],[77.47991692661222,23.275901086874008],[77.48000020811021,23.275911794765634],[77.48011791572728,23.275911794587394],[77.48012393998405,23.275911794770966],[77.48042018296032,23.275847549243593],[77.4808627616774,23.27576069887447],[77.48131366980559,23.275688124991145],[77.48146357553829,23.275670278873097],[77.48168248700168,23.275652432798484],[77.48170748539243,23.275653726262327],[77.4817514905629,23.27565600288641],[77.48180502922352,23.27567860739031],[77.48189187915662,23.275709540169895],[77.48194361284855,23.275746381410556],[77.48197040168917,23.27576545780659],[77.48214291233177,23.275939158402284],[77.48245462169658,23.27625086800301],[77.48271160416328,23.2765316443732],[77.48292694516279,23.276776728600893],[77.4830007075324,23.27690878872085],[77.48302569301552,23.277000398303514],[77.48304353787876,23.277115802212442],[77.48307090201024,23.277270466646957],[77.48310183466924,23.277415614163825],[77.48313633664478,23.277494135806876],[77.48321209014736,23.27763416460783],[77.48326198645178,23.277711569929288],[77.48321142326371,23.277726442252092],[77.48312219269019,23.277744288119674],[77.48303593708512,23.277771056931527],[77.482985374055,23.277797825567397],[77.48295860480084,23.277836492053254],[77.48292886234451,23.27790192729845],[77.48281909507932,23.27798044416495],[77.4827536595359,23.278054802282316],[77.48270904506508,23.27817080067475],[77.48268524973943,23.27840577319248],[77.48255140620248,23.27870320476354],[77.48253356003178,23.278816230437585],[77.4825233999251,23.27893306360871],[77.48250976499232,23.279089867675708],[77.48216764400907,23.27912800742983],[77.48200862533038,23.279150294149183],[77.48160064072401,23.279203575833186],[77.48128399743948,23.279272081011094],[77.48107696001554,23.279337541312138],[77.48049543106846,23.279561323053276],[77.4799671825159,23.27979576093818],[77.47949982798212,23.27999975277653],[77.47869299357579,23.28031944159944],[77.47810537477022,23.2805828051889],[77.47758778424887,23.280820288341516],[77.47721329055369,23.280996878109907],[77.4768296640072,23.281260241366155],[77.4761902859827,23.281688014715723],[77.4758020926929,23.281936154879965],[77.47552932368649,23.28211694835844],[77.47550371639447,23.28212949068829],[77.47541998810622,23.282169071317682],[77.47537431762053,23.282178204956633],[77.47532560364634,23.28217820479999],[77.47526623324697,23.282187338901725],[77.47523578636448,23.282199517887882],[77.47520381788988,23.28221778621818],[77.47519468436705,23.28224671034404],[77.47519316104075,23.282269544620924],[77.47520686152349,23.282309124594914],[77.47520686155943,23.28237458525423],[77.47518707170906,23.28241721132187],[77.47515205802877,23.28251616185775],[77.47516423704126,23.282563354331707],[77.47531494787894,23.28265317218401],[77.4753727958815,23.282707974974425],[77.47540171986405,23.282730810035154],[77.47543825588222,23.282739943836724],[77.47548240426526,23.28275060072002],[77.47552502897688,23.282759734872126],[77.47555547459386,23.28278256867239],[77.47556917581475,23.282794747917958],[77.475588966938,23.28282215003183],[77.47559201094316,23.282854119417348],[77.47559505581322,23.282883043345773],[77.4756041897718,23.283032231273275],[77.4755828773583,23.283173808041294],[77.4755265508403,23.283327563238117],[77.47546261271273,23.283426513635707],[77.47545195680594,23.283463050339],[77.47543521082622,23.28353155504841],[77.47541542057776,23.283606148601837],[77.47538345248203,23.283654863968717],[77.47523730863,23.283743159385804],[77.47495263295511,23.284000432302633],[77.47492675408935,23.284040012645544],[77.47493132081891,23.284079592992494],[77.4749282763606,23.284129830035337],[77.47492370922585,23.284181588821614],[77.47490696392255,23.284244005390576],[77.47488565079176,23.284271405758275],[77.47483998061418,23.28433686746856],[77.47481333312469,23.284406187143393],[77.47480458000761,23.28447871525944],[77.47490086709615,23.284633774551203],[77.47514471204299,23.285013921875404],[77.4754165640723,23.285402488290565],[77.47564070946542,23.28576654636157],[77.47575492326585,23.285987836057505],[77.4758205974162,23.286211980767263],[77.47593861756714,23.286590315342583],[77.47613849310575,23.286900596713817],[77.47620702142461,23.287022425088157],[77.47624509198609,23.287328900194197],[77.47627364577913,23.287528774152133],[77.47629458521463,23.287644892022833],[77.47629268210709,23.287743877695615],[77.47629648914985,23.287789563169913],[77.47630981431357,23.28785809243098],[77.476323138559,23.28789616317398],[77.47634788518019,23.287958981305145],[77.47636311412892,23.288006569592756],[77.47635148832448,23.288110706843767],[77.47631933194886,23.288196927159554],[77.4763079100538,23.288227384381976],[77.47629077834173,23.288252130618126],[77.47627174153952,23.288292106291397],[77.47625651371747,23.288330176663244],[77.47625270745418,23.288362537698088],[77.47625651398037,23.288398705069806],[77.47626793529483,23.28843867956406],[77.47627935690491,23.28849769120618],[77.47627674637491,23.288502622404987],[77.47626222470178,23.288530052343155],[77.476214635236,23.288531955149246],[77.47609661382077,23.288522436850727],[77.47595003885381,23.288505305040943],[77.47588531783114,23.28846913709143],[77.47579013917081,23.288425355299495],[77.4756911537121,23.28835492327388],[77.4756283362395,23.28830543088061],[77.47556551761728,23.288252131075133],[77.4755292065451,23.288224533638825],[77.47551792903869,23.28821596279559],[77.47548436761693,23.288197954374848],[77.47543988296076,23.288174083863407],[77.47530472854965,23.288126495076803],[77.47512579365566,23.288073195274933],[77.47500777308146,23.28803512418816],[77.4748992691588,23.287995149077766],[77.47480789823345,23.287869513078245],[77.47473746579796,23.28773816711677],[77.47464990212987,23.287623953176233],[77.47463660606842,23.28760179264694],[77.47460992718919,23.287557328380377],[77.47456614472657,23.287505931662352],[77.47450713386522,23.28746785998945],[77.47445954535412,23.287441210303268],[77.47438530572055,23.287406946381008],[77.47430154928868,23.28737077794874],[77.47423449134676,23.287354531905084],[77.47411551915138,23.287325708024234],[77.4740883485103,23.28732128487945],[77.47399126680186,23.28732128460184],[77.47395903832803,23.28732697308989],[77.47392654587945,23.28733270731365],[77.47386372810764,23.287347935194244],[77.47371334613149,23.287410752877655],[77.47354012077736,23.28748308905409],[77.4733707044051,23.28750212506315],[77.47320509279778,23.287509738604424],[77.47310610702183,23.2874888004349],[77.47303186800482,23.287471667042684],[77.47302012417333,23.287468564909048],[77.47293097882839,23.287445016683257],[77.47266447863906,23.2871537706173],[77.47228947644153,23.2868282606509],[77.47194112284285,23.286580797308535],[77.47177741595297,23.28649323270217],[77.47163845646503,23.28643422192828],[77.4714804604788,23.28640566900099],[77.47128248876909,23.286373308044922],[77.47114325701084,23.286331869642826],[77.47112258935961,23.286325718711154],[77.47094365341732,23.286249576317967],[77.47084086127214,23.286226733026574],[77.4706885749725,23.286205793736222],[77.47043920817958,23.28617724099911],[77.47036877643993,23.2861715302698],[77.47026788577257,23.28617153016803],[77.4700699152021,23.286127747678087],[77.46957118033953,23.285977365881955],[77.46951201051289,23.2859685526363],[77.46948171241013,23.285964041348628],[77.46942079826124,23.28594881157494],[77.46935798016042,23.285939294780615],[77.46928945160835,23.28593929477222],[77.4692844982316,23.28593929519716],[77.46924566967945,23.28593929461512],[77.46917333391376,23.28593929540223],[77.46906292740296,23.285983076652744],[77.46881165600117,23.286118229828023],[77.46862320252764,23.286228636950682],[77.46850719592221,23.28634319361546],[77.46847091703351,23.286379018677827],[77.46833195663257,23.286455161775326],[77.46823327190475,23.286482782979252],[77.46800311044986,23.2865766567598],[77.46775566265954,23.28668785845221],[77.46720519775025,23.28691182186487],[77.46721371422183,23.28693382096861],[77.46772722826215,23.288022421641642],[77.46787410202165,23.288333781973588],[77.46790640928724,23.288361922979256],[77.46803609140524,23.288482842865207],[77.46861185175732,23.28902960773411],[77.46864282462248,23.289077159733452],[77.46863791685145,23.289132788930026],[77.46862482707984,23.28917532935752],[77.46858555983445,23.289204779793728],[77.46848575426156,23.289240775957836],[77.46835649789416,23.289283316155466],[77.4681470701387,23.289402754739207],[77.46788528560579,23.28955000907918],[77.46751551543747,23.289680900741867],[77.46684632841134,23.28990996273289],[77.46660936530773,23.290002601151283],[77.46652541484947,23.29005612891025],[77.46644266940146,23.29012335980461],[77.46633406583886,23.290213861729285],[77.46620736191352,23.290291435605727],[77.46605738740232,23.290379352747898],[77.46587638097272,23.29051898525817],[77.46570830532892,23.290650860833278],[77.46556091458339,23.29075946417256],[77.46535146565468,23.290906853720497],[77.46510323029794,23.29107751579874],[77.46484723666836,23.291268864286167],[77.46460934462218,23.291452455283547],[77.4644309249352,23.291586915804135],[77.46428612076511,23.29167224671052],[77.46426297477797,23.291681716152233],[77.46417234581504,23.291718791920196],[77.46411545864089,23.291879111366967],[77.46396031216605,23.29218164827053],[77.46384395101066,23.29236265324922],[77.46364743061456,23.292572102327316],[77.46313803089622,23.29304530226931],[77.46291496898901,23.293261737690276],[77.46287686635849,23.293298709415033],[77.46251226953396,23.293161661846167],[77.46201371614754,23.29299605235997],[77.46176497669487,23.292913425687974],[77.46152392830109,23.292853597841557],[77.4610461274997,23.292735007354683],[77.46011265705901,23.2925152153998],[77.46005950388563,23.292503456907472],[77.45925934747677,23.29232645235193],[77.45857850349246,23.292183220178124],[77.45860359940765,23.29221788833303],[77.4588019550253,23.292495730119153],[77.4589315407399,23.29268022616215],[77.45912921487599,23.29291523767054],[77.45927417602168,23.29309314397783],[77.45928002234325,23.293102268570856],[77.45936422718489,23.293233712083033],[77.45946525994495,23.293339137565063],[77.45980350230249,23.293646630180323],[77.46050194921742,23.29435166610873],[77.46090388470886,23.294720657059383],[77.46100931088277,23.29480851239762],[77.46116964596766,23.29488758126284],[77.46121137677625,23.294949080456302],[77.46128166147923,23.29498861396087],[77.46134096343576,23.29501497100285],[77.46143760442772,23.295056702050356],[77.4614725659553,23.2950688980093],[77.46153204755804,23.295089648196683],[77.4616748117659,23.295166520944047],[77.46182416610324,23.295282928843605],[77.46187269097342,23.295324522351102],[77.46188359953439,23.295377701139905],[77.4618845272877,23.29555204873192],[77.4620174643635,23.296107635537933],[77.4621071615229,23.29633188189774],[77.46232019569307,23.296907445993337],[77.46242877069815,23.297489731253865],[77.46245561711962,23.297762522732523],[77.46247619976724,23.298183676891565],[77.46247620001509,23.298255065202174],[77.46240957176262,23.29838832076466],[77.46237863723597,23.298450191340436],[77.46235008172658,23.298502542410727],[77.46234685521136,23.298510429695998],[77.46233870096212,23.298547123874002],[77.46233376685952,23.298581665275528],[77.46235514907151,23.29865403755665],[77.46236995291042,23.298775756147133],[77.46237817672514,23.29892379215198],[77.46236008429145,23.299093210860804],[77.4623419912804,23.29916229431995],[77.4623025148896,23.299221507589554],[77.46220053356795,23.299341582232838],[77.46214461028305,23.299390926787485],[77.46210184437932,23.29945178557537],[77.46208046097559,23.29951593504211],[77.46205414414182,23.299561990093324],[77.46202618102087,23.299621205056933],[77.462021246806,23.29966232607696],[77.46202947117439,23.299701802101932],[77.46204098492055,23.29974292284375],[77.46204427525669,23.299813650943257],[77.46202618069192,23.299841612763892],[77.46192091098978,23.299913986398607],[77.46184195922726,23.29998800354583],[77.46176794064064,23.300089984060342],[77.46169063375572,23.300239665384343],[77.46164234788884,23.300381100820534],[77.46164915572831,23.3005921321322],[77.4616394305732,23.300709803371024],[77.46160066371456,23.300772484392382],[77.46155171810108,23.300875994196588],[77.46152463119178,23.30097178639797],[77.46152488681868,23.300978692777136],[77.46152614615718,23.300997589405938],[77.46152740597557,23.301026562947165],[77.46147701552451,23.30119410759946],[77.46141348112617,23.301453302191014],[77.46137007321512,23.301571505397533],[77.46133334283057,23.30171174620638],[77.46132893871618,23.301776756866218],[77.46136801860095,23.301813141851365],[77.46140036111171,23.30187782609657],[77.46139766602414,23.302012584951147],[77.46137408686364,23.30232074190641],[77.46123814343915,23.30270917842138],[77.46113758005212,23.30294182284994],[77.46099063464176,23.30323969881009],[77.4608801570839,23.303549310176923],[77.46073777984371,23.303906188424623],[77.46071496164666,23.303989053054572],[77.46064410697623,23.30411755411217],[77.46060207399006,23.30419921834414],[77.46054923163531,23.30423044164814],[77.46045796093452,23.304236447413647],[77.46015772491559,23.30412235665857],[77.46008446712548,23.304130763883553],[77.46001568057835,23.304139528715027],[77.45964957249254,23.304190762595393],[77.45957912619109,23.304217446713288],[77.45949587138074,23.304283624239076],[77.45941925782736,23.304355654617996],[77.45930710273805,23.304449439840237],[77.4592171858171,23.30453645609434],[77.45912436766706,23.304655378791242],[77.45905765484817,23.304710489600815],[77.45900931215348,23.3047394946865],[77.45899094189241,23.304778168846884],[77.45896967080625,23.30481781023152],[77.45894549958129,23.304864219348065],[77.45890682630177,23.30494350073949],[77.45886423200699,23.305002068442327],[77.45882925387521,23.30506943405583],[77.4588305489375,23.305439946004178],[77.45882018459979,23.305543586011723],[77.45883573128016,23.305613542696225],[77.45889402947358,23.30575216124772],[77.45889614201147,23.305944941956838],[77.4588973817548,23.30605657500036],[77.4589656027869,23.306175651312497],[77.45897552527259,23.306221545068272],[77.45894699734836,23.30626619806438],[77.45885148890218,23.306335658611527],[77.45880187448506,23.306369149214483],[77.45866295168588,23.30639023465088],[77.45860217420773,23.306392715780593],[77.45855255910146,23.306412561168504],[77.45852279123832,23.30644729237827],[77.45849674269974,23.30650558936077],[77.45848061810682,23.306566367397657],[77.45845209029513,23.306627145350404],[77.45841611866675,23.306691645031528],[77.45833177436985,23.30673133628075],[77.45815315977653,23.30680203820348],[77.45806306476129,23.306831623287813],[77.45793703660918,23.306906174940597],[77.45784473434475,23.307009128294382],[77.45782875892642,23.307044628606935],[77.4577317596652,23.30732791366003],[77.45791846924749,23.307431661146317],[77.4580331791838,23.307532285411487],[77.45785406978051,23.307960940062223],[77.45767697305179,23.308443930907732],[77.45722014278292,23.308337271352872],[77.45666067769268,23.308204448406162],[77.45646144360641,23.308136023805478],[77.45642283237716,23.30818025629406],[77.4563323246655,23.308344954637825],[77.45626934305575,23.308511184863093],[77.45614131536533,23.308833320980973],[77.45637465696878,23.30901297315958],[77.45652539876201,23.30909247536747],[77.45656566622047,23.309137903894282],[77.45665858990479,23.309342337437663],[77.45671434361552,23.30947965729338],[77.45674880938462,23.3096486887253],[77.45667617472088,23.30965454733332],[77.45626925954379,23.309741300794876],[77.45615565435793,23.309772283910686],[77.45603378590855,23.309815661400823],[77.45570536210381,23.30986523388028],[77.45533295303258,23.309932857220158],[77.45497968565351,23.309967532881355],[77.45474128430578,23.310017380806535],[77.45469793880834,23.31003038397261],[77.4541409459951,23.310203767195414],[77.4537421655805,23.310320800665256],[77.45323068692542,23.310483347417133],[77.45284491024665,23.31060688159738],[77.45236810744098,23.31075859219388],[77.45172442257324,23.31098615695353],[77.4515141971343,23.311098856261157],[77.45133688860196,23.311202337075308],[77.45098249940118,23.31144077877244],[77.45079246028313,23.311576574320256],[77.45065547677986,23.31166754811331],[77.45033602794376,23.311902725920447],[77.45104259858161,23.31230416709634],[77.4513169556073,23.312468564036433],[77.45202766157884,23.31293894370337],[77.45298568881152,23.313641344236036],[77.45399725935387,23.314466347063735],[77.45384973257899,23.31460197607079],[77.45375693417289,23.314709052305613],[77.45368317088771,23.314782815295917],[77.4536450994406,23.314904168360783],[77.45355230034725,23.31505883291452],[77.45344998297215,23.31517780606617],[77.45334052840116,23.31527774253553],[77.45323107297123,23.315453823051772],[77.45313589378146,23.315606109257747],[77.4530335784688,23.31574173813984],[77.45292650165857,23.31584405473427],[77.4528765331246,23.3158940243578],[77.45282180598598,23.31590830122144],[77.45277659561039,23.315896402933838],[77.45253051785046,23.315761171908182],[77.45220274659671,23.316319046105345],[77.45208933468165,23.316561466671427],[77.45202555909793,23.316810195623408],[77.45195893360808,23.317105248673524],[77.4518787459641,23.317486437802295],[77.45181735588378,23.317682030121464],[77.45171884555809,23.31786477346206],[77.45166602153503,23.317958999055552],[77.45160606020842,23.318071786205284],[77.45155609077779,23.31814174240722],[77.45145329762343,23.318238824196868],[77.45118061154362,23.318431560094254],[77.45097407455759,23.31858729624248],[77.45052197735306,23.31892339462721],[77.4504447960034,23.319009733876022],[77.45034649241596,23.319119700412653],[77.45014126284204,23.319378466737124],[77.45000945670677,23.319675678346005],[77.4499895734553,23.31972051426633],[77.4497724471444,23.320196406736443],[77.44958729445986,23.320678927387018],[77.4495761406912,23.32070799139994],[77.4493976823079,23.321145217231678],[77.44931615414552,23.32136671118884],[77.44911214693634,23.321475366721486],[77.44879091887145,23.32172520978603],[77.44857974166258,23.321805517200485],[77.4484466779376,23.321851801318658],[77.44845597843816,23.32207872634957],[77.4485076104209,23.322334820222757],[77.44858815519865,23.3225083028934],[77.4486273958052,23.322696244335827],[77.44863772233893,23.32316506059647]]]},"properties":{"zoneNumber":16,"zoneOfficerName":"Mr. Haseeb Usmani","zoneOfficerMobile":"9424499916"}},{"type":"Feature","geometry":{"type":"Polygon","coordinates":[[[77.35117883135466,23.252206571891882],[77.35097713242861,23.252297130788897],[77.34976632246418,23.2530830951273],[77.34904408448294,23.253444214123345],[77.3490365386633,23.253449358977672],[77.34857675445859,23.253762848075187],[77.34832230202383,23.253813738775907],[77.34825812001975,23.25382657501748],[77.34781203243469,23.253975270998048],[77.34768457826988,23.25420893576917],[77.34766333643515,23.25435763197582],[77.3477014886202,23.254446657388957],[77.34772706292712,23.254506328375875],[77.34783327426517,23.254782478392908],[77.34783327372985,23.25501614295961],[77.34762085072616,23.255334777402282],[77.34721724815117,23.25550471627453],[77.34566656095083,23.255610927387693],[77.3446724232281,23.255660634364432],[77.34439202446342,23.255674653942375],[77.34337239359591,23.255504715576688],[77.34277760979397,23.255164839270712],[77.34192791941847,23.2542939051085],[77.3413331350688,23.253720363780083],[77.34114195405249,23.253507940983255],[77.3408658051831,23.253295518103943],[77.34048344277417,23.25312558003357],[77.33993114373754,23.2528706724324],[77.33940008714723,23.25261576516124],[77.33912393707854,23.252190918584102],[77.33819539161694,23.251366055981627],[77.33783752932221,23.25120010688021],[77.33729577726588,23.250897998988396],[77.33586220352558,23.250579217019038],[77.33460268262293,23.250873471952463],[77.33408266139233,23.25095802608055],[77.3333922263039,23.25132274402648],[77.33257247337914,23.25170686169439],[77.33218746802686,23.252828629681396],[77.3314369773471,23.252773938275077],[77.33077710876542,23.25268569406514],[77.33045012176439,23.25231549374911],[77.32989754369744,23.251588563404475],[77.3298424540233,23.251627521205563],[77.32980808105512,23.25158860542949],[77.32921870120886,23.252068615955785],[77.32893313513297,23.252270558729172],[77.32864577971085,23.25220350091694],[77.32549121078283,23.251347616708355],[77.32467620681918,23.2528805550292],[77.3238109916071,23.253895940134978],[77.32366155477986,23.25391927699181],[77.32344523727433,23.253919418646355],[77.3231535221792,23.253895623121632],[77.32297948189252,23.25382966610328],[77.3228250834083,23.253705019978764],[77.32248341216929,23.25338852769952],[77.32244890592186,23.253355209024484],[77.32230722403875,23.252988248155635],[77.3222835129484,23.25272180464637],[77.32229933781022,23.252486703196677],[77.32238461796659,23.25231713689681],[77.32245409673072,23.252031159006624],[77.32245794908297,23.251903663155275],[77.32236178179983,23.251613291071973],[77.32217112708635,23.251452347712995],[77.32197563168603,23.25137927016929],[77.32138690489981,23.251268495856603],[77.32125310536699,23.25124976323282],[77.32052315813429,23.251263834773884],[77.31991477321276,23.251338336228613],[77.31943227440703,23.25144904438899],[77.31907179346365,23.2515800666831],[77.31865114436631,23.25179491956575],[77.31814069582174,23.252055638604936],[77.31755598092384,23.252375933636234],[77.3173049890437,23.252513421825242],[77.31657447968685,23.252854177013404],[77.3160211202088,23.25288283367918],[77.31575518898707,23.25279256922748],[77.31533950107377,23.25247387574162],[77.31464668860481,23.25223831986643],[77.3139809527001,23.252101049055412],[77.3139667407631,23.251579308756014],[77.3138034172031,23.250455149370026],[77.31371298345354,23.249237771334077],[77.31369211265029,23.248924730951376],[77.31368515724026,23.248841253586992],[77.31355994144708,23.2487090820603],[77.31326081400013,23.24838908457326],[77.31320516186524,23.248298651340736],[77.31309385894434,23.248166479274317],[77.31304516442722,23.247999523738425],[77.31301038174706,23.24779778684732],[77.31300342541203,23.24731779212752],[77.31306603291186,23.246886492603334],[77.31318429305018,23.246079544814442],[77.31323298751609,23.245279553781945],[77.31322603216637,23.245140424771506],[77.31322603155905,23.24497347014499],[77.31316342426513,23.244667385895077],[77.31296168712701,23.243721309953866],[77.31270429807113,23.242810014615692],[77.31258603914465,23.24252480062823],[77.3125095180688,23.24225350043607],[77.31250256107661,23.241286554386207],[77.31251647361535,23.240472650103293],[77.31247473529105,23.239846568551947],[77.312419083766,23.238970056729144],[77.3123843019903,23.238524845361898],[77.31221039142692,23.238093544911063],[77.31211440238717,23.23767794877155],[77.3120310281313,23.237268660761067],[77.31201018468559,23.237012855829835],[77.31197986698345,23.236713469411796],[77.31192302168195,23.23651451022346],[77.31182259455774,23.2361506980093],[77.31173353686721,23.23575467391545],[77.31168048133291,23.235553818642437],[77.31167623058244,23.235539653967617],[77.31166066608688,23.235475051421357],[77.311652397521,23.23544073279821],[77.31166501561731,23.235409449091186],[77.3116650161184,23.235384082597033],[77.31166902146357,23.235358717101455],[77.31166635127893,23.235334685548892],[77.31165567093323,23.23530130964489],[77.31165300137074,23.235273274053746],[77.31163564498095,23.23525992404627],[77.31161828911353,23.235249242746885],[77.31159692874496,23.235237227849623],[77.31156088234388,23.235205186045757],[77.31153818575457,23.235165135360788],[77.3114110083509,23.234995630106578],[77.31129618403313,23.234813969421882],[77.31121563466847,23.234688861705152],[77.31106653580359,23.234419797421253],[77.31103568735993,23.234347817807986],[77.31101854918124,23.234320396751066],[77.3110014117316,23.234301545037315],[77.31098770055037,23.23429297596012],[77.31095171239706,23.23428440695613],[77.31091915024017,23.234282693203436],[77.31086088101728,23.234222710825954],[77.3108063354568,23.234165346801753],[77.31077150554847,23.234065697240286],[77.31075473860348,23.233994885713038],[77.31073095201675,23.233695164868855],[77.31071227139367,23.23308837433967],[77.31070954477777,23.233043825293684],[77.31072671327045,23.23295412775725],[77.31079470691384,23.232670154251764],[77.3108227048336,23.232460172240156],[77.31081670461688,23.232232193342558],[77.31082270493775,23.23209020541878],[77.3108247046008,23.231952218448072],[77.31078670762612,23.231758234777182],[77.31074671179617,23.231512256984693],[77.3107156656704,23.231391566096043],[77.31066671876376,23.23130827526135],[77.31063872145411,23.231282277090454],[77.31059672526628,23.231218282794803],[77.31058072598712,23.231186285776214],[77.31057872602184,23.231150288934842],[77.31058272575234,23.231114291840104],[77.310588725767,23.23097230481492],[77.31057272695273,23.230838317164437],[77.3105702419997,23.230815457599554],[77.31057872610091,23.230780322026007],[77.31059672468271,23.230746325334902],[77.31060872399271,23.230730325839794],[77.31063472122493,23.230704329110864],[77.31066271918995,23.230638334609107],[77.31067071825018,23.230612336791403],[77.31067871828334,23.2305783398724],[77.31068871726227,23.230536344170183],[77.310696715784,23.230504346198856],[77.31070871466035,23.230466350238377],[77.31072071444852,23.230424353808857],[77.31073471268044,23.230388356959605],[77.31075471102942,23.230370357695893],[77.31079670728599,23.230352359945176],[77.31086270069203,23.230308364346673],[77.31093269518757,23.23024236991688],[77.31098359038987,23.230196904146016],[77.31101668782752,23.230168376179307],[77.31101718067207,23.23016689629554],[77.31102668671083,23.23013837906122],[77.31103268578599,23.23009238343141],[77.31104068469686,23.23003038903298],[77.3110446847855,23.229972393681823],[77.31104868481798,23.2298784017404],[77.31103068612525,23.22970041838377],[77.31102668654356,23.229438441187842],[77.31101868747865,23.22918446438733],[77.31101811637825,23.229134452352774],[77.31101668777093,23.228804497944946],[77.31102294257342,23.228696599263607],[77.31102068722673,23.228634513353043],[77.31122066852731,23.228662509637317],[77.31122208812467,23.22866258738545],[77.31136865647998,23.228670510381416],[77.3114826456125,23.228654511207786],[77.31168062774563,23.228606514889716],[77.31176262135496,23.228572517794646],[77.31181261666481,23.228520523113698],[77.31182988606697,23.22848903223104],[77.31184661445663,23.22845852878888],[77.31186061231723,23.228422531985025],[77.31210459070772,23.228320541246884],[77.31232257135945,23.228256547383705],[77.31244856031414,23.228230549106218],[77.3125104324538,23.228234905798544],[77.31259054739706,23.228240547970245],[77.31282052696838,23.22821255026881],[77.31304250718641,23.228162555067854],[77.31319753396212,23.2281137960525],[77.31322243598635,23.22810831143662],[77.31356246052185,23.22803856597443],[77.31387643301015,23.227982571062743],[77.31422040226728,23.227932574880256],[77.31455037311561,23.227878579911746],[77.31457662147375,23.227877134964068],[77.3147503553741,23.22787258125453],[77.3147983508285,23.227884580357195],[77.31485034564133,23.227884580425904],[77.31490434217486,23.22788457965181],[77.31496033665451,23.227866581410492],[77.31508986701508,23.227805274962268],[77.3151500578869,23.22772501972293],[77.31518015422405,23.227644765314288],[77.31523700117212,23.227470878632097],[77.31525706470667,23.22744747086065],[77.31529719328368,23.227444126829273],[77.31533731989093,23.227444126861286],[77.31576869169479,23.22765479672276],[77.3160462406162,23.22785209081725],[77.31612371093385,23.22793730756783],[77.31614656004726,23.227962441865884],[77.3163070697292,23.2281229518419],[77.3164508601835,23.228246679296984],[77.31649767636993,23.22827343021325],[77.31666575628651,23.22826912885019],[77.316921993945,23.228182402420842],[77.3172255371562,23.228127213052964],[77.31753696472038,23.228111444373273],[77.31794300349746,23.22805231230001],[77.3181716463137,23.228072022884962],[77.31823866246933,23.228087791195268],[77.31842788426634,23.228131154675566],[77.31872354283979,23.22816269229398],[77.31916367866522,23.228295891224807],[77.31965276484884,23.228486924071035],[77.31987012739253,23.228537514284554],[77.3200097822947,23.228556909781958],[77.32011064432558,23.228615100045307],[77.32034340311716,23.22863837635702],[77.32065374776094,23.228669410278272],[77.32078952413164,23.228789668860458],[77.32082379004368,23.228915312432964],[77.3208360762291,23.228960358763203],[77.32096797282968,23.229107772707344],[77.32116193789861,23.229278461815454],[77.3212472826297,23.229317256102547],[77.32130547294595,23.22931725618207],[77.32135202433852,23.229325013951705],[77.32144512763489,23.229336651924704],[77.3215537485404,23.22935604868845],[77.32179814510833,23.229460790059946],[77.32213564591525,23.229743980182313],[77.32236064558,23.229860358625505],[77.32247314641458,23.2298681179024],[77.32259340441028,23.229860358802178],[77.32277961083227,23.22986035907927],[77.32292314615577,23.229860358885652],[77.32300849061939,23.22983320430855],[77.3230511634856,23.229790532407467],[77.3230821978688,23.229751739033546],[77.32311323195647,23.229705187124093],[77.32314426746485,23.229631480216792],[77.32323038546579,23.22952045217744],[77.32329770829226,23.229490492343526],[77.32337259746137,23.22947914510307],[77.32337281697656,23.22947924190061],[77.32347018066798,23.229522263916746],[77.32356095574364,23.229547227303005],[77.32370846571293,23.229538149350848],[77.32383328075854,23.2295268023849],[77.32403752600516,23.229585806359324],[77.32413284003755,23.229638002280954],[77.32417822685065,23.229640271353706],[77.32423723090136,23.229633462815176],[77.3243098506598,23.229594884011927],[77.3243665861605,23.229556304129467],[77.32440970436765,23.22952226437726],[77.32460943827715,23.22946093261975],[77.32467822102093,23.229467811054946],[77.32474012684615,23.229443737014055],[77.32481578843328,23.229416222858013],[77.32489832945781,23.229378391568716],[77.32495698672105,23.229346396842885],[77.32504965259123,23.229295852272468],[77.32521473283646,23.229206433709237],[77.32528007659305,23.22918579890119],[77.32534210339857,23.229182697244653],[77.3253537663725,23.229179586654983],[77.32543319433488,23.229175048250788],[77.32549673741933,23.229204549696618],[77.32554893307102,23.22924312966393],[77.32558751214286,23.2293044032215],[77.32559659023246,23.22935432865839],[77.32559680779173,23.22935593206452],[77.32560339790929,23.229404255948022],[77.3256351685512,23.229445104674948],[77.3257009812306,23.22947006762359],[77.32575090683683,23.229440565947204],[77.32580537281737,23.229420140861883],[77.32582791937173,23.229417488922767],[77.32588253111011,23.22941106386417],[77.32595484489599,23.229451296426657],[77.32596545730371,23.22945720016999],[77.32597199241607,23.229457666653087],[77.32601465157639,23.229460713793582],[77.32606384760807,23.229460713918222],[77.32611655714868,23.22946071399632],[77.32618683556522,23.22941854599755],[77.32620440623624,23.2294044912224],[77.32623603066082,23.229386921149086],[77.32629928285301,23.22939043524177],[77.32634145028756,23.229397463105723],[77.32641172925682,23.22939746280835],[77.32650309156736,23.22938692106855],[77.32657337067837,23.229358809123426],[77.32663662209542,23.229365837399513],[77.32681231979876,23.229499366806788],[77.32691422464134,23.2295626190632],[77.32703018464427,23.22956964697187],[77.32713209013284,23.22956964737391],[77.32721993905415,23.229562618617486],[77.32737103894415,23.229513423274128],[77.32747294382418,23.22952045114616],[77.32757836171467,23.22952045125375],[77.32770135127045,23.22960478616227],[77.32782785314943,23.229762914415232],[77.32788407622635,23.22986833303689],[77.32792975779773,23.229959695699115],[77.3281585496496,23.23032293797019],[77.3284203084344,23.23065449739351],[77.32857736249909,23.230832492223698],[77.32880770837582,23.230951154827586],[77.32911134654793,23.231094248895175],[77.32917067820146,23.23112216986581],[77.32929283229278,23.2311535806426],[77.32938928064716,23.231205098624237],[77.32947195404115,23.2312580090716],[77.32955131869734,23.231291077580675],[77.32960423040521,23.231357215975535],[77.3296406059107,23.231406819906397],[77.32967367455616,23.231436581851458],[77.32972327757558,23.23147295784245],[77.32977949629264,23.231479571702295],[77.32990515825418,23.231446503088105],[77.32999113671895,23.231423354157744],[77.33005066223642,23.231406820024134],[77.33012010733906,23.231400205889322],[77.33024246231713,23.231406819621842],[77.33037143107478,23.23141343440508],[77.33049709378592,23.2314134337774],[77.33056984485192,23.231426661410946],[77.33058968706857,23.231439888770204],[77.33063267735047,23.23144980987384],[77.3307054282615,23.231443195651984],[77.33073178517218,23.231390384869513],[77.3307609159054,23.23137373880604],[77.33079028182938,23.231356959125673],[77.33084460026885,23.231352779748825],[77.33089474119662,23.231390384674597],[77.33099919968373,23.23137367173691],[77.331086944895,23.231323531629755],[77.33115797729155,23.231298462049274],[77.33124154406285,23.23122325110797],[77.33129168534175,23.23115221888345],[77.33131559313902,23.231113522303875],[77.33134969763941,23.231093058708325],[77.33138243899617,23.231048041208084],[77.33143018643939,23.231000293718033],[77.3314697481867,23.230964823552643],[77.33149430392962,23.230942997371734],[77.33151749467326,23.230904799084307],[77.33152840852506,23.230884336094686],[77.3315461435019,23.23086660173068],[77.33157069909129,23.23085705167186],[77.33158843372176,23.23085568787275],[77.33160753332695,23.230844773747567],[77.33162936033412,23.23082431098658],[77.33165255126347,23.230807940677185],[77.33168256402494,23.230797026774027],[77.3317112120635,23.230792935349292],[77.33175213817596,23.230779292925597],[77.33177669398106,23.2307792929108],[77.33180670627326,23.23077383556071],[77.33184261965182,23.23075013410365],[77.33188364404661,23.23070802985624],[77.33189983723597,23.23068967654817],[77.33192790638944,23.2306756426651],[77.33196029386261,23.230660529026174],[77.33198620442928,23.2306356981864],[77.33200563603192,23.230616266283583],[77.3320207504184,23.23059251491771],[77.33204234243718,23.230574162098808],[77.33206717234545,23.230555808574408],[77.3321157528775,23.23052990006337],[77.33213842370682,23.230519103692508],[77.3321805284255,23.230497511598557],[77.3322107559896,23.230484556870607],[77.33227661074514,23.230456487647224],[77.33232842958938,23.230412225180675],[77.3323899661004,23.230367963052604],[77.33242623457714,23.230336783630456],[77.33244014706708,23.23030302804752],[77.33244288021277,23.230296397036405],[77.33247414519693,23.230273885235768],[77.33251291540269,23.23024011880275],[77.33257544561994,23.230191344187986],[77.33260421030815,23.230156326605016],[77.33266924152329,23.23010880296695],[77.33272551971143,23.230040019157585],[77.33277429431863,23.229992496380508],[77.33287559521361,23.229939970196803],[77.33291936590844,23.229918708679993],[77.33292812072439,23.229889945233513],[77.33291811586514,23.229851175341253],[77.33289421370301,23.229762032697565],[77.33291085306857,23.22973984715297],[77.33294829218532,23.22970656872158],[77.33298850310322,23.229676062898367],[77.33301762240055,23.22962891885442],[77.33302455502134,23.22958732112322],[77.33301977352036,23.229551316698288],[77.33300492724634,23.22952276518294],[77.33300492712395,23.229495354277876],[77.33298893728114,23.229473653777777],[77.3329523898877,23.229448527891574],[77.33292954803233,23.2294291131197],[77.33291241713786,23.229393707995026],[77.33289414258455,23.2293491662812],[77.33288957505619,23.229311477139984],[77.33288957521874,23.229266935289072],[77.33289414267274,23.229230387732564],[77.33291028026842,23.229199664430972],[77.332916398673,23.229166010275694],[77.33291487021177,23.22913541512042],[77.33289957164209,23.229103290092457],[77.33287968537856,23.22906810560471],[77.33284756066575,23.229005386192338],[77.33281084697033,23.228944195888566],[77.33279707867342,23.22888759477922],[77.33279907775578,23.22882514183212],[77.33279099773699,23.228762524007482],[77.33276675882409,23.228691826856465],[77.3327324196212,23.228629208588195],[77.33269808193472,23.22855851167794],[77.3326556630924,23.228449436191326],[77.33264152359466,23.22840095672488],[77.33260920512818,23.228328240157595],[77.3325789062621,23.2282312841256],[77.33257688551545,23.22817674591675],[77.33258155518723,23.22813472202002],[77.33259506513662,23.22810402786797],[77.33262738384805,23.228075748703855],[77.33269808244471,23.22805959037272],[77.33273443981163,23.228051510281006],[77.33277955660866,23.228046497372727],[77.33280496417474,23.228037423663007],[77.33284775058821,23.22801940808584],[77.33287477531528,23.227996887804853],[77.33287702721161,23.227967611644907],[77.33287252289749,23.227933833302572],[77.33281802906173,23.227842360416787],[77.33280690226167,23.22780156192759],[77.33280690239442,23.2277425811081],[77.33284773505503,23.2276790636255],[77.33296115998043,23.22752480606615],[77.3330609744447,23.227415918321395],[77.33312449124666,23.22730703075722],[77.33316078705376,23.227220828191097],[77.3331635409174,23.227153405738452],[77.33316571617851,23.2270957722717],[77.33315919245803,23.227069672767758],[77.3331330930475,23.227021824753656],[77.33310916923932,23.226994639337562],[77.33309720720807,23.226969628266563],[77.33309176999128,23.22693809222694],[77.33307763305034,23.226904380735395],[77.33306458387804,23.226870670347388],[77.33305479681842,23.226838046576347],[77.33305479704356,23.22680542303978],[77.3330493587245,23.22677062479152],[77.33303630982078,23.226741264365344],[77.33301782338235,23.226711902815627],[77.33298954993214,23.226630343899547],[77.33298411339463,23.226609683218054],[77.3329588106041,23.22653274340239],[77.3329499098501,23.226499364783557],[77.33294323399075,23.226465986640903],[77.3329321077341,23.226428158055008],[77.33292543313803,23.226390329426728],[77.33292543303875,23.226352499552316],[77.3329410091558,23.226303544641013],[77.33294768509793,23.22623678887769],[77.3329476846933,23.226196734262487],[77.33294323387265,23.22614555402963],[77.33292098170267,23.22609659932255],[77.33289650483503,23.22606099626261],[77.33288760369629,23.22601204074784],[77.33287425168952,23.22597421171296],[77.33287425235675,23.225934157933587],[77.33287647756072,23.225898554173565],[77.33290317983162,23.225842923726987],[77.3329276575991,23.22579619361094],[77.3329432338187,23.225760589959226],[77.33295213532028,23.22569828417116],[77.33295213506698,23.225671580796853],[77.33296548655679,23.225649328800806],[77.3329743883525,23.225627076735602],[77.3329898463347,23.22554503116573],[77.33299094220564,23.22553260421846],[77.33298041090663,23.22546546868756],[77.33297514478785,23.225382537927725],[77.33296461458042,23.22528907646704],[77.3329646145573,23.225269330722853],[77.33297514476192,23.225185084065274],[77.33298962639581,23.225123213900023],[77.3330054216748,23.225056079810887],[77.33300937126668,23.22500605802856],[77.33301990221956,23.224956036399647],[77.33301990200302,23.22492444322316],[77.33302780007448,23.22487837141918],[77.33304227991972,23.22484809365028],[77.33306729142966,23.22481650217374],[77.33311304193539,23.224771940803805],[77.33315536001882,23.224730723609152],[77.33321300207481,23.224674582017467],[77.33325357447661,23.22461597738548],[77.33328513057701,23.224530323078728],[77.3332896386056,23.224444670006612],[77.33329414682387,23.2243725403315],[77.33329865458917,23.22427336207975],[77.33328360824838,23.224144388750354],[77.33329414655822,23.224007385109523],[77.3332896385479,23.223872143348558],[77.33328062308117,23.223786488617975],[77.33326259090217,23.22368731121283],[77.33323554213283,23.223543052920245],[77.33323114060994,23.223527336183814],[77.33303267844515,23.223259042827635],[77.33286137139368,23.222961510112516],[77.33281178229902,23.222898397345354],[77.33275317694786,23.2228397912266],[77.33268555601701,23.222767662279978],[77.33263145857194,23.222695533251304],[77.33260891784602,23.222600862893884],[77.33261793479943,23.22256930577125],[77.33269908015775,23.222461111721064],[77.33269908031531,23.222388983244723],[77.33266752349924,23.222298821346904],[77.33263596702106,23.22224923235474],[77.33259990192381,23.222213168013045],[77.33258637830134,23.222123005648665],[77.33260389295279,23.22207300764946],[77.33262087277103,23.221984626354303],[77.33262997103827,23.221951265189137],[77.33263300352266,23.22192093500695],[77.33264816933541,23.221875441968265],[77.33266333283095,23.221826915455082],[77.33268759666628,23.221799619007395],[77.33272095858413,23.221781421930213],[77.33275735319279,23.22177838877973],[77.33275914044215,23.221779460903875],[77.3327876822614,23.221796586392884],[77.33282407732084,23.221814783907817],[77.33286047232106,23.221823882413307],[77.332918097255,23.221823882083168],[77.33297875574466,23.221802652297644],[77.33304851192271,23.22174502686786],[77.33309097344674,23.22169043489729],[77.33312433474514,23.221608545700875],[77.33313646672393,23.22156608500934],[77.33313343401277,23.221456901117666],[77.33311826896794,23.221387144334155],[77.33311523562743,23.22133255176496],[77.33321532225837,23.22126582772458],[77.33326081641343,23.22123549867062],[77.33329417831547,23.22120213712923],[77.33330024382529,23.221147543986657],[77.33330631002971,23.22108991900615],[77.33332147359845,23.221044425204784],[77.33337000132026,23.221020161906512],[77.33341852662586,23.221017129407386],[77.33347008691828,23.220989832907254],[77.33350041634013,23.220910977768565],[77.33352319435882,23.220821938212037],[77.33356714001046,23.22071080610433],[77.33359443640657,23.22064104867691],[77.33358285526882,23.220589764034933],[77.3335699401653,23.220532565911604],[77.33354894232282,23.220474238977154],[77.33352467899883,23.22038325216015],[77.33350344803476,23.220346857010146],[77.33346402051495,23.220295296797673],[77.33336612534518,23.220194825629697],[77.33328811228347,23.220079960654232],[77.33324868376128,23.220043565690517],[77.33324124566833,23.220022741018916],[77.33323343366189,23.21992115998734],[77.33323534390829,23.219905880177276],[77.3332563540044,23.21988677857773],[77.33329264516763,23.219852398116338],[77.33332320609274,23.219819926863114],[77.33335185669921,23.219791276267763],[77.33337286771317,23.219760716357584],[77.3334626405011,23.219703414255235],[77.33350657117913,23.219674763095455],[77.333550502803,23.219646111877022],[77.33362881522875,23.219596450845597],[77.33363582289815,23.21959026693454],[77.333652950911,23.219575153993684],[77.33366128645626,23.219567799822578],[77.33367072425601,23.21954158355553],[77.33370361956376,23.219479446214372],[77.33370665265467,23.21940362292867],[77.33368863980755,23.219389470327997],[77.33366319615385,23.21937870494385],[77.33364218481312,23.219372974749337],[77.3336097140962,23.219365334700385],[77.33357915279667,23.219361514060065],[77.33354359088648,23.219347290314513],[77.33353140180967,23.219342413613397],[77.33352645025211,23.219341288019745],[77.33348938115167,23.219332863975346],[77.33347304656469,23.219317014838253],[77.33341861388314,23.21926419576639],[77.33339769806138,23.219218259703126],[77.33339769787482,23.21919915963646],[77.33340209334422,23.219180114571152],[77.33340915866904,23.219149499226365],[77.3334205553559,23.219136091134413],[77.33344162876503,23.219111297392914],[77.333449270125,23.2191017465711],[77.33345300987942,23.21909950332547],[77.33347791979637,23.219084556988257],[77.33349702125751,23.219055905913446],[77.33348556096097,23.218969953980313],[77.33349129061911,23.218931751973837],[77.33354286241082,23.21888591092973],[77.33358679439556,23.218824788733176],[77.33359634383376,23.218780858158965],[77.33360398392934,23.218744567308537],[77.33360589360547,23.218685355590413],[77.3336058939285,23.21863187358908],[77.33356997136904,23.21857284218181],[77.33345500045897,23.21847906972296],[77.33328309531404,23.218211662227016],[77.33325062370427,23.218175371064138],[77.33321433323866,23.218119980093153],[77.33323152440767,23.218106608877065],[77.33327545468502,23.218068407885223],[77.33328309490975,23.21803402704463],[77.33328309475229,23.218007286944996],[77.33328500486134,23.217970996172216],[77.33332511607775,23.217909873590635],[77.33332511564166,23.21785448160188],[77.33332511632442,23.217804821369814],[77.33332893572319,23.217757069973555],[77.33333084589137,23.21773032923952],[77.33334994728206,23.2176997682233],[77.3334740999272,23.217690218023133],[77.33355432311191,23.217682577689096],[77.33368229599431,23.217634825941804],[77.33381408999996,23.21754123355414],[77.33386948138758,23.21744000116864],[77.33388667174222,23.216966307882416],[77.33389622221755,23.216935747337708],[77.33391341327892,23.216928107016862],[77.33396116383058,23.21690900565373],[77.33398790539898,23.216878444801498],[77.33400318499571,23.21675238217947],[77.33401082458025,23.216458234464646],[77.33403565557087,23.216414302458485],[77.33405475662255,23.21637610144093],[77.33415025884662,23.216284419434885],[77.33417699993673,23.21622520676046],[77.3341903698263,23.2161717258551],[77.33417891043415,23.216137345018236],[77.33415216860678,23.21612970399053],[77.33411205842636,23.216125883664805],[77.3340814969483,23.216112513840326],[77.33406239724788,23.21608004281446],[77.33407958695,23.216039931603266],[77.33411587811837,23.216011281272394],[77.33418082041428,23.215994091391632],[77.33424003164612,23.21598262984632],[77.33428778293062,23.215967350235285],[77.33433553400573,23.215942518811527],[77.33436800536282,23.215913867889917],[77.33437373497338,23.21587566685643],[77.33438710555157,23.21580499499916],[77.33440047639706,23.21575915407054],[77.33444822730891,23.215726682630525],[77.33449788873243,23.21570376323081],[77.33454182014289,23.215692302135736],[77.33457238143211,23.215696121874796],[77.33461249170003,23.21571904302397],[77.33465642255919,23.215738143759115],[77.33470990492124,23.215749603924774],[77.33475383552509,23.21574960372161],[77.33480158686605,23.215755334001567],[77.33484169814228,23.21577825502309],[77.3348455190152,23.215799264628053],[77.33483596786256,23.215829826090214],[77.33482068785634,23.215879486719395],[77.33480731651521,23.21594633860016],[77.33480349653915,23.215990270808124],[77.33481877755126,23.216017011098028],[77.33485315877668,23.216028472195955],[77.3349219208172,23.216032291679493],[77.3349945034535,23.21603038161736],[77.3350441638783,23.21601319119363],[77.33507854460937,23.215994091347827],[77.3350744405281,23.215981777966743],[77.33504195755162,23.21596678565161],[77.33498816544125,23.215961936602287],[77.3349594527389,23.215960141698424],[77.33493612528406,23.21596014237103],[77.33489697712801,23.215958487567658],[77.33489080016844,23.215956722591184],[77.33488374113766,23.215953635419556],[77.33487800501345,23.21595010638636],[77.33487491703939,23.21594613468939],[77.3348718286357,23.215939516810877],[77.3348718287918,23.215933340233345],[77.33486918210878,23.21592275233378],[77.33486918154104,23.215917899345413],[77.33487447622558,23.21590554602391],[77.33487786651311,23.21589831775998],[77.33489353209517,23.215878736558853],[77.33493881447652,23.215830938302016],[77.33497654992058,23.21580074997458],[77.33498613252819,23.215798886172454],[77.33501490924573,23.2157932914269],[77.3350631950659,23.21580263733183],[77.33507312482841,23.21580455885312],[77.33510603084405,23.215821011750897],[77.33514305040879,23.215845691187184],[77.33516772860558,23.215868314208745],[77.33518623936277,23.21587859680424],[77.33521503094069,23.215882709946776],[77.33524588140543,23.21587859701101],[77.33529523910008,23.215855974254897],[77.3353199192424,23.215835407820656],[77.3353281447499,23.21578399320708],[77.33537365378102,23.215574256011134],[77.33537544737229,23.21556599209401],[77.3353795597184,23.215512520317763],[77.3353939572299,23.215485783763256],[77.33540423999318,23.215475500981317],[77.33543508913625,23.215448764916253],[77.33547827824819,23.215417915920945],[77.33550501397406,23.215409688815317],[77.33550855399595,23.21540805522022],[77.3355852213688,23.21537266958553],[77.33562018439561,23.215321255119992],[77.33563252426596,23.215278066119023],[77.33559278701665,23.215057525611346],[77.33559828925772,23.21480348624604],[77.33559971558687,23.214784998785145],[77.33557871168716,23.214679659620778],[77.33551253723456,23.214613185977246],[77.33548919098203,23.214588212423937],[77.33548856109779,23.214586951196335],[77.33548278782413,23.214575405749372],[77.33547696729845,23.21456434615303],[77.33547813211464,23.214556779375556],[77.33548278806613,23.214548628980094],[77.33549035608971,23.214544554713797],[77.33550432585521,23.214542226238414],[77.33553980951051,23.21454222579502],[77.33554203268423,23.214541798640848],[77.33558316481508,23.214541798833892],[77.33562224102674,23.21454591170003],[77.33565926003294,23.214547968819755],[77.33572376767702,23.214543789690623],[77.33573891021928,23.214542809113574],[77.33575579101795,23.214539898370596],[77.33578314896042,23.214531167270028],[77.33579886601169,23.214526509981894],[77.33581632942628,23.214520688784138],[77.33583146297109,23.21450962873083],[77.33584834437836,23.21450031631435],[77.33585919214151,23.214489016084627],[77.335916100601,23.214451698355788],[77.33595783372265,23.21440056989383],[77.33598684603878,23.21435227177882],[77.33602758621355,23.21427275888229],[77.33603487126354,23.21425558797518],[77.33604007398645,23.214241020203264],[77.33604163505747,23.21422801164834],[77.33604891905915,23.214173379741425],[77.33602030161502,23.21409481321314],[77.33600943683813,23.214020255033716],[77.33596158059022,23.213784965931712],[77.33596980810277,23.213712984282868],[77.3360253355186,23.213548455602023],[77.33605207163114,23.213474416969742],[77.33613228049319,23.213375700309516],[77.33620220532603,23.213316058112223],[77.3362371669773,23.21329137924279],[77.33626881922712,23.213261234042054],[77.3362803558572,23.213250246756857],[77.3362995302503,23.21321779780938],[77.33630709246025,23.213205000624335],[77.33631737489318,23.213163869179326],[77.33633999806476,23.21311039742425],[77.33637084678342,23.213063095289897],[77.33642226335203,23.2129993397827],[77.33645928171258,23.21296643405501],[77.33652340674146,23.21290230941397],[77.33654154550923,23.212845093884987],[77.33652303652792,23.21275048992624],[77.33631326218588,23.21247079065579],[77.33622647400345,23.212011210590802],[77.3362227707242,23.211991599927384],[77.33619093373336,23.21186859383144],[77.33613227984748,23.211641975794084],[77.33616312853182,23.21141369221798],[77.33623622237171,23.21122913504491],[77.33624411602493,23.211118132959847],[77.33626702889555,23.211057032759197],[77.33633833939606,23.21092468859563],[77.33635295099316,23.21087182397914],[77.33635676989859,23.210829817215668],[77.3363815920813,23.21076108003149],[77.33640832337898,23.210698069557267],[77.33641977943937,23.210656063996225],[77.33646369535803,23.210570141603412],[77.33654579797039,23.210447942409612],[77.33658016721904,23.21038493219618],[77.33659735108198,23.210333379362233],[77.33661071724575,23.210293282266118],[77.33663744758053,23.210218816372535],[77.33665081383414,23.210163443804085],[77.33666418010378,23.210119529408182],[77.3366718172872,23.210100435140905],[77.33668327304196,23.21007752237863],[77.33670427701557,23.210064157394086],[77.33672718917491,23.21005461006176],[77.33674819207314,23.210046972421924],[77.33679401730268,23.210043154058397],[77.33683793318232,23.210043153582497],[77.33689139636427,23.210043153628895],[77.33694294935472,23.21003933521687],[77.33700023015493,23.210022150412584],[77.3370479646583,23.210001146819025],[77.33707660483505,23.20995723210315],[77.33710524596773,23.20989804098143],[77.33712433984839,23.209846488408346],[77.33714725215721,23.209794934637443],[77.33716634596139,23.209747200262527],[77.33717207407834,23.209689919291915],[77.33714852434294,23.209578227846972],[77.33710949460757,23.209472848887476],[77.33708217436255,23.209394789854727],[77.3370587573921,23.20926989619316],[77.33707046620849,23.209141099847486],[77.33710949469749,23.209016206459747],[77.3371485242344,23.20883276862654],[77.33719926173836,23.208762516189744],[77.33724609712147,23.208661039700655],[77.3372571079104,23.208430342710205],[77.33726717363527,23.208273015654925],[77.3372561850321,23.208215325122893],[77.33725343787734,23.208154888280248],[77.33725343798761,23.20809719666341],[77.33725618458136,23.208045001420107],[77.33730219989434,23.20784709178947],[77.3374749547697,23.2075839336749],[77.3376432999669,23.20734308792462],[77.33771654510106,23.20715650817079],[77.33771596766515,23.207080212936447],[77.33769194746442,23.207040175835758],[77.33766392101535,23.206992133371145],[77.33757584085068,23.20669586505744],[77.33770796091672,23.20634354576733],[77.33783966517738,23.206177471781533],[77.33788412087634,23.206091317225574],[77.33787211022958,23.206015247703885],[77.33784808802562,23.205959198183958],[77.33783207292221,23.205879125210792],[77.33780404816376,23.205698961612946],[77.33778803412767,23.205650918995815],[77.33772797865902,23.205486769580148],[77.33768393906867,23.205406696895512],[77.33765191015608,23.20531060985055],[77.3376278885297,23.205218526876024],[77.3376358962118,23.205154468957495],[77.33769594985749,23.20513845545402],[77.33776401220562,23.205134450851098],[77.33783607714535,23.205134450662197],[77.3379161503804,23.205134450653436],[77.3379922179057,23.205138454830948],[77.33805627602922,23.205150464755082],[77.33816837784546,23.205142458078157],[77.3382284319221,23.20513845486096],[77.33829249007341,23.205118436074912],[77.33834854056515,23.205078399837983],[77.33836455616067,23.20504637077823],[77.33836855946794,23.204994323772738],[77.33836055227367,23.204926261627026],[77.33833653023594,23.204838182689656],[77.33832451934892,23.204806154159535],[77.33828848665249,23.204770121066687],[77.33818266103147,23.204681155400657],[77.33806068942309,23.204640498179636],[77.3379229050127,23.204651791967766],[77.33781900333106,23.20468567273766],[77.33773768787162,23.204667603015654],[77.33769025434597,23.204624687231664],[77.3376586320394,23.204550147878816],[77.3376676670692,23.204480126723897],[77.33763152653829,23.20437396579744],[77.33752762384795,23.20411195133085],[77.33751962364153,23.204089642329762],[77.33746197738061,23.203919417028363],[77.33745421658932,23.203884495583836],[77.33743287670819,23.203837935151295],[77.33742682543254,23.20383087376285],[77.3374095959969,23.203810774589343],[77.33737880804631,23.203779986728538],[77.33730200833689,23.20372361298059],[77.33722723403346,23.203682732911286],[77.3371864925404,23.20365363214341],[77.33714963166945,23.203620652202293],[77.33710889207164,23.203566331354615],[77.33707397106096,23.20354305067015],[77.33704293130832,23.20352365001206],[77.33701576973172,23.20351395008931],[77.33698804361332,23.203490259343564],[77.33689029505531,23.203326456754677],[77.33675503910092,23.203135404368954],[77.33664008497166,23.20299990443293],[77.33645570522027,23.202814291801495],[77.3363139372828,23.20268251991884],[77.33630881496595,23.202530779349846],[77.33622074512607,23.202442709439683],[77.33614334963472,23.20236531364277],[77.33612760733331,23.202351668307454],[77.33611987926858,23.20234496981923],[77.33634186039441,23.202099373110887],[77.33634688019923,23.20209388366703],[77.33652659981882,23.201897386434894],[77.33652659960254,23.20188009698053],[77.33652413054821,23.201860338827263],[77.33649943280604,23.20184058065265],[77.336420400061,23.201801064188476],[77.33631779654098,23.201760359367828],[77.33631503285469,23.20175316997556],[77.33631229144689,23.20174604216394],[77.33632110133819,23.20169318080275],[77.33634092401275,23.20166014263611],[77.33636405116478,23.201634813786498],[77.33638607564161,23.20158195290673],[77.3363915818575,23.201535699964126],[77.33638717690022,23.20149825707823],[77.3363159606178,23.20116087559314],[77.33628027027572,23.20093959355392],[77.33625885640575,23.200693327676404],[77.33623744111193,23.200443493851836],[77.33621424228402,23.200222212292744],[77.33617319772182,23.199831398674746],[77.33615713734062,23.199608331898983],[77.33616784391843,23.199579779616656],[77.33616606009211,23.199561934324073],[77.3361571367372,23.199540520007908],[77.33614286145237,23.199519105233275],[77.336037573575,23.199226441868962],[77.3359606711896,23.198896070645567],[77.33586945506991,23.19851774389462],[77.33577840082471,23.1980914450882],[77.33569453695053,23.197820501401786],[77.3356792003209,23.197771131705274],[77.33565839277436,23.197754948853987],[77.33561215608486,23.197750325576564],[77.33554973660607,23.197748013917],[77.33536247934026,23.197773443720536],[77.33524457510599,23.197771132243883],[77.33518215589397,23.197741077956024],[77.33510586617858,23.197683282308105],[77.33505962929684,23.197634734332187],[77.33501108094926,23.197572314673774],[77.33496484358311,23.19751914323179],[77.33492785511487,23.19747290579384],[77.33487930628849,23.197428980777826],[77.334622692667,23.19738736815016],[77.33452328505142,23.197338820238343],[77.33448167187478,23.197267152894927],[77.33439613426833,23.19701516390853],[77.33432677913402,23.196746991199458],[77.3343599771113,23.196609005065415],[77.33440088271112,23.196557872263885],[77.33456450692303,23.19642492816968],[77.33467188481272,23.196332890402644],[77.33474346962942,23.196251078188528],[77.3347792629345,23.196205059425374],[77.33482016832986,23.19615903964327],[77.33488152711348,23.19610279389836],[77.33489175429666,23.19603632203901],[77.33489175380774,23.19594428356222],[77.33488664066256,23.195877812284042],[77.33488664092862,23.19577043371922],[77.33488664059445,23.195617036835294],[77.33484062121131,23.195458526693063],[77.33484573522983,23.195238658116423],[77.3347807994858,23.194849944366677],[77.3347793701489,23.194811416273026],[77.33479727287549,23.194791629397436],[77.33480213036539,23.194786260807906],[77.33482009707201,23.19476589841612],[77.33482249279746,23.19474912764381],[77.33481770229143,23.194715587922428],[77.33480692083762,23.194682048560846],[77.33476499569414,23.19461377123573],[77.33476025715495,23.194577194263545],[77.33476335041148,23.194556570772992],[77.33476335026677,23.19453594820156],[77.33476747436224,23.194514294098962],[77.3347695371879,23.194478205288814],[77.33476231859579,23.19445655097947],[77.33473860324698,23.194379215684055],[77.33465666208272,23.194121121861436],[77.33458392266671,23.193920299688926],[77.33455229820392,23.193831748685813],[77.33443212087796,23.193585070203657],[77.33426292367749,23.193279882725328],[77.33421049478429,23.19318241601867],[77.33406338276808,23.19285332919989],[77.33404209359708,23.1927996809368],[77.33387162026665,23.19225048168231],[77.33375631367588,23.191994455021643],[77.33369536994938,23.191822504652198],[77.33363877853145,23.191500371027875],[77.33351471350636,23.190914870751254],[77.3333623530432,23.19030325227176],[77.33332361931791,23.190124642641617],[77.33332317536818,23.19012259580485],[77.33332155922,23.190120557675932],[77.33327311259728,23.19005947544503],[77.33322305155701,23.189972411813567],[77.33310987014694,23.189746046942762],[77.33287997208791,23.189244983111603],[77.33270072921714,23.188889581655612],[77.33260490329623,23.18864905061531],[77.33246499105488,23.1882811343092],[77.33244696869545,23.188216600096005],[77.33243948296177,23.188189792004472],[77.33311204597825,23.188048314634422],[77.33334678502021,23.18800393732138],[77.33347678041856,23.187993268772924],[77.33356136105803,23.18799855597659],[77.33362479612273,23.188038202917],[77.33368294462785,23.18806463441596],[77.3338151023215,23.188141285112952],[77.33401069371307,23.188273441714387],[77.33417192464334,23.18836066510586],[77.33423007410705,23.188373880547015],[77.33427765045596,23.18837388096298],[77.3343595866111,23.18835802165196],[77.33442302309116,23.188347448653854],[77.33450760341927,23.18832894732444],[77.33461332794624,23.18832894728358],[77.33472169721396,23.1883553792526],[77.33480627661486,23.188392383327784],[77.33486178303157,23.18841352830501],[77.33494372036647,23.18841352785303],[77.33529525691132,23.188334234099468],[77.33622828368128,23.188112210179852],[77.33635515376528,23.18809106467034],[77.33648995400564,23.187995912151976],[77.33654281682533,23.187948335702515],[77.33662211057477,23.187921905077083],[77.33679655799736,23.187895472817658],[77.33703708276202,23.187866399458304],[77.33719302810991,23.18785846920407],[77.3372352173513,23.187853662836226],[77.33740183611751,23.187834681350576],[77.33789345870277,23.187699881066585],[77.33809798916587,23.187639142249566],[77.33834279236234,23.18755979539702],[77.33872397893549,23.187452213340155],[77.3391084409801,23.18733223002935],[77.33922710740751,23.18728955808295],[77.33951368398976,23.187186508126416],[77.33963997581557,23.18714071020374],[77.34000207745653,23.186982883901322],[77.34052337818775,23.186774784349858],[77.34096577079914,23.18659363337091],[77.34122382228267,23.18648796589534],[77.34139236461459,23.18641452620736],[77.34150490434124,23.186391355785894],[77.34185079631084,23.186245718371442],[77.34245468227842,23.185993965963313],[77.34247803423912,23.185984230396013],[77.34257898818703,23.185929616305025],[77.34267497840656,23.185845211604402],[77.34278089696774,23.185815422020333],[77.34285206108001,23.185803837129516],[77.34296294504841,23.18575749834176],[77.34306720883387,23.185711157805706],[77.34321946744859,23.18565985370811],[77.3433303512572,23.185628408859397],[77.34336246317416,23.185630481322],[77.3433988164063,23.185634660559987],[77.3434162339695,23.185636663815142],[77.3434164098241,23.185636684018096],[77.34343461499319,23.185636684148143],[77.34347102499197,23.185630064106373],[77.3440006197523,23.185467875169945],[77.3451690384065,23.18513025902493],[77.34539161518458,23.185066902187184],[77.34556281016606,23.185018179826162],[77.34578638981944,23.18495455105085],[77.34586788971764,23.18494281291712],[77.34593832151272,23.184948523611983],[77.34596877936131,23.184956137566328],[77.34600113973481,23.184961849358064],[77.34605443993063,23.184954235356084],[77.3461077393399,23.184935199307667],[77.34615913578726,23.184895223974454],[77.34621433867028,23.18486857375934],[77.34623709036154,23.184850529645654],[77.34626954287681,23.184824792150547],[77.34632284259193,23.184803853248987],[77.34637423871695,23.184790527580883],[77.34643515306888,23.184771491881694],[77.34648845290485,23.184760071312837],[77.34658553453681,23.184725807047652],[77.34660647542415,23.184685832365936],[77.34663312360739,23.184655375251708],[77.34665977427561,23.184626820783],[77.34669594224633,23.184607784850044],[77.34681205991305,23.184567809684623],[77.34697766958045,23.184508799747157],[77.34710105584519,23.184462306432216],[77.34731515774669,23.184370504019842],[77.34743331745773,23.184321927752034],[77.34750214492917,23.184297286209656],[77.34760326352392,23.184303233999966],[77.34770098341878,23.184312580571962],[77.34775726054538,23.18431838742645],[77.34778133821081,23.18432290119951],[77.34781333714113,23.184328900934535],[77.34786765992773,23.184352557620834],[77.34790270730947,23.184399870895255],[77.34793600222378,23.1844822316214],[77.34794563994137,23.184542688158587],[77.34795702993341,23.18465045818716],[77.34797163425098,23.184708873095055],[77.34797455436942,23.18472055342589],[77.34803413408927,23.184760856925593],[77.3481524181476,23.184774875804646],[77.34828296868824,23.18480729401293],[77.34831059016989,23.18481128840133],[77.34835569180288,23.18481780939038],[77.34838635752344,23.18481780870416],[77.34844769037213,23.18479940897414],[77.34850376587148,23.184765238427158],[77.34853793668726,23.18473982931648],[77.34856203408826,23.18471788777604],[77.34857503819448,23.184706048189963],[77.34858294341205,23.18470341288791],[77.34859558987054,23.18469919722223],[77.34860830026821,23.184696020092467],[77.34861386039532,23.184694630021692],[77.34863669574602,23.184694629712208],[77.3486572488733,23.184694630257372],[77.34866062896067,23.18469526389425],[77.34867551849008,23.184698056180494],[77.34875887096504,23.184712898596334],[77.34883080584545,23.184734593621293],[77.34888333009025,23.184754005072527],[77.34895412262634,23.18480767059661],[77.34896888582979,23.184821057691376],[77.34907740227015,23.184919457650555],[77.34917906203901,23.185018907963276],[77.34928182602454,23.185083991913714],[77.34943597154182,23.18521644278863],[77.34952998579737,23.185309578741975],[77.34958098255686,23.185395708792374],[77.34959930542628,23.18541143607326],[77.34961738915175,23.18541714668121],[77.34964213556833,23.185431424263996],[77.34966212275498,23.185455217986995],[77.34978490334942,23.185676984403937],[77.34981345688648,23.18573028411022],[77.34982773355559,23.185760741297337],[77.34982868536433,23.185825461725617],[77.34984676928495,23.185870196093116],[77.34987722604853,23.186014867802708],[77.34992005708119,23.186122419071374],[77.34993147778916,23.186192850684044],[77.34994194826362,23.18625566908173],[77.34995622362824,23.18630135473974],[77.34998477808088,23.18632895617765],[77.35000762078415,23.186351799193062],[77.35001713926285,23.186377497191085],[77.35001713861563,23.18640034031853],[77.35001428276377,23.18642698999653],[77.3500147873055,23.186449458217805],[77.35001597671027,23.186467304191446],[77.35002906408728,23.18647920069494],[77.35003977124569,23.186491097938582],[77.35004809915175,23.186502995871425],[77.35005642700364,23.186514892909692],[77.35006713465354,23.186536308452318],[77.3500778426294,23.186560102885547],[77.35009925819024,23.18660174314951],[77.35010282688522,23.186638625081944],[77.35010282743984,23.186650037182243],[77.35010282698624,23.18666836816998],[77.35009568853216,23.186696921680287],[77.35009211937177,23.186759977286126],[77.35009687834479,23.186781393236014],[77.35011353451894,23.18681113589073],[77.35013257028055,23.186836120012185],[77.35015517459695,23.186861105348434],[77.35017421137432,23.186889658219272],[77.3501872980598,23.1869122629635],[77.35019294821488,23.186919696781132],[77.35019562595987,23.186924159983338],[77.35020038542497,23.18693605757222],[77.35020633380825,23.186952714014566],[77.35021034039322,23.186966066801624],[77.35023614469331,23.187045290274355],[77.35024237691054,23.187096350855043],[77.35025999217586,23.187175237136813],[77.35028296861478,23.18728782226026],[77.35030554027881,23.187416923546685],[77.35033859774413,23.187522295947073],[77.350396448989,23.187684486426047],[77.35043570478491,23.1877691961099],[77.35047289502506,23.18785803867999],[77.35047082938736,23.187890063910675],[77.35043333744163,23.18794715341556],[77.35040574686249,23.187975807171437],[77.35039025080518,23.188021262379564],[77.35038611766124,23.188054318988844],[77.3504036798581,23.188082211708682],[77.3504150436081,23.188105971935514],[77.3504315734618,23.188147293888026],[77.35045326665073,23.188223740206343],[77.35048322567985,23.188308450750345],[77.35053915305626,23.188390668909825],[77.3505786498587,23.1884618982888],[77.35065333176857,23.188528092910108],[77.35075412225248,23.188625976404506],[77.35079945018666,23.18871067703525],[77.35085388962938,23.18898085975006],[77.35084282809072,23.189074736673653],[77.35082712353756,23.189120422758617],[77.35081427480469,23.18914040965343],[77.35079857031134,23.189151831579178],[77.3507728720231,23.18915896967278],[77.35075574041784,23.189161824704357],[77.3507371801054,23.189164680761337],[77.35071862083961,23.189171819332277],[77.35070006093048,23.18919323407288],[77.3506986332991,23.189198945138457],[77.35069577756046,23.189230354425256],[77.3506957782158,23.18925890666482],[77.35070006082654,23.18930173756317],[77.35072242196281,23.18938583178274],[77.3507563307782,23.18953001900805],[77.35079758603088,23.18971490334849],[77.3508510646965,23.189814220967982],[77.35094274310421,23.189913537952005],[77.35115665904372,23.19015495668468],[77.35123305737712,23.19023746835446],[77.35138890965135,23.19045596700798],[77.35144086145316,23.190549173354913],[77.35163949735524,23.190710625319248],[77.35169089278563,23.19076963570205],[77.35181664867608,23.190938408824163],[77.35197295280032,23.191245950869806],[77.35209501165511,23.1914464772985],[77.35218801019424,23.19171965766785],[77.3522721981144,23.19200309168566],[77.35227519511201,23.19201318237342],[77.35237691161281,23.192268924921954],[77.35249606543984,23.19243457793888],[77.35252512709205,23.192536293652797],[77.3525251269709,23.192611853591742],[77.3525774375565,23.192719383363254],[77.35271984109211,23.192783318933415],[77.35292046102535,23.19308566276499],[77.352926178938,23.193094279976044],[77.35293794332851,23.193110455782914],[77.35308892501101,23.193318056090458],[77.35326620152249,23.1935040507735],[77.35333824234114,23.19355607957183],[77.3534231355539,23.193617392284505],[77.3535713511253,23.19378013792395],[77.35358924139308,23.193804176418155],[77.35371909659581,23.193999437982974],[77.35373099489337,23.194108892819887],[77.35373133544527,23.194120056233544],[77.35397950835734,23.194051397992766],[77.35419637112078,23.19401871968676],[77.35440789626125,23.193963664695136],[77.35458537429234,23.19393251617285],[77.35496423537342,23.193889777294526],[77.35530977277945,23.19388180841452],[77.35554592694476,23.193862974370685],[77.35622495633895,23.19373497133655],[77.3569135114323,23.19381262356847],[77.35765230240307,23.193896702658925],[77.35783229208933,23.19387533610446],[77.35791667743533,23.19387793264801],[77.35858915831096,23.19394803670724],[77.3590175728801,23.19399347535836],[77.3593982762503,23.194302619646713],[77.35963973047289,23.194643243309475],[77.36053009173295,23.19452682679377],[77.36065728732433,23.194526826857985],[77.36081487973073,23.194537577804248],[77.36116801996631,23.194517315608287],[77.36175562436209,23.194427583699827],[77.36193353444352,23.19438458741731],[77.36199875917316,23.194374234302746],[77.362037064573,23.194378375635093],[77.36207433678328,23.19461339179916],[77.36212044475202,23.194632522041303],[77.36214969907607,23.19463983597696],[77.36218382895244,23.19464958702697],[77.36222283426955,23.194658118579497],[77.3622715906311,23.194664213821945],[77.36231547193167,23.194665432968083],[77.36234472639083,23.194667870772893],[77.36238129347832,23.194675184196427],[77.36242273586997,23.194694686897584],[77.36243614406852,23.19471175194792],[77.36245320889437,23.19474222372986],[77.36247515030247,23.19476294594686],[77.36250806000865,23.194781230353453],[77.36254351576135,23.19479266691239],[77.36254584721206,23.194793419061018],[77.36259094693719,23.19480682676279],[77.36263482839479,23.194820235098415],[77.36266408216285,23.19482998609146],[77.36268845966029,23.194844613237546],[77.36274574854892,23.194878743201635],[77.3628066951775,23.194934813378552],[77.36282497788802,23.194959190710076],[77.36284082360451,23.195011605467524],[77.36284935680031,23.19504085888224],[77.36285910763581,23.195077425794175],[77.36286276540409,23.195107898717417],[77.36286763986955,23.195137153398047],[77.36287129745374,23.195163968823763],[77.36287495439205,23.195181033921795],[77.36287983033507,23.19519931779572],[77.36288802535817,23.195209855233287],[77.36289689440083,23.19522125774145],[77.36291639681227,23.195227353065825],[77.3629627163936,23.195234666125913],[77.36300537785495,23.19523466629651],[77.3630553532542,23.195238323393745],[77.36312361286998,23.195229790687264],[77.36316505622297,23.195220039308623],[77.36323209568617,23.195198099452522],[77.3632625686413,23.19518712941927],[77.36330401189794,23.1951688453324],[77.36333692313872,23.19515909424602],[77.36336739645512,23.19515056131659],[77.36341493335443,23.195135933995637],[77.36348075542634,23.19513105822224],[77.36353072956996,23.1951310577339],[77.36356597424974,23.195130405695473],[77.36359655188666,23.195129840297295],[77.36360009691391,23.195130748936954],[77.36364408965518,23.195142029462705],[77.36366968659225,23.195151779621398],[77.36369162662014,23.195157875258836],[77.36371844321695,23.195161530931742],[77.36373916498867,23.19516275025273],[77.363769638022,23.195155436729387],[77.36382111412159,23.195133828580875],[77.3638683702845,23.195113993978115],[77.36389518579162,23.195113993972456],[77.36389762438135,23.19511399433557],[77.36393053516127,23.195118868674104],[77.36396344507017,23.195137152687504],[77.36398782417307,23.195167626265533],[77.363999006316,23.195183728915413],[77.36401829674438,23.19521150694832],[77.36404998795219,23.195254169267265],[77.36407314826124,23.19528220368528],[77.36412190443234,23.195339493387014],[77.36415969058227,23.195357777209818],[77.36419251363401,23.19537309425386],[77.36419625772652,23.1953748422585],[77.36422794995799,23.195385811827432],[77.36426631748479,23.195389300001167],[77.36441428418561,23.1953178762765],[77.3644936796315,23.195296223046707],[77.36455863996876,23.19527276472178],[77.36461096960747,23.195267351914328],[77.36470841040735,23.195267351698934],[77.3648726145802,23.19524028510394],[77.36505847435019,23.195173520228703],[77.36514147873922,23.19514825808026],[77.36527861757908,23.19507247103574],[77.36540275494184,23.19498057659245],[77.3654518446478,23.194938941446186],[77.36547349915736,23.194911873767325],[77.36548009998958,23.19489041914866],[77.36548071555742,23.194888416218856],[77.36545545438348,23.194841500542005],[77.36545545375374,23.19482345612305],[77.36546086692879,23.194799998289593],[77.36546156132437,23.194797395754676],[77.36548432495667,23.194767517730256],[77.36552763228957,23.194733232799972],[77.36555187547779,23.194721502917584],[77.36558357014562,23.19470616667679],[77.36569544588913,23.194630379973862],[77.36580371445967,23.1945527877095],[77.36584521550402,23.194518502606172],[77.36588130532547,23.194504067945367],[77.3659354388863,23.19448060967769],[77.36600890263156,23.19446520577765],[77.36603987162468,23.194442702748454],[77.3662364375744,23.194397353286593],[77.36632339564589,23.194339862736406],[77.36638113938429,23.194307381592846],[77.3664154227914,23.19427670728567],[77.36646053496501,23.194199115411916],[77.36653632173402,23.194117915420442],[77.36657060618407,23.194081826104593],[77.36664097953461,23.194029496168096],[77.36668067803589,23.194007842780454],[77.36684740093663,23.193969635809484],[77.3674461134035,23.193801565996694],[77.36785898682332,23.19369386844618],[77.36819822425305,23.19362349383261],[77.36838209161256,23.193582308402952],[77.36841651072729,23.193575507235607],[77.36912080494753,23.19335461957256],[77.36950389177433,23.19323060212128],[77.3695962410631,23.193185734171315],[77.3697446515339,23.19310462665932],[77.36979847444613,23.193067186254236],[77.36985229515835,23.19303325457062],[77.36990377595623,23.193000493725478],[77.3699587669936,23.192971244425678],[77.369989188037,23.192931462936798],[77.37001843922822,23.192901041540647],[77.37005470973388,23.192871790841227],[77.37010151055311,23.19285073096059],[77.37017171218615,23.19280977956505],[77.37024425417941,23.192791059976525],[77.37028637511088,23.192787549936792],[77.37033434642619,23.192785208636142],[77.37037412672423,23.192775848656584],[77.37043262812551,23.192754788620846],[77.37057186231003,23.192697457372557],[77.37063270327143,23.192644805627836],[77.37066546423843,23.192624915631384],[77.37068886402209,23.192614385205456],[77.37073098520736,23.192600344732416],[77.37074970615852,23.192592155069583],[77.37077193563648,23.192567583852956],[77.37080352728857,23.192533653899975],[77.37085500839788,23.192438881093672],[77.37090414863219,23.19239208007551],[77.3709606401345,23.192383074600116],[77.37142300930827,23.19223270234047],[77.37362310316158,23.19193330670485],[77.37646129509386,23.191510013160116],[77.37733870999978,23.191344350730425],[77.37748157642957,23.19132158771807],[77.3774817425458,23.191321560878617],[77.37749996689823,23.19137321225556],[77.37744532312315,23.192339056029837],[77.37744458401987,23.19235980185844],[77.3774843962837,23.193242741765317],[77.37751601822256,23.193932915552114],[77.37779432266213,23.195379530457686],[77.37960701200463,23.19645567716654],[77.3804710629675,23.197241220927264],[77.38049975098085,23.19726701956311],[77.38049970909204,23.197267263903054],[77.38050034177942,23.19726783967649],[77.38026641024871,23.198629344947282],[77.37971682883551,23.19910783785971],[77.37953044106473,23.19927093805381],[77.37952752079161,23.199272659348477],[77.37952604189496,23.19927394735524],[77.37833532604097,23.19998486242252],[77.37579751114222,23.20099479187139],[77.37453585464922,23.201311271423915],[77.37363736483998,23.201996927401964],[77.37328570228533,23.202957492095745],[77.37245158785308,23.203355350063998],[77.37197178586385,23.20359035101143],[77.37127951308224,23.20356311669192],[77.37068629071092,23.203546592111223],[77.3702252575696,23.203478852094644],[77.37018346318854,23.203473718683075],[77.36979613376685,23.20488407429612],[77.36962144583434,23.20552421688483],[77.37224135811552,23.206337499072863],[77.37336857499074,23.20657824144247],[77.37412789791033,23.206738070205528],[77.37470984593016,23.206857166586662],[77.37610073201317,23.20713336272955],[77.3763901287448,23.20723434816559],[77.3765553552867,23.207289299192468],[77.37670614030495,23.20741519625668],[77.37677802143317,23.207473403744224],[77.37709526066789,23.207878932072248],[77.3774793103449,23.20840314540072],[77.37776009743077,23.208618618341063],[77.3778158457025,23.208656345056006],[77.37833778125396,23.20859747737526],[77.37972677204034,23.208265348795823],[77.38045842266227,23.20823590041522],[77.38046031358091,23.2082408927564],[77.38046191880227,23.208240827233354],[77.38081002733631,23.20914350464069],[77.38109318212302,23.20953773594066],[77.38154785744096,23.21015296767582],[77.38222688010504,23.21054333396184],[77.38290903020628,23.21094470856659],[77.38341154523204,23.211233742806584],[77.38565843721014,23.211904315149958],[77.38652841716521,23.212046611048137],[77.38680740365399,23.212179120845583],[77.3869041084344,23.212225053221452],[77.38703065300231,23.212166597314212],[77.38713356241166,23.212131114776778],[77.38810117105211,23.211988697792606],[77.38854402001674,23.2119226311371],[77.38996942414653,23.211863392628437],[77.39129186666317,23.2118529751847],[77.39159171796503,23.211940681048475],[77.39180989192442,23.21200227656496],[77.39259266089243,23.212566732857475],[77.3926075352986,23.212581059342693],[77.39260922972916,23.212582288090974],[77.39269599267249,23.21266625545606],[77.3943805611249,23.214288699948927],[77.3954558933938,23.215586595177232],[77.39665703854337,23.21476916658026],[77.39697863861616,23.214551472435108],[77.3969428679719,23.21443210930805],[77.39687918198577,23.214290583160217],[77.39687690482454,23.214285523193215],[77.39686751091276,23.21427612978874],[77.39675475044022,23.214163367632096],[77.39674253373818,23.214138937353766],[77.39681582692859,23.21405831505924],[77.39682804298226,23.214026555332666],[77.3968280431717,23.213992351213076],[77.39683537204131,23.213965477285722],[77.39685003014765,23.213953261562963],[77.39707862096526,23.21377653593359],[77.39714075852824,23.213728496744164],[77.397100049619,23.21358351037225],[77.39761976138334,23.2135430596091],[77.39812655322304,23.213509654614626],[77.3985906707742,23.213972612427042],[77.39832566076976,23.214068087903577],[77.39822060829445,23.21417802674712],[77.39810822589381,23.21429285188451],[77.39804516965587,23.21443866912589],[77.39799095714334,23.214564035889417],[77.39792743601166,23.214681304847932],[77.3978688020745,23.214752155000756],[77.39770755765,23.21492561540504],[77.39762989792973,23.21500562838896],[77.39754631299768,23.21509174502906],[77.39748279297017,23.215199241694233],[77.3977295461086,23.215543718203396],[77.39777183886058,23.21557896296067],[77.39764647982291,23.215937057304526],[77.39756341499074,23.216156936350025],[77.3976387973742,23.216220858291795],[77.39781993093975,23.216398965341703],[77.39883074758109,23.217515789752692],[77.39884545971991,23.217536206702697],[77.3995890126039,23.218000483663083],[77.39972294527146,23.218055294754883],[77.39990170296402,23.218139863211054],[77.4001314719301,23.218233286772058],[77.40020612759628,23.218267585197385],[77.40047945972792,23.218374778676296],[77.40050711872973,23.218386024791762],[77.40051037938879,23.21838690463244],[77.40052163816624,23.218391319768518],[77.40053584585073,23.218393775815176],[77.40107310693844,23.218538732132593],[77.40146355458086,23.218702084607354],[77.40164181714243,23.218818245910306],[77.40197692746156,23.21937322174471],[77.40219632957923,23.219522506630756],[77.40235394911457,23.2197277126944],[77.40305629918461,23.219938697685265],[77.40269221187387,23.220432361628728],[77.40269583498451,23.22043421982011],[77.40269385431922,23.220436903293898],[77.40297882775573,23.22057937231711],[77.40379344767624,23.2209972067548],[77.40381506624647,23.22100829492135],[77.40422973280282,23.220789898885883],[77.4046044982231,23.220424057430016],[77.40498223713506,23.220028471100324],[77.40527074721712,23.219641809053137],[77.40537474430302,23.21947064676661],[77.40545092043014,23.219476487254596],[77.40555964392303,23.21955802989436],[77.40572693830933,23.219683499867624],[77.40561510315172,23.219940482252074],[77.40585810530482,23.220046405958357],[77.40586328074366,23.220087812990126],[77.40572933180665,23.220345129224302],[77.40571670644965,23.220556091165573],[77.40598893934435,23.220517218774823],[77.40601556564572,23.2206265233024],[77.4060555409284,23.22062081184872],[77.40609170864603,23.220780712410967],[77.40621387188766,23.221120227047987],[77.40622347844284,23.221152745873987],[77.40627241974899,23.221332640298847],[77.40627290822889,23.221334433196247],[77.4059069314508,23.221411298033043],[77.40550247364084,23.22149858714125],[77.40522043384476,23.22155945645561],[77.4048535047516,23.221534991275217],[77.40444024817992,23.221390977427564],[77.40440189815786,23.22137520084665],[77.40411047752937,23.22125531281424],[77.40402907883738,23.22124279003396],[77.40395811612888,23.221228180187996],[77.40393167581703,23.221244976982337],[77.40383768906361,23.221304687281307],[77.40361319072132,23.221772217190374],[77.4035642540527,23.22187874443271],[77.40226846903136,23.224603795047898],[77.40081116608363,23.22450567881579],[77.39904987167458,23.224388359799025],[77.39887477043733,23.22440757479402],[77.3986154752692,23.224394438090968],[77.39836591092921,23.224463413828236],[77.39811396864327,23.224491061262516],[77.39571825465084,23.225195192268142],[77.3925067049231,23.226082823139002],[77.39179944931686,23.22389980861763],[77.3916707366561,23.22392992034887],[77.39069405590233,23.224191225129722],[77.39054412669792,23.22426833197014],[77.39022284993072,23.22434972225117],[77.38997439590584,23.224411835324243],[77.38970238163397,23.2245210690192],[77.38941323215548,23.22454677169248],[77.3892183426272,23.224438925577935],[77.38737916521822,23.226412985741145],[77.38739532639072,23.226425902913686],[77.38739493574968,23.226426324702885],[77.38748389824158,23.226496695685437],[77.38872793978176,23.227491020106957],[77.3887890108684,23.227529069264254],[77.39298255327604,23.230846249540264],[77.39447855516005,23.232111942061394],[77.39429925812276,23.232292646602392],[77.39434029842727,23.232636752836527],[77.39428359173434,23.23276161428773],[77.3940686653095,23.232865619790307],[77.39379509549354,23.232901645384132],[77.39377679286898,23.232900947935363],[77.39377309568893,23.232904542343316],[77.39376787741887,23.23290522923781],[77.39363808632297,23.23303576800733],[77.39292074194182,23.23373300630427],[77.39290625306973,23.233771817833397],[77.39287760817768,23.23380062776107],[77.39287869397785,23.233845639104825],[77.39286370202161,23.23388579842704],[77.39288188457289,23.23397785594824],[77.39288539952845,23.23412347782084],[77.39313441751042,23.23437292686239],[77.39355696250473,23.235179650775493],[77.39364873598042,23.23537159859382],[77.39415300899982,23.236446656356673],[77.3945446194321,23.237110483022043],[77.39485504167175,23.237425681910672],[77.39502363481292,23.237529430630254],[77.39510838319845,23.23758158319326],[77.39516546497592,23.237616711095335],[77.39526197327754,23.23764652707414],[77.39565446929312,23.237767786230904],[77.39596777932714,23.237829716748095],[77.39629932589655,23.238137320737742],[77.39874450202772,23.240350641988478],[77.39843577226698,23.240721391281586],[77.39807059547236,23.24115992509132],[77.39747297208167,23.240763481636645],[77.39736358169267,23.24071592133086],[77.3972592132956,23.24067054283255],[77.3972525392031,23.240667641115],[77.39699057507798,23.240613332008728],[77.39680585635531,23.240608053589472],[77.39676694799091,23.24060694259996],[77.39654012567622,23.24060055269806],[77.39628455176987,23.24053346486291],[77.39618392061264,23.240491986382377],[77.39581173933462,23.240229971371974],[77.39555935983516,23.24007343083249],[77.39545074064009,23.239939254935866],[77.39527822782682,23.23970923821905],[77.3951248839713,23.239559088193],[77.39512082923217,23.23955636369295],[77.39485030194497,23.239374604216835],[77.39471596459101,23.239284346405714],[77.3943933023433,23.239105444321666],[77.39419842710065,23.238977657020296],[77.39407383480011,23.2389457096214],[77.39401952478896,23.238952099229543],[77.39395882601166,23.238955293613984],[77.39389493326229,23.2389457098948],[77.39382327934175,23.238917309374063],[77.39377540579518,23.23889486770955],[77.39373501326266,23.238863451768914],[77.39369013109781,23.23883053882956],[77.3936437542122,23.238802114102572],[77.39358391175669,23.238772192941745],[77.39355099999074,23.238760224797588],[77.3935076138445,23.238745264206724],[77.39347046644345,23.238729547409893],[77.39346871701039,23.2387288076768],[77.39340289094328,23.23871833607119],[77.39334155396024,23.238704871162476],[77.39329816938034,23.238685422809745],[77.39326076762838,23.238656998321066],[77.3932323427949,23.238628573218296],[77.39315155701156,23.23855526659961],[77.39310368334783,23.238507393690988],[77.3930752578178,23.238469993362273],[77.39307306008146,23.23846651165379],[77.39305730612864,23.23844156781592],[77.39296006340957,23.23832038885855],[77.3928433716187,23.238175272579877],[77.39266235103747,23.237970315160144],[77.39258156508704,23.23789700898221],[77.39250377075066,23.23784764042152],[77.39245739441846,23.237819215165388],[77.39241251157287,23.2377818141175],[77.39238558446178,23.237744412771676],[77.39235715911533,23.237715988342845],[77.39230778884854,23.23769055473364],[77.39227637337903,23.23767559528117],[77.3922015701218,23.237575359579147],[77.39216416896251,23.237512525721083],[77.39214322503199,23.237479612846553],[77.39210432775462,23.237439220416775],[77.39204598205268,23.23741678006321],[77.39199362112984,23.23739733078088],[77.39195023562667,23.237382371359832],[77.39190236235282,23.237340481946408],[77.39186944879573,23.23730008944272],[77.39184102467988,23.237261191303375],[77.39179464667735,23.23721930210183],[77.39176472643871,23.23719087812006],[77.39169890085115,23.237128044298913],[77.3916704761064,23.23710410726573],[77.39162858745932,23.23707269030651],[77.3916175900822,23.237061253596814],[77.39159118567767,23.23703379261462],[77.39158116463858,23.237015520397268],[77.391565752571,23.2369874161308],[77.39154032039701,23.236941038692052],[77.39151937620245,23.23688867694255],[77.39149992715177,23.23684828364632],[77.39147150226975,23.23680789075506],[77.39141016489498,23.236763009690907],[77.39134433877324,23.23667474281161],[77.39129347367685,23.236644822616285],[77.39125906491411,23.236625373957718],[77.39123213633556,23.2366119096376],[77.39115284642652,23.236540099931666],[77.39110646816322,23.236474274042628],[77.39106308334148,23.236396480326743],[77.39103914658726,23.236321678097195],[77.39100922643141,23.236248372255012],[77.39097780874705,23.236224434601677],[77.39092145885743,23.236175500325285],[77.39084401536283,23.235990632898698],[77.39068747645003,23.235552962103093],[77.39060760877332,23.235313360966092],[77.39053093680856,23.23519515818897],[77.39044115433246,23.235137234234063],[77.39043190164901,23.235131265342467],[77.39022105256049,23.234939584175656],[77.39016979157927,23.234875226319094],[77.39003476493669,23.23470569905396],[77.38993393866006,23.234579112873405],[77.38962794091297,23.23434349238672],[77.38936303885289,23.23410708518066],[77.38910426840704,23.233642514583472],[77.38904852204784,23.233223141317193],[77.38892409951707,23.232912298937425],[77.38881373237895,23.232679993355312],[77.38877465799347,23.232418012897565],[77.38871948804125,23.232155573413202],[77.388639795696,23.23172747075659],[77.38862550536378,23.231417976745625],[77.38861768235213,23.2313655238544],[77.38756964011155,23.23146856436663],[77.38759155007362,23.23039951915231],[77.38763326651156,23.229856507700646],[77.3875725017649,23.229850985062544],[77.38752583956698,23.22985175998751],[77.38736886749386,23.23029538263318],[77.38736033033751,23.230290877744295],[77.387358101413,23.23029680773271],[77.38694013755618,23.23006914775053],[77.38669733880779,23.229941026662637],[77.38669395742066,23.229940622893476],[77.38651814263235,23.23011643714254],[77.38613283402752,23.22990535384029],[77.38605031734748,23.229860149752483],[77.38551943713041,23.22956724995466],[77.3853207780612,23.229495272289263],[77.38523874200878,23.229465549139622],[77.3851533129125,23.22943910703584],[77.38507805398291,23.229365882424318],[77.38498245451665,23.229215364024032],[77.38491563759302,23.229119422174936],[77.38490312783793,23.229101458645818],[77.38438342819731,23.22882405108044],[77.38411603207494,23.228758119097844],[77.38370966786027,23.228671951733364],[77.38335202777546,23.228569739379132],[77.38329553916276,23.228530868646477],[77.38292291723087,23.228274468540434],[77.38274717296169,23.227965086128453],[77.38253847719666,23.22787721390068],[77.38242131420614,23.227445176292438],[77.38226606481535,23.22694608178746],[77.3820668425933,23.226513185885025],[77.38187605267672,23.226098613138408],[77.38186771175569,23.226086606754087],[77.38169125337824,23.22583261538268],[77.38151888175814,23.22550655626671],[77.38141049463404,23.22529186671845],[77.38131878289138,23.225139708198835],[77.38115411929877,23.2247937036815],[77.38078727075049,23.224364325649848],[77.38063292354535,23.224261921131234],[77.38041638434468,23.224143550120623],[77.37995576797623,23.224487358891174],[77.37951719165777,23.224917120383022],[77.37938054960863,23.225003071730832],[77.3791072647276,23.225168365051598],[77.37868191247829,23.225424018299766],[77.3785033956544,23.225558456333864],[77.37839981232442,23.22567746711094],[77.3780427799739,23.225897857311345],[77.37789952567334,23.22602347986109],[77.37772762156945,23.226199791821145],[77.37754910498015,23.226358472783307],[77.37743670625674,23.226417977857725],[77.37713477223417,23.22680145778838],[77.37695184823278,23.227061517940246],[77.376826224621,23.227184937467225],[77.37650225053464,23.227544172838087],[77.37624439386938,23.227863739430447],[77.37608571309735,23.22813041194],[77.37614742255879,23.22843454970146],[77.37612979084793,23.228619678010322],[77.37610554821548,23.228705631124587],[77.37616064571166,23.229051643145993],[77.37616946155948,23.22928305283727],[77.37603502442283,23.229626861728914],[77.3757089176388,23.230525294183593],[77.37559973572966,23.231074823249163],[77.3755165322243,23.232128522921442],[77.3755070439987,23.23233990780567],[77.37616925287044,23.232851607298137],[77.37638521465475,23.233011013345397],[77.37684112562265,23.233330675759888],[77.37685790163991,23.23336520624211],[77.37686128591142,23.233386351378137],[77.37686580146517,23.23338983901564],[77.37689427367377,23.233592442719928],[77.37700618511877,23.234291613893845],[77.37707958373953,23.234323730107864],[77.37764837959068,23.234549057139752],[77.37766334867035,23.23518146709033],[77.37789383429977,23.23572415689937],[77.37791694142892,23.235774153300035],[77.37826929144224,23.236337308656793],[77.37881987584001,23.237347329847758],[77.37910399420575,23.237738314435227],[77.37916549001012,23.23785304525805],[77.3793025164213,23.23807257395399],[77.37937928187752,23.238535861171854],[77.37943917309819,23.23885681438821],[77.37949958830302,23.23903348234395],[77.37967815359562,23.23953344064832],[77.3789054231934,23.240041030104916],[77.37867609725473,23.240196299331853],[77.37839124466034,23.240622047021603],[77.37831193363272,23.240744356024592],[77.37807649046444,23.241160447059045],[77.37796821499421,23.24125518761363],[77.37765692406403,23.241363463202113],[77.37750804577728,23.241444668590653],[77.37732533180228,23.241464971199548],[77.37718806541663,23.241470938826343],[77.37716968739964,23.241471738393873],[77.37691929957607,23.24145143676938],[77.37667568130577,23.241404066208506],[77.37617490858237,23.241424368453416],[77.37595835935255,23.241525875950664],[77.37580271413103,23.241654452141933],[77.37571474029237,23.241749192692875],[77.37543728498694,23.241789795586616],[77.37512599373031,23.24183716692298],[77.3749365133537,23.241891304066154],[77.37482147105658,23.24187100331252],[77.37467935959626,23.24181009815954],[77.37451694673739,23.24171535714835],[77.37430039661078,23.24164768536434],[77.37411768329433,23.24164768486122],[77.37390113155988,23.241674754102178],[77.37377255608831,23.241762726619342],[77.37369134936911,23.241871003048253],[77.37358307439712,23.241999579352182],[77.37346203762817,23.24209413917516],[77.37336652443659,23.242168759067876],[77.3729469576264,23.242229664137167],[77.37264920223457,23.242297336279567],[77.37201308539811,23.24229733601461],[77.37189804288704,23.242304103176135],[77.3711604188737,23.24233793914696],[77.3710115412168,23.242385309203804],[77.37086943010912,23.24235147305948],[77.3707363716317,23.24231935586125],[77.3706731805187,23.242304102613513],[77.37024008129383,23.24230410277551],[77.37000999583117,23.24230410285887],[77.3698002132328,23.242290569314672],[77.36960396522318,23.24229056889248],[77.3694347854385,23.242249964870044],[77.36927913950754,23.242155224732844],[77.36909642485317,23.24215522468762],[77.36886634052418,23.242209361702205],[77.36861595533814,23.24221612909897],[77.3683994036103,23.2421687588061],[77.36809488123485,23.242080786391977],[77.36796630437082,23.24197250993243],[77.36743846334048,23.24176949483411],[77.36716100760917,23.241586779990794],[77.36697829368363,23.241546176980897],[77.36686325240427,23.241546176599897],[77.36657226172143,23.241546176722384],[77.36636924662926,23.24154617703415],[77.36621360128535,23.24149880669541],[77.36598351746012,23.241404066312825],[77.36565869115447,23.24125518771186],[77.36552334673564,23.24120781817092],[77.3653677017848,23.241187516338645],[77.3652218508967,23.24114946768514],[77.36505641124492,23.241106310078703],[77.36498061429631,23.241036342832615],[77.36496843813732,23.2410251032249],[77.3648872314907,23.240815320367624],[77.36479925764647,23.24065290822721],[77.36437292495654,23.24048372830074],[77.36403456527502,23.240443124888017],[77.36379094643321,23.240334849907107],[77.36328340690977,23.23997618916162],[77.36113143881143,23.238805463649438],[77.36113926151786,23.238978761911316],[77.36161658858988,23.243696333239196],[77.36199057001193,23.247325545273707],[77.36198867694135,23.247330183950396],[77.36198916598971,23.247334943288283],[77.36191071794259,23.247521289258746],[77.36148761922699,23.248558454263645],[77.36147675861126,23.248552119582474],[77.35975823957966,23.248177530757125],[77.3589987201532,23.248261921776724],[77.35788757030275,23.249077703203316],[77.35755132154151,23.249308461920315],[77.35645292054826,23.250062266339608],[77.35624194421378,23.25028730864452],[77.35607316087608,23.250667069177698],[77.35606919784321,23.250707693351014],[77.35601690137624,23.251243741932154],[77.35587624920628,23.251792284084754],[77.35562307491233,23.252031391559807],[77.35522925023383,23.252340826363458],[77.3544837954002,23.252383022257515],[77.35352736331535,23.252172044270957],[77.35255585264785,23.251870549044863],[77.35201800377322,23.251829799952677],[77.35117883135466,23.252206571891882]]]},"properties":{"zoneNumber":6,"zoneOfficerName":"Mr. Babu Lal Shikhri","zoneOfficerMobile":"9424499906"}},{"type":"Feature","geometry":{"type":"Polygon","coordinates":[[[77.50237832794085,23.28958060167728],[77.50237244210342,23.289580602141058],[77.50225471234364,23.28962769405277],[77.50216052783978,23.28971010531302],[77.50207811653733,23.289816062822034],[77.50201336467997,23.289922019751284],[77.5019544999789,23.289963224955333],[77.50189563512247,23.289998544006547],[77.50173670040833,23.29008095501188],[77.5015617416115,23.29008854381117],[77.50147727873343,23.290088544119204],[77.50136210223343,23.290105179646282],[77.50124269056533,23.290122088460006],[77.50091839776445,23.290173562785114],[77.50088236584506,23.289880155307],[77.5007897101938,23.289653665339912],[77.50062499018748,23.289385994216744],[77.50028986630379,23.288515777188813],[77.5002545731358,23.2884593083452],[77.50021928047963,23.28842099010655],[77.50017087829983,23.288385696767403],[77.50012449319298,23.288370571252024],[77.50009121703397,23.288372587640566],[77.50004483075291,23.28841493878243],[77.49999844610349,23.288452249025546],[77.49992483485177,23.28851476764761],[77.49987549694187,23.28857496886535],[77.49976962763627,23.288636262193364],[77.49958575139328,23.288697554419397],[77.49947430991993,23.288691981625146],[77.49944645023868,23.288658550155425],[77.49946316598945,23.288569397158543],[77.49951888565408,23.288541537182976],[77.4996358985336,23.288491389263292],[77.4997250515304,23.28844681223997],[77.49983092101932,23.288352087219387],[77.49992007441676,23.288184926152436],[77.49981977694696,23.288056769038988],[77.49971948047511,23.287984332242736],[77.49961361123684,23.28796204372189],[77.49937958478236,23.287967616364355],[77.49933500861076,23.287900751992684],[77.49934615314163,23.287811599211185],[77.4994185894819,23.287739162031134],[77.49969110200479,23.287623767158212],[77.4999659301042,23.28742746089551],[77.50003731364889,23.287252570678714],[77.50003731389093,23.287120511171018],[77.50002303667195,23.28699915841225],[77.50002303700299,23.28678500726127],[77.50000162223726,23.286635100947066],[77.49997306806281,23.28652802458448],[77.49986242307814,23.286363842083126],[77.49974820858264,23.286278181701107],[77.49957331879385,23.2862603360201],[77.49940556702502,23.28633885838001],[77.49923781549086,23.286531594380865],[77.49913787705016,23.286610116861873],[77.49904744297949,23.28664163181217],[77.49898424085309,23.286687276850067],[77.49893547798258,23.28669102830214],[77.49892622244141,23.286683875857932],[77.49888637049287,23.28665308164216],[77.49885295534044,23.286627261103554],[77.49883795069611,23.28656349342857],[77.49879736123293,23.286339340064146],[77.49872509361433,23.28624736433884],[77.49867852372098,23.28615422367689],[77.49857873205744,23.285970161860586],[77.49849667985008,23.28585484710368],[77.49839910473418,23.28571070196002],[77.49825717815231,23.28538914815831],[77.49820839114415,23.28528713756695],[77.49815738504337,23.285187345764097],[77.49808864027665,23.28501658963299],[77.49799771815783,23.28485913959648],[77.49778926218909,23.284668425367222],[77.49771164630265,23.284604114179015],[77.4976207243829,23.284528716260507],[77.49749875468937,23.284440010910995],[77.4973612633461,23.284355741777766],[77.49723042381915,23.284278125281528],[77.49710845610181,23.284220467582077],[77.49699757453743,23.28415837519683],[77.4968911300389,23.284122893360568],[77.4968201657201,23.284091845970213],[77.4967469848082,23.284009794909856],[77.49670928620152,23.283958789844952],[77.49664720068567,23.283870565412737],[77.49662501568854,23.283839038611358],[77.49647200097957,23.283839038680515],[77.49636333764434,23.283858996594542],[77.4962679805398,23.283870085015028],[77.49617484064231,23.28385012700084],[77.49606111327165,23.28379849120552],[77.49507892203377,23.283623323405337],[77.49474109768065,23.283585787236678],[77.49459721047468,23.28355450720638],[77.49446583410354,23.28351697130011],[77.49427815408045,23.283429386710207],[77.49414052245984,23.283323036139226],[77.49402165811313,23.28316663567662],[77.49383397834994,23.282872603922318],[77.4938089543505,23.282716204177962],[77.49363378587616,23.28259734043586],[77.49317084304964,23.282297051687102],[77.49297065073849,23.282140651799455],[77.49275169145348,23.28201553170763],[77.49260154699107,23.281909180106283],[77.49246391506831,23.281821595907896],[77.49242637886326,23.28171524383071],[77.49239509867287,23.281633916314203],[77.4923137706361,23.28157135644048],[77.49221367506914,23.281540075753437],[77.49209481084017,23.281502540752264],[77.49198220302627,23.281458748698583],[77.49189461881402,23.281402444563323],[77.49180703542302,23.281358653293942],[77.49175698663416,23.28128358064385],[77.49180077939262,23.28095826889532],[77.49175073078389,23.280645469329603],[77.49166940330225,23.280445276850696],[77.49157556306538,23.28023257303851],[77.491431676095,23.280126220912152],[77.49120020430976,23.280069917047438],[77.490918683618,23.28001361313578],[77.49071849154566,23.279951052775413],[77.49050578828071,23.279938541205095],[77.49029308398994,23.27992602938199],[77.49005535556866,23.279913516811646],[77.48990521241689,23.279957308672454],[77.48988018842346,23.28007617291565],[77.48984265159234,23.280201292592213],[77.48971753165917,23.28049532471968],[77.48959241175672,23.28058916459478],[77.48937970891954,23.280670493093663],[77.48925458924397,23.280726797257785],[77.48911695668704,23.28080812539291],[77.48901060500293,23.280964524742235],[77.4889417891675,23.2811209249599],[77.48889799713507,23.28152756513856],[77.48889174105078,23.281652684237603],[77.48881041306595,23.281746524406817],[77.48862482408438,23.281672139946657],[77.48843922602312,23.281600756220346],[77.48834642726301,23.281557925575836],[77.48820365943355,23.28151152659303],[77.48807516796923,23.281454419127396],[77.48805989745642,23.281443874998917],[77.48792526199699,23.281350913107147],[77.48785744838585,23.28127595957824],[77.48781104771317,23.281193869446412],[77.48776821786775,23.281093931212443],[77.48767898826584,23.280969009373933],[77.48765895274961,23.28094823244309],[77.48758262039246,23.2808690722635],[77.48749339035707,23.28074058137752],[77.4873756067271,23.280590674898992],[77.48734348408176,23.280451477018133],[77.48733424511846,23.280222502031563],[77.48737677754066,23.28009305363006],[77.48741385952738,23.279980193973085],[77.48741385998555,23.27979819676449],[77.48740145173642,23.2796410179225],[77.4874221330699,23.27955001974435],[77.48745108692526,23.279508657162133],[77.48752140373165,23.27941352179612],[77.48754208531622,23.279190161911302],[77.48757517632932,23.27910329986674],[77.4875793123417,23.27902057412648],[77.48757103891961,23.27894198498326],[77.48755863127467,23.278884076990458],[77.48752554043506,23.278830304585682],[77.48749658554625,23.278776532718993],[77.48744281424763,23.278685534808332],[77.48740972361328,23.278602808722553],[77.48742626934201,23.278549037261907],[77.48752967555119,23.278507673652893],[77.48772408204522,23.278449766253257],[77.4878109436058,23.278263633237746],[77.48780680774199,23.27817677098736],[77.48798880546751,23.277734187935696],[77.48817493796373,23.277763141833915],[77.48829489044296,23.277825186962502],[77.48837761565052,23.277866549198475],[77.48843552365653,23.27787482193653],[77.48850584070325,23.27787068622632],[77.48860097631885,23.2778334591053],[77.48864647529658,23.277804504882837],[77.48870438323797,23.277738324123074],[77.48872506406626,23.277630780705106],[77.48873747303296,23.277494282689613],[77.48865888444314,23.27708065411272],[77.4885554760898,23.276667025091168],[77.48824111751317,23.276207896825117],[77.48825935469567,23.276158798062667],[77.48834866223332,23.275918356975414],[77.48805084894644,23.27572808659187],[77.4879267599648,23.275690861095647],[77.48775717213873,23.27564122485017],[77.4875793120592,23.275595726305497],[77.4874304057859,23.275566772395376],[77.48719877319704,23.2755378178363],[77.48698368604497,23.275525408819433],[77.48679755347302,23.275525408993015],[77.48664864676891,23.27552540882286],[77.48646251394538,23.275575044977735],[77.48614843254137,23.275664486313296],[77.48605715735481,23.27567431556402],[77.4858875688217,23.27571154174186],[77.4857676167751,23.275769449613456],[77.48569729984246,23.27588940307879],[77.48567248178148,23.275947311359282],[77.48532089788927,23.276125171197073],[77.48525369349612,23.276147114659814],[77.48509970376931,23.276245554059553],[77.48501799856435,23.276297785178695],[77.48491140479818,23.276327849938546],[77.4847802203497,23.276422344078433],[77.48456894542296,23.276624488796262],[77.48452851628106,23.276683177386683],[77.48447895823885,23.276720998159547],[77.48434332417641,23.276795334926526],[77.4841842156281,23.276882713792286],[77.48413726603238,23.276908798185755],[77.48406423289147,23.27696226806217],[77.48399380750963,23.277019651593083],[77.48397424491962,23.277065298350447],[77.48395077032256,23.27711746404598],[77.48394425002434,23.277156588574186],[77.48392859951764,23.27722701360392],[77.48391294958863,23.277305264028893],[77.48390903686797,23.27737699337591],[77.48384382934215,23.2773835138967],[77.48380731210328,23.277388730947855],[77.48370037100644,23.27741351043695],[77.48358299572281,23.277434376577897],[77.48353865414283,23.27745002716493],[77.48348257472121,23.277480021572607],[77.48341345391216,23.277516539014055],[77.48334954972113,23.27755957667337],[77.48321209014736,23.27763416460783],[77.48313633664478,23.277494135806876],[77.48310183466924,23.277415614163825],[77.48307090201024,23.277270466646957],[77.48304353787876,23.277115802212442],[77.48302569301552,23.277000398303514],[77.4830007075324,23.27690878872085],[77.48292694516279,23.276776728600893],[77.48271160416328,23.2765316443732],[77.48245462169658,23.27625086800301],[77.48214291233177,23.275939158402284],[77.48197040168917,23.27576545780659],[77.48194361284855,23.275746381410556],[77.48189187915662,23.275709540169895],[77.48180502922352,23.27567860739031],[77.4817514905629,23.27565600288641],[77.48170748539243,23.275653726262327],[77.48168248700168,23.275652432798484],[77.48146357553829,23.275670278873097],[77.48131366980559,23.275688124991145],[77.4808627616774,23.27576069887447],[77.48042018296032,23.275847549243593],[77.48012393998405,23.275911794770966],[77.48011791572728,23.275911794587394],[77.48000020811021,23.275911794765634],[77.47991692661222,23.275901086874008],[77.47984911211307,23.275673848210353],[77.47974084676703,23.27545136898745],[77.47956476593872,23.27510396826547],[77.479492193325,23.27489100576937],[77.4794529315455,23.274701322054625],[77.4792965317482,23.27414868937505],[77.4804696521172,23.272888327338215],[77.47995410681706,23.272589083306777],[77.4793317462859,23.272288674688877],[77.47864324326403,23.271980710774052],[77.47856044200252,23.271939445310373],[77.47862028090555,23.27116006957207],[77.4786478092039,23.270881780166672],[77.47853339915093,23.270660849753767],[77.47758300099079,23.269781626905175],[77.4740039538333,23.266870925439616],[77.4725024177527,23.265646956451643],[77.47177281139355,23.26501775813681],[77.47177179664774,23.265019071990615],[77.47171992542522,23.26508632527442],[77.47169385361451,23.265121325589966],[77.47144237103336,23.26546484606631],[77.4711294233153,23.26534182539038],[77.47103627993363,23.26537675368966],[77.47099547646378,23.265392055238138],[77.47028746962731,23.265557096697737],[77.47029703696482,23.265234188702955],[77.47031138875501,23.26462425002348],[77.47036640319571,23.26454770880065],[77.47031378134508,23.264289381793354],[77.47019657734847,23.263873189213705],[77.47009133280048,23.263578983954925],[77.46987127590847,23.263193886181863],[77.46960168893433,23.262760703104053],[77.4690259959778,23.263173912700996],[77.46862657611922,23.26347025665963],[77.46845574593296,23.263619565722557],[77.46844476162154,23.263629166215274],[77.46825578898044,23.2634373298761],[77.46841095588213,23.26299427494022],[77.46848341459874,23.262787378176064],[77.46855213287184,23.262363620311998],[77.46852018776376,23.262356557734932],[77.46811929965806,23.262237951733475],[77.46731960041855,23.26200279813947],[77.46731250575002,23.26200220816819],[77.4673122643316,23.26200064073631],[77.46730737660273,23.26199920379874],[77.46716303326392,23.26155409256307],[77.46700899825491,23.2611296009654],[77.46691017958369,23.260874037879702],[77.46666410073642,23.260970449966443],[77.4665263736997,23.261059868901242],[77.46638967621595,23.261157511115005],[77.46624989362012,23.261262346796183],[77.46618308712044,23.261292153769535],[77.46611627874555,23.261330181837295],[77.46609058418485,23.261362043678606],[77.46595080155285,23.261392879281505],[77.46565916007506,23.26155188779442],[77.46465234329294,23.261644194177556],[77.4644972849066,23.26165942687964],[77.46445206338768,23.26166040709959],[77.46448414971643,23.261816998908845],[77.46489460378301,23.264493741281687],[77.46476952947772,23.26461194010774],[77.464685099069,23.264630515142635],[77.46454494639836,23.26463220323621],[77.46444700834782,23.264659220931158],[77.46442261230277,23.264672310920776],[77.46437777622087,23.26469637003907],[77.4643603474027,23.264731225539705],[77.46434802845711,23.264755863845526],[77.46432711779708,23.26479768521355],[77.46435413529498,23.26508305699366],[77.46441999018111,23.265295820071103],[77.4644981829837,23.26562725166189],[77.46451056216422,23.265878376323418],[77.4646933407577,23.266171180941214],[77.46448403544204,23.266288663946945],[77.46435542886805,23.266321243934517],[77.4643518382638,23.266322154379],[77.46392364803516,23.266353885881063],[77.46386578805782,23.26635175778083],[77.46334777503674,23.267017272942873],[77.4629790802199,23.267495113938725],[77.46279140418974,23.267690775227123],[77.46272751482363,23.267767975457346],[77.462656969848,23.267915719276672],[77.4626330121943,23.267988925611206],[77.46303365170976,23.267899746660465],[77.46317182285566,23.267888693260844],[77.46320003057055,23.267886436896433],[77.46375773309235,23.268035511875546],[77.4639108022832,23.26808342921199],[77.46391130200355,23.26809143485657],[77.46393076701135,23.268402877225917],[77.46393070388928,23.269259165980074],[77.46384147412788,23.27037989192861],[77.46374867501213,23.270768934244092],[77.46341673993896,23.2721859031751],[77.4633389331463,23.272494016911388],[77.4633202887849,23.272543938311735],[77.46306238324837,23.27248349073329],[77.46305919942738,23.272482744740827],[77.4630048056103,23.27249226360407],[77.46297391594975,23.272514027057134],[77.46294497295709,23.272534418884234],[77.46287249314886,23.272519043870297],[77.46281034796198,23.27250586158403],[77.46277499169325,23.27250178160593],[77.46277627925481,23.27251355109848],[77.46277799589075,23.272529241968254],[77.46283210639085,23.27302396225957],[77.46284026520085,23.273293210788296],[77.46247446664792,23.27348358885758],[77.46248621554022,23.273511739737074],[77.46253379364903,23.273625734369997],[77.4628884240641,23.274475420772344],[77.4629510873399,23.274539755135706],[77.46304991344034,23.274641216837317],[77.46310180899707,23.274694495627767],[77.46311149816268,23.2747044442137],[77.46299830783656,23.2748151458564],[77.46288167517713,23.274929216198828],[77.46284094365842,23.27496846308743],[77.46122993413248,23.274021957913384],[77.46108115854726,23.273846560013308],[77.46027606730387,23.272897399223677],[77.45946276999437,23.271933490879054],[77.4591023185798,23.271484293048854],[77.45902842833863,23.271283566118694],[77.45900701313457,23.271115813624906],[77.45891421396355,23.27086954043938],[77.45888209126517,23.270619696138],[77.45874289254111,23.270223516229393],[77.4587271500878,23.270088671899902],[77.4590712592417,23.270066471623117],[77.45905341269199,23.2698558893875],[77.45896775154962,23.269848751267638],[77.45894990582394,23.269609614628592],[77.45867089271546,23.269606825034458],[77.4586608005309,23.26952038485059],[77.45865410699125,23.269164591988066],[77.45864703820025,23.26878891575549],[77.4587107699215,23.268792269803704],[77.45865194658309,23.268426947236108],[77.45865951345483,23.268425937612015],[77.45871117216342,23.268406154177537],[77.45909512917613,23.268259106098487],[77.45901992261153,23.267849364703064],[77.45901763154944,23.26783688304261],[77.45870840213945,23.267861732094275],[77.45864277897954,23.267867004766988],[77.45859462081663,23.26752990134933],[77.45859257478189,23.267515580151063],[77.45839845490119,23.267522274355912],[77.4578855666406,23.26752834391152],[77.456213874085,23.251503426193693],[77.45621513981129,23.251503220377387],[77.46224680975061,23.250551679688787],[77.46295473856132,23.250446003354092],[77.4660962473272,23.24995462500039],[77.46609858198617,23.249954263348712],[77.46611671991847,23.24867248980331],[77.46615598330676,23.24589793227632],[77.46618554705505,23.245840586749953],[77.46618795165523,23.245741624075386],[77.46675613535834,23.244506069205823],[77.46680130410117,23.244365303562944],[77.46682636753764,23.244131366105588],[77.46681174743496,23.24328751623313],[77.4668075698691,23.242537659620726],[77.46680757018379,23.242259857694627],[77.46679726395043,23.240629848199294],[77.46679335274004,23.239845700311122],[77.46678162081544,23.238983333573483],[77.46676666873616,23.235035165603463],[77.46674154003256,23.23337316519013],[77.4666554173524,23.233098902632637],[77.46630717907681,23.23201237604378],[77.46630870696167,23.23199478792292],[77.46631276397693,23.23194807129204],[77.4666416419103,23.231984690280772],[77.46858064279063,23.23202037710098],[77.47026983412856,23.232041788770843],[77.47195886311746,23.23205072537201],[77.47203873422632,23.23205217676772],[77.47491274678305,23.23200202504414],[77.47495627234535,23.231995742044393],[77.47504537523142,23.23199402060018],[77.47587299063875,23.23186340237792],[77.47589538964364,23.23186016836341],[77.47589760365946,23.231859517355428],[77.47590918940756,23.231857689306285],[77.47879849145578,23.231014012274255],[77.4802300316751,23.230595979388827],[77.48105236545332,23.230360509635393],[77.48573101459812,23.23014098411281],[77.4857616686379,23.230445912601265],[77.48582757438386,23.23134033260677],[77.48584764336586,23.23144427932945],[77.48592106803846,23.23301990619324],[77.48594915070944,23.233735689645535],[77.48597358034495,23.234358354901655],[77.48601219913462,23.235342696390852],[77.48600963835133,23.235637221552288],[77.485954360114,23.23676288472536],[77.48592420854904,23.238295594698677],[77.48592587065008,23.24001943790821],[77.48591971334086,23.240258866104476],[77.48591089799503,23.240601600174006],[77.4859193708388,23.24154112175473],[77.4859117616569,23.24186222461917],[77.48590867531775,23.241991401949893],[77.48589818815644,23.242430192355666],[77.48590823754009,23.24277690871372],[77.48581276524432,23.243329647250004],[77.48575423737283,23.243442368131934],[77.48567709318873,23.24359094092869],[77.4859936609766,23.24449542057378],[77.48637052764394,23.246053136188145],[77.48678241939811,23.247251850043504],[77.48685875204613,23.247530772346426],[77.48691014666599,23.247718558807115],[77.48713125374708,23.24778964623038],[77.48714995824486,23.247790094770544],[77.48717980279848,23.24780012360778],[77.48729181242895,23.247793500564782],[77.48732286002272,23.24779424632036],[77.48750370281223,23.247702753410884],[77.48757093430055,23.247672747279854],[77.48760579069256,23.247666750351566],[77.48783534223456,23.24763641238496],[77.48806094971961,23.24764814879397],[77.48806591405877,23.24764857421847],[77.48806630447113,23.24764842835586],[77.48807989409903,23.247649134600536],[77.488268083097,23.247572752750497],[77.48840552843428,23.247401715048984],[77.48844278657516,23.247399168622277],[77.48868535292594,23.247386892286258],[77.48899687866873,23.24737971040034],[77.48918195860163,23.24732765146641],[77.48942263288055,23.247275166215857],[77.48951452071996,23.247262997902613],[77.48956009175785,23.247267551399702],[77.48980799108955,23.247296062029775],[77.48981312403221,23.24729283316343],[77.48981717111636,23.247293236756292],[77.49003274388855,23.247154659323616],[77.49041670330271,23.24691309288529],[77.49125537582181,23.24682969856725],[77.49140958538831,23.246817214814925],[77.49185893374845,23.24679813288284],[77.49237173802904,23.246783860007916],[77.49251559611888,23.2467978351962],[77.49283419643211,23.246865178241848],[77.49284542715081,23.2468655759722],[77.49285456982332,23.246867977181967],[77.4929474432379,23.24686919397589],[77.49328163624699,23.246881044385532],[77.49345697899076,23.246826935617705],[77.49380048179074,23.24674111795716],[77.49392851128624,23.246720630567033],[77.49405443029129,23.2467100680622],[77.49431675527106,23.246605455657342],[77.49437628399751,23.246583604000868],[77.4945863418677,23.246409889178636],[77.49475915637338,23.24626230365998],[77.49484821302607,23.246268668619642],[77.49492549995504,23.24628561919348],[77.49497584590561,23.246305795403757],[77.49511358586939,23.246371233967697],[77.49529579622184,23.246437500158365],[77.4955528691585,23.246289654227464],[77.49581461295476,23.245938549639217],[77.49614796323013,23.245755024931796],[77.49656383557262,23.245594164261515],[77.49684161805384,23.24551972199039],[77.49705534203632,23.24542362329442],[77.49710649805894,23.24540318355896],[77.49711669562258,23.245403889201654],[77.4973056861919,23.245432046208094],[77.49756572542526,23.245440903172877],[77.49763513801696,23.24536846973092],[77.49763690723066,23.24535612141051],[77.49765946757898,23.24533319409728],[77.49766881458832,23.245331471826663],[77.49784933753551,23.24530663823043],[77.49792193766389,23.245415211593787],[77.49794815698789,23.24541777018095],[77.49795217354553,23.245422713101497],[77.4981406611655,23.24545347912262],[77.49826012564093,23.245448211901092],[77.49826707631877,23.24544889002246],[77.49828048782105,23.245447313752138],[77.49835699123052,23.245443941340454],[77.49860938511266,23.245408670864162],[77.49862914705231,23.245406348640323],[77.49876610856856,23.24545995878769],[77.49880701840262,23.245477225269546],[77.49907176810135,23.245603382440123],[77.49923957795943,23.24565497900997],[77.4992527021837,23.245650422351304],[77.4992680550443,23.245656431774556],[77.49932596923706,23.245624983843722],[77.49933914377988,23.24562041009303],[77.49935225969952,23.245610708219775],[77.4994751305906,23.24554398873085],[77.49968879837724,23.245441447890972],[77.49985730666158,23.24538039114407],[77.50014241412349,23.245255489616238],[77.50020560814671,23.245129456424138],[77.50027098025882,23.245007028380762],[77.50040290197933,23.2448080657615],[77.50066577483734,23.244599233172565],[77.50088878794074,23.24462114208825],[77.50101434708995,23.24466281065364],[77.50130639943612,23.244879438922148],[77.50154472615542,23.244912207894934],[77.50175370970533,23.244931246933486],[77.50183999201579,23.244945208688442],[77.50217928120094,23.244874696878313],[77.50227133203948,23.244776568891368],[77.50239049953102,23.244692566902657],[77.50256976841261,23.244598405772404],[77.50279620423713,23.244487894202166],[77.50297015317236,23.24440913607088],[77.50329781807976,23.244404287238925],[77.503535101759,23.244480883672043],[77.50357467487522,23.244660176049926],[77.50355767985059,23.24471944375917],[77.50348315073084,23.24490801702978],[77.50349924739807,23.24492322783363],[77.503494209177,23.24494079778176],[77.5035571497934,23.245014452103483],[77.503740534372,23.245009081760955],[77.5039064234729,23.244914833940765],[77.50469585374492,23.24450175941871],[77.50499225014165,23.244354466193613],[77.50499230322393,23.24434664000335],[77.50500999482347,23.244337382956754],[77.50499420129968,23.24406824788727],[77.50499619520107,23.24377564814654],[77.5049636212919,23.2433704089999],[77.50513607530823,23.242803280006676],[77.50539464330888,23.24231556640867],[77.50588642989865,23.2415856527087],[77.50615203369358,23.241096191006708],[77.50610965720271,23.24065848319423],[77.50601137579778,23.240176051032723],[77.50598025204881,23.239955014182463],[77.50598225944414,23.239944826865948],[77.50611495190839,23.239457722997738],[77.50626836474675,23.238559703854285],[77.50649038674787,23.237843339625677],[77.50650606708514,23.23779274614919],[77.50654374456823,23.237566014659663],[77.50657839095295,23.237424957587073],[77.50661056057854,23.237323497055204],[77.5066476824502,23.237246781700406],[77.50669469964306,23.237179965755093],[77.50676399100018,23.237125523287027],[77.50681595874914,23.23710572471532],[77.50684941572806,23.237099292272518],[77.50690009776402,23.237083452570044],[77.50698671181782,23.23708097870227],[77.50710054742376,23.237088403125213],[77.50722675521978,23.237090876624954],[77.50733811495616,23.237108199954058],[77.50740740592165,23.23712799705437],[77.50761032994382,23.237177490624912],[77.50770436654213,23.23722945937512],[77.50778108171457,23.237281427117825],[77.50790481630415,23.23736061701621],[77.50802112455878,23.237422483844234],[77.50813248570616,23.237476926260317],[77.50815309738067,23.237494751792305],[77.50831946234896,23.237534147267933],[77.5084062345043,23.237554694360185],[77.50929052305779,23.237565978855553],[77.50985972601283,23.23757856913428],[77.51035341369422,23.237596025251296],[77.51035392028454,23.237589500229834],[77.51035665288204,23.237589560000483],[77.51035752121335,23.237543012607098],[77.51036804532882,23.237407158767525],[77.51026940858243,23.237229350007457],[77.51017262842113,23.237143893053585],[77.50999133774197,23.236970989889404],[77.50964098318735,23.23653969091741],[77.50961951318989,23.236512650425386],[77.50961751403538,23.236510799877223],[77.50961709397252,23.236510283138266],[77.50961338383001,23.23650697778587],[77.50939362883594,23.2363036196117],[77.50938038954138,23.236054689878628],[77.50937583345565,23.236045142146075],[77.50937489994612,23.236031485623624],[77.50920760075238,23.235688344017547],[77.50920441259066,23.235685996255533],[77.5092039253196,23.235684974003373],[77.50886346914857,23.23541811180338],[77.50923420289958,23.235037136670304],[77.50959097919149,23.23467050541668],[77.50962176574001,23.234642129978766],[77.50973122226432,23.234632612433835],[77.50975739615335,23.234575504975496],[77.50978357047006,23.23455409007694],[77.50989064473575,23.23457312486163],[77.51007386440122,23.234242380263197],[77.5101999750136,23.234066300325996],[77.51037367630298,23.23376886758411],[77.51038149243108,23.233734255535353],[77.51042781356972,23.2336753120454],[77.5104520901944,23.23364442130865],[77.51063815260274,23.233397583176494],[77.51089384270388,23.23270663201239],[77.51098315199292,23.232331718767387],[77.51101460204768,23.232178402167534],[77.51102235271816,23.232167153949018],[77.51102448306668,23.23215821320763],[77.51123891730239,23.23183008394048],[77.51139564115195,23.231474553659027],[77.51149889481322,23.231339289442086],[77.51153192930998,23.231291775192066],[77.51158170146307,23.23123081020213],[77.51171280029476,23.231059065766242],[77.51174295987393,23.23103328464543],[77.51176570213104,23.23100542867697],[77.5118868963635,23.23091024939947],[77.51195957357146,23.230848124280374],[77.51198709732664,23.230831556172717],[77.51206202488194,23.23077271110757],[77.51255947991656,23.23048699470678],[77.51277881260559,23.230354962100513],[77.51293548955513,23.230239295389044],[77.51374714262062,23.22961598390146],[77.5138073342706,23.229566700613635],[77.51407124425121,23.22922217540972],[77.5141426692598,23.22885299115563],[77.51449462052943,23.228471889969946],[77.51452941836769,23.22843109483601],[77.51453601317938,23.228427070327157],[77.51454434680025,23.228418045661478],[77.51476364487634,23.228288154967686],[77.51538927345942,23.227906356264857],[77.51585263911616,23.227729108770596],[77.51609535897778,23.22763289273298],[77.51742680040175,23.227032839610928],[77.5174343341441,23.227021609391677],[77.51768886844833,23.226609609363624],[77.51858948472841,23.225948206740185],[77.51951105401061,23.225483871789542],[77.52082150118835,23.225172239260555],[77.52111505255849,23.225045937326236],[77.52115380230047,23.22502655525833],[77.52209543177392,23.225013131973352],[77.5230596397592,23.2249928687668],[77.5230680950303,23.224992691076753],[77.52310733089607,23.224998707952174],[77.52311778995798,23.224998558853233],[77.52313911879828,23.225009081257785],[77.52312839532877,23.225096717904822],[77.52301325852136,23.225651218965815],[77.52301017584962,23.225672601028883],[77.52297210258656,23.22581494110747],[77.52298690685055,23.225834004180054],[77.52323688525293,23.22615591768898],[77.5234044860442,23.226403856696276],[77.52346737784835,23.22649689590249],[77.52349785683509,23.226584521873015],[77.52360453146339,23.22676167767844],[77.52368834654698,23.22686454310929],[77.52376825956094,23.226996492463478],[77.5237702581476,23.226999790549673],[77.52383121493122,23.227085511093314],[77.52391503088876,23.22730647975417],[77.52393978379408,23.227406675038473],[77.5239544874043,23.22758954882205],[77.52393023815829,23.227735040387145],[77.52389521271776,23.227972136361807],[77.52387904734746,23.22815804129252],[77.52387365786304,23.228373582810075],[77.52392485005642,23.22855948657393],[77.52396192187862,23.22866222510257],[77.52400567775538,23.228783112066726],[77.52416733420263,23.22894746243506],[77.52433437854822,23.229101036382474],[77.52447067742963,23.22921840934102],[77.5246038062868,23.229286941235163],[77.52465230323187,23.22934890927297],[77.52469544722625,23.229447980996667],[77.52477077358816,23.22954565004836],[77.52483618264407,23.22962897063045],[77.52490746479987,23.22972036873242],[77.52499943030894,23.229934450903446],[77.52504566563103,23.230060316708617],[77.52506166662323,23.230080559128908],[77.52508722796345,23.23011748127916],[77.52509858432924,23.230151664829098],[77.52514265409569,23.23022692987059],[77.52521032668096,23.230358046901223],[77.52521502018504,23.230367139104118],[77.5252934171046,23.230468150248814],[77.52536879845452,23.230552576654325],[77.52544417933892,23.23062494269389],[77.52546829380206,23.23064121964588],[77.5255647893588,23.230706354922788],[77.52568389065114,23.230753091098713],[77.52585877455877,23.2308254574486],[77.52595677116737,23.23086917756143],[77.52614823943784,23.230991296015635],[77.52625977431458,23.23106430035227],[77.52656050711175,23.231196137020216],[77.52684374684888,23.231460272031548],[77.52686654554866,23.231476158057],[77.52712814182738,23.231622953779542],[77.52736960797401,23.23182669291744],[77.52730048628729,23.232087849350425],[77.52729599329834,23.232109141754062],[77.52723386564608,23.23240357072273],[77.52716000412539,23.232755499547018],[77.52703690068304,23.23330149839478],[77.52697575487332,23.233597389741355],[77.5269160969899,23.23376575713146],[77.52686704609366,23.233992455026456],[77.52684716050443,23.2341780574202],[77.52683406087775,23.23445824834929],[77.52690386412121,23.234633648332707],[77.52707747383896,23.234755353683248],[77.52725286659125,23.234861448909477],[77.527673556224,23.235068419314434],[77.52781978493634,23.23518990116534],[77.52785658282323,23.23524913737697],[77.52791469583983,23.235324359197943],[77.52791427064746,23.235509354663154],[77.52787377692256,23.235563346986986],[77.52779728795318,23.235608340615933],[77.52776129318504,23.235653334415463],[77.52776129322247,23.235696077900553],[77.52778379021974,23.23575456939688],[77.52781528476218,23.235797312967698],[77.52784266011423,23.235816866633762],[77.52787827629425,23.235842307346267],[77.52790704137603,23.235866840761666],[77.52794576562532,23.23596153930097],[77.52792730890204,23.23602306499729],[77.52790527220309,23.236096520426454],[77.52789852331144,23.236150511721853],[77.52791652120588,23.2362022553734],[77.52795026579147,23.236256246812026],[77.52802450490661,23.23631023919378],[77.5280838949354,23.236338519576645],[77.5281421139801,23.236355312831705],[77.52827196857956,23.23639347690248],[77.52833046100119,23.236454217690255],[77.52838220315485,23.236505960070154],[77.52840019975928,23.236586949006707],[77.52841594787104,23.23665443905991],[77.5284294460433,23.236719679340386],[77.52844969322389,23.23677367177234],[77.528478938856,23.23682091523446],[77.52851493436728,23.236852409925028],[77.52857680408059,23.23687111526611],[77.52876914685518,23.236989640143953],[77.52877028768576,23.23699176230714],[77.52886588279118,23.237169613683445],[77.5289648680802,23.237338339681273],[77.52897386700143,23.23747106989576],[77.52893562295742,23.2375205632757],[77.52888612984293,23.237545309729494],[77.52885238455221,23.237567805592864],[77.52881638987473,23.237599301583277],[77.52880289209966,23.237639796275772],[77.52880289172879,23.237682539716495],[77.52881414021265,23.23770503579955],[77.52883438675327,23.2377185347155],[77.5288861295938,23.237734282371186],[77.52892212542561,23.237738781549584],[77.52898061632605,23.237752280388243],[77.52902785918003,23.237759029417294],[77.52908410050524,23.2377815247675],[77.52921458178903,23.237824268970893],[77.529251816694,23.23786021977389],[77.52927982253773,23.237887260307627],[77.52928657184572,23.237995244430333],[77.52930231977388,23.238049237065567],[77.52932931599022,23.238085231426783],[77.52938780719086,23.238116727210855],[77.52947329543291,23.2381144767827],[77.52952728721858,23.23810547777372],[77.52960602482922,23.238080731811355],[77.5296802648651,23.238058235255615],[77.52972525775051,23.238058235230852],[77.52979499830337,23.23808523058275],[77.5298492232738,23.238116452119158],[77.5298692367314,23.238127975375814],[77.52989398364649,23.238168468868736],[77.529900732795,23.23821346328298],[77.52989950258159,23.238229454326138],[77.52989848311908,23.23824270787164],[77.52989398401392,23.23827195357433],[77.52987169914128,23.238281505361826],[77.52983099347068,23.238298949901896],[77.52974125332116,23.238301909090765],[77.52962627182082,23.238305699180266],[77.5295497842008,23.23829445062165],[77.52946429632684,23.238298950185428],[77.52941480304442,23.238319196906662],[77.52935181226981,23.23833719494118],[77.52923257989679,23.238355192204942],[77.52914484191669,23.238361940931462],[77.52905485516189,23.23833269542614],[77.52900986202384,23.238319197180296],[77.52886588251704,23.23824270802721],[77.52875789947426,23.23823371024517],[77.52855767799056,23.23826970471284],[77.52838445336101,23.238319197213563],[77.52837414382611,23.23832521112318],[77.52831728005168,23.23835838159841],[77.52816848399793,23.238445178715477],[77.5281644792619,23.238466093094015],[77.5281482369972,23.238550913811515],[77.528159484667,23.238681395028948],[77.52812349097042,23.238733137216055],[77.52809100081433,23.23874539731112],[77.52800425783082,23.238778130841727],[77.52783103326028,23.238782630322728],[77.52771180000443,23.23878263025814],[77.52761452080905,23.238798843364606],[77.52756332242406,23.238807377103896],[77.52735185293962,23.23888611477492],[77.5272887643798,23.238936777252842],[77.52727913692995,23.23894450719729],[77.52720337354206,23.23900534758258],[77.52705939520534,23.23914932705071],[77.52701440060673,23.23923706359337],[77.52707064258247,23.239351797594004],[77.52711563707918,23.23945303342318],[77.52719437542228,23.23959026263382],[77.52721687236145,23.239680249548893],[77.52722362075697,23.23974324067593],[77.52722362097734,23.23977548366387],[77.52722362063466,23.23978373514401],[77.52711788557174,23.239871471652197],[77.52711278932244,23.23987420467024],[77.52696265855866,23.239954709674006],[77.52680293185364,23.240096438838467],[77.5264587320569,23.24035965082872],[77.52602229523497,23.24056212180455],[77.52577708128597,23.240721849133323],[77.52553411585336,23.240870327001293],[77.52530689872424,23.240989559649996],[77.52517188770642,23.241046837304417],[77.52515842140957,23.24105255123985],[77.52515526196478,23.24105240034792],[77.52506393467444,23.241048051266347],[77.52500094392094,23.241043552423193],[77.52491320630772,23.241041301840653],[77.52457800514308,23.24118753089597],[77.52451276395195,23.241219026729414],[77.52442727672339,23.24121677658577],[77.52426530027513,23.24129101581929],[77.52404483242344,23.24141474833375],[77.52386710784116,23.241587973366197],[77.52376587306368,23.241722952812168],[77.52361739356508,23.241815189884996],[77.52338117904479,23.24197041842413],[77.52320407069648,23.242012769178995],[77.52317420913667,23.24201990974145],[77.5230880744331,23.24203442688064],[77.52302318408393,23.24204536435812],[77.52297398787684,23.24205365482226],[77.52267928100017,23.242058155352904],[77.52251280494846,23.24205815478166],[77.52237332480553,23.242024410323697],[77.52234042802266,23.242006695759414],[77.52225634213278,23.241961418686525],[77.52217760344776,23.241918674853085],[77.52210336421854,23.241882679843457],[77.52199762875854,23.24187368229724],[77.52195749690596,23.241881913649312],[77.5219021045391,23.241896794891883],[77.52177041221539,23.24193217296462],[77.52159943700327,23.241999663065155],[77.52156344245873,23.24209415039039],[77.52155444391418,23.242166138797433],[77.52157019051968,23.24221788206653],[77.52159718763937,23.24227862286331],[77.5216257049713,23.242324963850937],[77.5216331818607,23.24233711412177],[77.52168042486426,23.242514839348505],[77.52168042490653,23.242581780415673],[77.52168042479202,23.242613823856068],[77.52167694802289,23.242742928926088],[77.52167575570583,23.24278719028515],[77.52167020757578,23.242835435813966],[77.52163452432019,23.243145731033493],[77.52161301093805,23.243274806126674],[77.52163273065516,23.243495310164192],[77.52165416064393,23.24350449362278],[77.52165782926075,23.24350606626155],[77.52169726900078,23.24350606596856],[77.52174029397486,23.243511443680017],[77.52177614815002,23.243516822411152],[77.52179945325682,23.243522200262696],[77.5218209649676,23.24352937124704],[77.52182813609969,23.243558053841962],[77.5218245505621,23.243610043143995],[77.52182102862783,23.24362440442862],[77.52182275777261,23.243649482304495],[77.52182275832729,23.243672788299218],[77.5218102092728,23.243719397690874],[77.52180483119784,23.243766008726368],[77.52180483142871,23.24378752100334],[77.52180483140987,23.243826960799744],[77.52178331869618,23.243846679793933],[77.52173850087277,23.2438807421881],[77.52166338605055,23.243922335394647],[77.52152158342139,23.244000853417155],[77.52142320717194,23.244069905752283],[77.52141305498147,23.244075692946442],[77.5213781664056,23.244101245284174],[77.52125805536888,23.24418012409461],[77.52108954035363,23.244298443300632],[77.52092998912433,23.244379115000914],[77.52079960799274,23.244442590401885],[77.52073996153521,23.24447592105601],[77.5205786178496,23.244569141739785],[77.5204638845764,23.24464443641524],[77.52035811517997,23.24468746126619],[77.52032333575822,23.244696867396435],[77.52042552504798,23.24525607373925],[77.5200400394524,23.245480322272375],[77.51990645978091,23.24566511560175],[77.51978883278022,23.245842626039657],[77.51977803896979,23.24595296943957],[77.51976958460689,23.246039383175855],[77.5197588918052,23.246176257898163],[77.51966906774358,23.246415788673037],[77.5195749658616,23.246728035383324],[77.51949004985192,23.24694709535009],[77.51942739804645,23.24710871778935],[77.51932046480992,23.247508649400345],[77.51922208635831,23.247752457580443],[77.51915364777642,23.248000543617625],[77.51910018159353,23.248207995099495],[77.51905313098689,23.248421862283408],[77.51907845635648,23.248542158372963],[77.51908734992111,23.248584399638904],[77.5191001822989,23.24879185108795],[77.51904029927061,23.249044213696553],[77.518994667661,23.249223693663247],[77.51899752550952,23.24951258271216],[77.51899110925469,23.249886850294896],[77.51902960595588,23.250186263951587],[77.51902746703409,23.25059047331133],[77.51900821904773,23.250851390790505],[77.51898041586773,23.25128981806717],[77.51892570927654,23.251401565414763],[77.51891254512583,23.251421358904334],[77.51875371707283,23.251623449808104],[77.51854840532599,23.251880091312636],[77.51843719421677,23.252093958022463],[77.51839655882348,23.252258635152515],[77.5182917635747,23.252461809245574],[77.51825968441666,23.25266498298673],[77.51822974340794,23.252940871038284],[77.51832812185334,23.25325739426755],[77.51840444799222,23.253374239370935],[77.51842102764431,23.253422964962024],[77.51853550281393,23.253568775750054],[77.51882429320442,23.253871192611197],[77.51911729142947,23.254206964155593],[77.51919758104636,23.254382142025328],[77.51960260235805,23.25523064169298],[77.51974229771555,23.25573918244585],[77.5196951287782,23.255931491639206],[77.51967692046054,23.2559810309691],[77.51967548423258,23.256026972378226],[77.5196562362802,23.25610182531771],[77.51963912553478,23.2561745400079],[77.51960063000277,23.25626436376982],[77.51957421471137,23.256484564948956],[77.51957158766614,23.25678164410941],[77.51953677064748,23.257084417147148],[77.51954074836104,23.257181853651897],[77.51954074820678,23.25724387466151],[77.51953860912697,23.257295202585347],[77.51953860898784,23.25734011531158],[77.51953005412923,23.257376473103534],[77.5194658937694,23.25746415797791],[77.51944819078444,23.257487284343977],[77.5193482671522,23.257571091810647],[77.51907237913917,23.257695134332874],[77.51882643156053,23.257797790908725],[77.51855278655867,23.257952357182173],[77.51842222323128,23.25803518271021],[77.51828962633043,23.258240495144907],[77.51821477249459,23.258424421147875],[77.51820407885242,23.258550602307498],[77.51821905043091,23.25880938065694],[77.51819766337162,23.259025386566137],[77.5179902124582,23.259292720884268],[77.51782981206912,23.259431733627594],[77.51772715568086,23.259553639411433],[77.51763733098406,23.259767505994787],[77.51763091538282,23.25988727082696],[77.51754964550341,23.260259399763324],[77.51744912782624,23.26053314873981],[77.51728401462563,23.260839787802364],[77.51725878686489,23.261012210697483],[77.51727883830324,23.261062584291384],[77.51730546135059,23.26112946595811],[77.51734647200934,23.2612324942184],[77.51752612123265,23.26143139081023],[77.51773998818933,23.261649534989505],[77.51805437212981,23.261876233597597],[77.51817870142811,23.26199606934351],[77.51828107089098,23.26228899717651],[77.51845430333536,23.26257771794627],[77.51887775985911,23.262804416789134],[77.51893764285988,23.262819388307634],[77.51932901891011,23.263084582829453],[77.51963057245423,23.263469543031206],[77.51973750528643,23.26382670116221],[77.51965837537819,23.264171026605453],[77.51957051032846,23.26442309614878],[77.51943050842638,23.264961734340048],[77.51956894007873,23.265536324331038],[77.51966541711398,23.265674791560393],[77.51993302738224,23.265985051626153],[77.52019697619049,23.2661650166349],[77.52021420664698,23.266176765192522],[77.52030832608727,23.26620923372491],[77.52040523171641,23.2662426649915],[77.52071692247048,23.266281142296087],[77.52102579365922,23.26637486914752],[77.5211919459676,23.266481376990722],[77.5213431856543,23.266643268140932],[77.52151572785375,23.266879714076893],[77.52163927727774,23.267035215322483],[77.52186933267726,23.2671715446091],[77.52224210869434,23.26739734102517],[77.52266387903754,23.267665740023606],[77.52315168254864,23.26800230271799],[77.5233902604076,23.26838360013177],[77.52342647226254,23.268658389185962],[77.52352872012203,23.268760636068404],[77.52388084500166,23.269150828703037],[77.52461493758429,23.2699072358152],[77.52487983996834,23.270068177954695],[77.5253346516063,23.270281029785934],[77.52556023902999,23.27035561923313],[77.52575853734417,23.27048114711637],[77.52573389677579,23.270537774002488],[77.52568454452312,23.270612976948765],[77.52560464203484,23.270714030751357],[77.52552238891481,23.270826836128496],[77.52546128551948,23.27087853798286],[77.52543073545704,23.270897339383804],[77.52529207866401,23.270953741290842],[77.52520512618364,23.27100074308825],[77.52512522153945,23.271045395141556],[77.52503121783211,23.271108848327327],[77.52498656653422,23.271162900233932],[77.52495131457157,23.271235752953263],[77.52489256321697,23.271334457000425],[77.52481030938245,23.271475462727178],[77.52462700242138,23.27159766814781],[77.52437789187776,23.271738672760474],[77.52397367509103,23.272037136174465],[77.52350130524184,23.272361448720186],[77.52349677890291,23.272362449357257],[77.52265056964433,23.27254945686386],[77.52119115992255,23.272854968567334],[77.52084597799109,23.27292518973758],[77.51948365621223,23.273207014168843],[77.51827361410867,23.273363484825097],[77.51756094501746,23.273456995706976],[77.5164340321177,23.273604861098818],[77.51549216052528,23.27374555605507],[77.51497729164304,23.273822466784477],[77.51216603071553,23.27422407531329],[77.51108116553146,23.27442748769959],[77.51100535230897,23.27451172497219],[77.51098728315183,23.274531801891243],[77.51036227110586,23.27461544371157],[77.51010888735848,23.27465631094257],[77.50900061323411,23.274823919011553],[77.50811640737902,23.274951969131692],[77.50742758832145,23.275059044914965],[77.50736883325666,23.275075140950932],[77.50741750538353,23.275282572577566],[77.50744879362534,23.275341674385707],[77.50748471829958,23.27543438179931],[77.50751962900142,23.275535535319175],[77.50752991262655,23.275565330997363],[77.50755888421226,23.275661515326856],[77.50758437809029,23.275793622867333],[77.50765622619511,23.276061316221632],[77.5077194819241,23.27610309712529],[77.5077774141981,23.276213354308872],[77.50781665818153,23.276329216570765],[77.50785963867547,23.276463768251325],[77.50790448984198,23.276603925408832],[77.50797923989683,23.27686555230094],[77.50799605930271,23.276964597348975],[77.50797176460019,23.276981415796897],[77.50792504563312,23.276988890807363],[77.50786150839912,23.27698889095076],[77.50781852698677,23.276987021615955],[77.50780279746638,23.276987021929276],[77.50776993912153,23.276987021882874],[77.5077194819708,23.277007577574086],[77.50767089378192,23.277035609742903],[77.50765220680387,23.27705242935753],[77.50765594377921,23.277091673430917],[77.50768584374369,23.277246779753824],[77.50784282039496,23.27766912108184],[77.50793812685905,23.277878421867886],[77.50801491958413,23.278074342206914],[77.50807226388552,23.278220644131647],[77.50810444742694,23.27828581315237],[77.50807080962653,23.278315712889253],[77.50739992317966,23.278592289901155],[77.50714390272051,23.27869880979155],[77.50697571397097,23.278764216358834],[77.50670287419968,23.27889503007502],[77.50638892157987,23.279048268676288],[77.50623007709699,23.279085644176927],[77.50616277075213,23.279090286212877],[77.50615289027694,23.27909096743161],[77.50612168857369,23.27909311870279],[77.50571252281485,23.278996750377363],[77.50567678409216,23.278987186170205],[77.50525754097883,23.27887499396336],[77.50459749591751,23.278708380955756],[77.50458172335924,23.278704406668016],[77.50419057574243,23.27860585043967],[77.5039630850415,23.27855137989693],[77.50374841040367,23.278484093713026],[77.50335110244924,23.27822456238445],[77.50307554974009,23.2780579489327],[77.50296020203007,23.278057948875258],[77.5028032007367,23.27803872457934],[77.50261736427723,23.277961825544185],[77.50251803681492,23.277949009860798],[77.50238666913039,23.277949009746862],[77.50227452486507,23.2778817237734],[77.50193168689927,23.277731130853613],[77.50176186927293,23.277734334994264],[77.50157923636209,23.27772792733146],[77.50146068444234,23.277686274023704],[77.50129727491114,23.277686273571284],[77.50118192790976,23.277702294436345],[77.50110182517297,23.277657437083402],[77.50105055957054,23.277667048882815],[77.50095123293706,23.277535680791964],[77.50092880425096,23.277503639929712],[77.50091856304513,23.27746779813552],[77.50091598761362,23.277458783156078],[77.50090637541383,23.27742033419682],[77.5009063750305,23.277388292999873],[77.50092239568315,23.277314597587484],[77.50093200847012,23.27725051587798],[77.50092559975141,23.277218474788253],[77.50089996685806,23.277183230021013],[77.50084870068036,23.277151188694454],[77.50077500655945,23.277099923961],[77.50057955665935,23.277071086577237],[77.5002783719941,23.277067883409472],[77.50016622862594,23.277064678814913],[77.50003486071962,23.27701982119918],[77.50000602380103,23.276981372293044],[77.4999900032953,23.276933311425847],[77.49992271654769,23.276814758774897],[77.49986183912027,23.276689798960536],[77.49983941061792,23.276619308662692],[77.49982018599596,23.276600084209626],[77.4997657158412,23.276590471851367],[77.49968942116156,23.276621705227996],[77.49968213464966,23.276631328282757],[77.4996682314927,23.276642914342773],[77.49966938986626,23.27666608738902],[77.49967865935135,23.276705482160455],[77.49969372153389,23.27674024081343],[77.4997076261558,23.276775000769156],[77.49972616369689,23.27681439542976],[77.49974586148215,23.276852631302727],[77.49976092410738,23.276895501089523],[77.49979148230028,23.276950219228862],[77.49981980182231,23.277146755794764],[77.4998412174929,23.277221709243424],[77.49987690903772,23.277332354385663],[77.49988404839043,23.277425152737745],[77.49986977145322,23.27749296817535],[77.49983764832318,23.27752152070677],[77.49967346519817,23.277564352306577],[77.49944145367212,23.277652904583462],[77.49932191527772,23.277693184207294],[77.49903865984992,23.277782838615522],[77.49894380760115,23.27781662089772],[77.4988879365202,23.27783091361113],[77.49886844703673,23.277845206959547],[77.49886844673846,23.27789198345529],[77.49891912117765,23.277982935601287],[77.49895030496053,23.27809597856872],[77.49901916968636,23.27823240892703],[77.49902075916872,23.27828163207073],[77.49899247700193,23.278377084060498],[77.49895358857134,23.278507887616346],[77.4989217718237,23.27853616964715],[77.49886316930267,23.278570900185425],[77.49898728678369,23.279007315378497],[77.49908738305479,23.27935164227746],[77.49918347359458,23.279651928381085],[77.49929558129357,23.279928190996078],[77.49939367389257,23.280144396006772],[77.49947975618345,23.280296540751333],[77.49956583847474,23.280386626992815],[77.49966793475319,23.280468705226486],[77.49972198616976,23.280536769621303],[77.49978004221548,23.28061284226428],[77.49988013730814,23.280658885996775],[77.49993618955068,23.280660887589214],[77.49999824886456,23.280706931640243],[77.50004629468614,23.280776998192863],[77.50014839180768,23.28090511990546],[77.50024648466227,23.28105125925406],[77.50034858161666,23.28125345074747],[77.50040263430546,23.281365557749396],[77.50046669497384,23.2814756626475],[77.50051273803828,23.28156174502214],[77.50063885846491,23.281639818989884],[77.50071693320591,23.281685863417493],[77.50081702755357,23.28172990541156],[77.50095916323944,23.281795967301345],[77.50102923006531,23.281779951976347],[77.5010752738974,23.281783956055513],[77.50110730394825,23.28182799799079],[77.50117336699026,23.281918083659814],[77.50122741753636,23.28196612933562],[77.50126345337645,23.28201817936517],[77.50127346199105,23.282102258737517],[77.50132951547907,23.282154307973755],[77.50141159270181,23.28220035217848],[77.50151168920547,23.282258406885358],[77.50166583545717,23.282334480136875],[77.50171123665872,23.28235137336093],[77.50175191701994,23.28236650992873],[77.50182999076537,23.2824005420114],[77.50192408096463,23.28244858808768],[77.50201016285628,23.282472611421767],[77.50212026826392,23.282494632076947],[77.50216430942264,23.28255068491568],[77.50219633952948,23.282628759590207],[77.50219634032396,23.282700828423703],[77.50216430888405,23.282822944366288],[77.50215830382564,23.282893011182306],[77.50212627338132,23.282951066248796],[77.50203218405197,23.283057167099503],[77.50193684059549,23.28312899579136],[77.50180145071852,23.28327615794882],[77.50189563507382,23.283641120770135],[77.50238421486713,23.283758851869603],[77.50291399991274,23.283800057380923],[77.5031082554544,23.283847148979444],[77.50327307691127,23.28402963085886],[77.50336137367404,23.284282749578708],[77.50354385642908,23.284441685808506],[77.50367924458116,23.284376934336137],[77.50383818083273,23.284353387990002],[77.50398534436718,23.284388707276904],[77.50414427902942,23.28441814025377],[77.50429732770516,23.284400480122276],[77.50443271798314,23.28429452335628],[77.50457399416347,23.284306296370477],[77.50475647499951,23.284400480070378],[77.50488597753848,23.2843945937456],[77.50502725395627,23.284412253294143],[77.50509789318052,23.284535870143934],[77.50511555163997,23.284612394225743],[77.50515675805059,23.28475955733534],[77.50510966614284,23.284865514428265],[77.50486831936688,23.2848596267613],[77.5046976096369,23.28490671985389],[77.50455044814329,23.284989130793154],[77.50441505770998,23.28507154157279],[77.50434441987508,23.28515395267151],[77.50433264661274,23.285218703724126],[77.50431498787837,23.28538352642326],[77.50414427900161,23.285430618158617],[77.50389704588781,23.2854129592393],[77.50364981295387,23.285407072139403],[77.50355331379829,23.2854231554555],[77.50347321757265,23.285436505306993],[77.50332605545704,23.285518916311805],[77.50324364438019,23.285648418947797],[77.50322598518275,23.285766149269758],[77.50330250908547,23.2860251549514],[77.50342023914685,23.2862782753166],[77.503608607225,23.286501962274293],[77.50387350018507,23.286602031601163],[77.50396768375174,23.28667855709965],[77.50400888971429,23.28683749209222],[77.50394413810433,23.28702586017442],[77.50374399661949,23.287049405696433],[77.50362038026043,23.287037632789463],[77.50350265028204,23.287014087010586],[77.5031730059854,23.287043520266835],[77.50305527566998,23.287125930799114],[77.50296697887,23.28724954704621],[77.50292577350442,23.287355505416564],[77.50291399962403,23.287537985586678],[77.5028551350403,23.287649829801172],[77.50275506470858,23.287749899855235],[77.50269620043301,23.28784408384519],[77.50266676732512,23.287991246950398],[77.50263144792662,23.288238480275602],[77.50265499438352,23.288409187915782],[77.5027550649939,23.28852691827594],[77.50291399953197,23.288703513807672],[77.50291988682841,23.28879181066207],[77.50290811386414,23.288915427705007],[77.50289634058906,23.289062590211756],[77.50282570330525,23.289115568874497],[77.50279038411612,23.289174434223998],[77.50281393019621,23.289268618429755],[77.50283747616113,23.289392234212297],[77.50281981644613,23.289551169541227],[77.50277272412231,23.289562943273207],[77.50259024177508,23.289557056009517],[77.5024783986892,23.28955705573788],[77.50237832794085,23.28958060167728]]]},"properties":{"zoneNumber":15,"zoneOfficerName":"Mr. Santosh Shrivastava","zoneOfficerMobile":"9424499915"}},{"type":"Feature","geometry":{"type":"Polygon","coordinates":[[[77.50670381622612,23.194392434052435],[77.50666887428332,23.19443403129371],[77.50661452005487,23.194480620212342],[77.50654372605868,23.194744147740664],[77.50652478691255,23.194952634623732],[77.50653152529512,23.196073714170875],[77.5056609627329,23.19836462962137],[77.50480570126821,23.199362306324605],[77.50461028412933,23.198876117056944],[77.49952822836282,23.195739634785486],[77.49769007589413,23.19444523076998],[77.49619403077068,23.19437035918271],[77.49502343013135,23.19444670784426],[77.49489014351882,23.194707825992445],[77.49474841600362,23.19496894960933],[77.49461383381473,23.19520591418704],[77.49450739615806,23.195403721153937],[77.49438117676027,23.195626958888848],[77.49426626095693,23.195813461826855],[77.49426410971542,23.1958174954421],[77.49416076410692,23.19601126784576],[77.49407504768938,23.196162919765776],[77.49398744796706,23.19630326757153],[77.49393846702367,23.196345655121526],[77.49381318986693,23.19641159023828],[77.49370298416369,23.196461513399466],[77.49356263480816,23.19651520301032],[77.49346576842626,23.196575278284328],[77.49346576807551,23.19662949256468],[77.49353692508801,23.196839575559682],[77.49356742138337,23.19697511393088],[77.49360130534035,23.197093708758363],[77.49360130541531,23.19714114667341],[77.49354031374598,23.19718858539107],[77.49327849158816,23.197335561185533],[77.49290038937947,23.19755384680321],[77.49260024511261,23.197719900743206],[77.49239677073875,23.19781423158586],[77.49224007271339,23.1979015463775],[77.49200775409084,23.19802160394838],[77.49184169970735,23.19810813896484],[77.49182065099376,23.19812217184983],[77.49178479029878,23.19815023737769],[77.49177075741717,23.19817128640332],[77.49175672420621,23.198200911002985],[77.49174659026247,23.198224297576836],[77.49173099772204,23.19824924495285],[77.49170527077155,23.198274192023177],[77.49168500224124,23.19828588574382],[77.49165459758892,23.198298360065827],[77.49154093177663,23.198306412829687],[77.49141948299439,23.19832407830462],[77.4913421973492,23.198332911375953],[77.49127816041441,23.19833511909906],[77.49122295461487,23.198335119180495],[77.491147878331,23.198339535291222],[77.491068384375,23.1983483681638],[77.49099772155041,23.19835499339419],[77.4909513513674,23.1983572006134],[77.49080557378674,23.198401447051438],[77.49074032971092,23.19842538143769],[77.49052601933636,23.198050337126226],[77.49027241763922,23.197621715579036],[77.49002235618096,23.19703011715515],[77.48966318560474,23.19615484357638],[77.48954726479982,23.195760928995085],[77.4894203049887,23.19551855295194],[77.48916116182048,23.1951125069659],[77.48896729062598,23.19480873531886],[77.48885187422714,23.194626951598195],[77.48852136347251,23.19427364682529],[77.48834980808304,23.194090259661863],[77.48791699202226,23.19355645404191],[77.4876538542248,23.193260091048405],[77.48719415862249,23.192866244333867],[77.48680200186836,23.19258917682333],[77.48610151916617,23.19212597659269],[77.48561761839073,23.19182244953715],[77.48556968830763,23.191770658801428],[77.48576103444069,23.191210463814247],[77.48598902831016,23.190620653580183],[77.4861476316933,23.190387703694697],[77.48625787757314,23.19023107043875],[77.48597698995742,23.189611103860326],[77.48582122945635,23.189002659206935],[77.48553891742897,23.188654621155873],[77.48552718477507,23.188641684934407],[77.48546852937315,23.188571298237846],[77.48542519530471,23.18851442200196],[77.48542160352164,23.1885097089028],[77.48536294809097,23.188421726208233],[77.48533655280318,23.188348405757527],[77.48532482157563,23.188269221118116],[77.48531309090114,23.188184169938832],[77.48531309112784,23.188128447078935],[77.4852925621615,23.18802873234314],[77.48525443523154,23.187864496000124],[77.48514005659526,23.187682664087625],[77.48509899761845,23.18762694068053],[77.48507553499664,23.18758001612589],[77.48503740924559,23.1874568388674],[77.48503447561528,23.187374720939328],[77.48503154390217,23.18730726738616],[77.48501101405107,23.187216350562764],[77.48500963800075,23.187211970726338],[77.4849787537655,23.187113703058994],[77.48495235791509,23.187034517757994],[77.48492596257985,23.186946534446516],[77.48492358572928,23.186925931725003],[77.4849171646112,23.186870282340355],[77.48491423217867,23.186805760274247],[77.48489663485844,23.186744171788334],[77.484854496673,23.186698712269642],[77.48479318773305,23.18663256871047],[77.48477932358794,23.18662686073265],[77.48476155291175,23.186622594856367],[77.48470600381253,23.186609264272064],[77.48462095392327,23.186585801755864],[77.4845359026365,23.18657113813425],[77.48442445737342,23.186521279661083],[77.4843951547868,23.186483987273867],[77.48439219640504,23.186480221372047],[77.48438363625512,23.186466311273772],[77.48436873382288,23.18644209458594],[77.48435700328787,23.186409833731695],[77.48433940639903,23.18633064912786],[77.48432767536899,23.186251464241273],[77.48429834652212,23.186148815921275],[77.48422795956486,23.185870201641336],[77.48422502674855,23.185749956571907],[77.48422209491945,23.185664906958447],[77.48421622929258,23.18557398966457],[77.48419978502123,23.185487070410634],[77.4841956998116,23.18546547657659],[77.48416637158567,23.185383359157594],[77.48410771611229,23.185257249412704],[77.4840255977873,23.185175131416653],[77.48395227777556,23.185093013452082],[77.48392427709483,23.185032703170517],[77.48391415158655,23.185010894917717],[77.48391121897886,23.184902381914892],[77.4839698748837,23.184861322924824],[77.4840226652291,23.184805599654982],[77.48407838773355,23.1847440120187],[77.48410771559864,23.18468242317539],[77.4841077163182,23.18463549907606],[77.48409891842611,23.18457977601756],[77.48408718708099,23.184500591079928],[77.48407838784296,23.184456599329714],[77.48404612838291,23.18434808567525],[77.48403912961467,23.184333624578],[77.48400213640339,23.184257169394275],[77.48396104496547,23.184190127344678],[77.48394641297604,23.184166252657057],[77.4839200183321,23.184095865740638],[77.48393468235452,23.184054807176455],[77.48396486651163,23.184016389640476],[77.48396694162145,23.18401374802297],[77.48388319012504,23.18396676334797],[77.48366996458353,23.18383720839961],[77.48341610481174,23.183607768730706],[77.48269308597833,23.183590188277964],[77.48239396056347,23.183702572378294],[77.48239913844556,23.184180795670283],[77.48269817496673,23.184375837021967],[77.4828399423966,23.184594825103048],[77.48268727960553,23.184826775297992],[77.48231466578554,23.184938503049096],[77.48187235958085,23.18486056259961],[77.48159792634932,23.184481039315536],[77.48141775494788,23.184321285383568],[77.48124709580364,23.184334361223037],[77.48103275153815,23.184589846069205],[77.48077580763163,23.184583284182814],[77.48060363020508,23.184537752066067],[77.48049166247705,23.184335470392238],[77.4804705051955,23.18423115605759],[77.48048224185285,23.184089738819722],[77.48070829325648,23.183808370921437],[77.48068794496827,23.183250170834093],[77.48073498540036,23.182945993423257],[77.4802743565867,23.18292712108866],[77.47997136739053,23.18285977524383],[77.47971235563621,23.18310396782898],[77.47937431545735,23.182819899229404],[77.47918885442718,23.18277756981455],[77.47897726566588,23.182757310067807],[77.47856323674183,23.182727551272375],[77.47845823397262,23.182712668813938],[77.47833118027275,23.182702432336665],[77.47831611967064,23.18239219816839],[77.47830757627636,23.18221618572427],[77.47827928639553,23.18216981082473],[77.47813240243394,23.18192903401962],[77.47805894452375,23.181808619937527],[77.47798970580942,23.181733086964712],[77.47790082417605,23.181653813559304],[77.47775681100437,23.181525370066115],[77.47745939945665,23.18104384356014],[77.47717300057147,23.18055130327476],[77.47696371112072,23.180164195105597],[77.47677487697676,23.179851045720312],[77.47663167814565,23.179629165993248],[77.47652685197858,23.179536436562532],[77.47648355832847,23.179498139952525],[77.4765211106194,23.17945071329472],[77.4765593603715,23.17941099263303],[77.47659907867217,23.17936244711519],[77.47663879933413,23.179284477972413],[77.47665213969127,23.179242233760636],[77.47665645206368,23.17922857591468],[77.47666527937504,23.17919768302389],[77.47667182241936,23.17919075511742],[77.4766900340079,23.17917147100317],[77.47669028751986,23.17917120265155],[77.47669189049323,23.17917066925889],[77.4767255944315,23.179159434382292],[77.47676847717884,23.179154920131],[77.47681091898727,23.17915649180595],[77.47689477168616,23.179175616166894],[77.47694625970729,23.179185913875955],[77.477016873056,23.179197683441846],[77.4770860149602,23.17919179766169],[77.47715221506405,23.179191798153884],[77.47725077901113,23.179143252095546],[77.47733169008943,23.179069696918752],[77.47743760942322,23.1789402396077],[77.47750527972666,23.178826964094174],[77.47750785987175,23.178821995683755],[77.47754500004989,23.17875046692758],[77.47755823967198,23.178685738136142],[77.47755722065318,23.178676908376477],[77.47755382739153,23.178647489700875],[77.47753470228206,23.178625422976815],[77.47747144506523,23.178601885383056],[77.47741112862106,23.17857687668851],[77.47738170699273,23.178551867683318],[77.47738170738691,23.178506263598866],[77.47739641828329,23.178463601707627],[77.47743025417046,23.17844300567828],[77.47747585810365,23.17841211261209],[77.47751852014068,23.178387104050287],[77.47763620764995,23.178345913467087],[77.47770682116429,23.178335614994193],[77.47776125187858,23.178315019673793],[77.47782450992781,23.17828118408343],[77.47787158487891,23.17824587844333],[77.47791277605573,23.178212043044187],[77.47798191755885,23.178170851777363],[77.47802899264094,23.178137016330655],[77.47809519332228,23.178097296109907],[77.47812461537248,23.178067874190774],[77.47813344191226,23.178029625733465],[77.47813932606098,23.177973723810194],[77.47814815301366,23.17793253308155],[77.4781496242877,23.177872216909226],[77.4781658057782,23.1777148090407],[77.47819228593701,23.177650080136736],[77.47819522812458,23.177604476117974],[77.478196698634,23.177570641148602],[77.47820699679197,23.177520622761257],[77.47823053495075,23.17746619176085],[77.4782452455304,23.177444125656493],[77.47827613911369,23.17741323259021],[77.47831880121518,23.17740146404098],[77.4783658773513,23.17738528202038],[77.47841001021574,23.177377925930102],[77.47846591151507,23.17736321498977],[77.47851298720708,23.177360273075504],[77.4785585913148,23.17736468591611],[77.47856588947204,23.177366557204827],[77.47859026992312,23.1773728089749],[77.47861596430181,23.17737939736067],[77.47866598239001,23.17741470368139],[77.47867312639724,23.17742303798411],[77.47869246204553,23.17744559695712],[77.47872776819077,23.177489730231134],[77.47875424800111,23.17751621010941],[77.47879543912318,23.177535334143975],[77.47886016807051,23.17753974837796],[77.47886433278978,23.177538954072684],[77.47889106134284,23.177533862538485],[77.4789307685554,23.17751553590464],[77.47894843425928,23.177507383277547],[77.47898962473336,23.17745736628866],[77.47901463395299,23.177420587808136],[77.47901662921973,23.17741601509406],[77.47904994030557,23.177339677303728],[77.47901904708517,23.17727053498394],[77.47901904701676,23.177214633205693],[77.47903228708445,23.17718079806866],[77.4790602379887,23.177142549356017],[77.4791058419977,23.17711165599859],[77.47912529874583,23.17709803628876],[77.47913526434841,23.177091060713597],[77.47916321486274,23.177066052119486],[77.47917116819173,23.177054917573173],[77.47917792739453,23.17704545609379],[77.47919557971193,23.176998380843173],[77.4792338285996,23.176951306108286],[77.47927060576133,23.17694100769416],[77.47930591302783,23.176941007983142],[77.47932349522611,23.176948101805216],[77.47938976606257,23.176974843305096],[77.47941330273679,23.176995438670925],[77.47949567051778,23.17710136864653],[77.47953011832871,23.177147559955944],[77.47953540503025,23.17715284743713],[77.47957953819305,23.177192566916418],[77.47961555708697,23.177208574580725],[77.47963249790887,23.17721610387845],[77.4796758543696,23.177216103942587],[77.47968398690651,23.177216103779593],[77.47973400439896,23.17721316236769],[77.47976048386775,23.177213161872256],[77.47979284767136,23.177210219914357],[77.47983992443676,23.177194038358103],[77.47987228765271,23.17716902870742],[77.47990170964674,23.177113127316396],[77.47992524788103,23.177063109597054],[77.47993407471674,23.17702927362974],[77.47989435527782,23.17689098996286],[77.47984875012112,23.176796839181783],[77.47983992361092,23.176739465634203],[77.47986051910728,23.17669974676513],[77.47989876779833,23.176673266744874],[77.47995319913821,23.176642373008995],[77.48001792670713,23.176623248992197],[77.48009736736968,23.17659235557528],[77.48014591443247,23.1765938265434],[77.48017680689448,23.17661442160788],[77.48018416192424,23.176654141715126],[77.48017533642789,23.176674738418246],[77.48015864040019,23.17669009820783],[77.48013855826044,23.17670857319926],[77.48009589561872,23.17675859132103],[77.48008854055682,23.17679683878259],[77.48010178010969,23.176839501905484],[77.48014591421725,23.176879221151292],[77.48018857583358,23.17690128794276],[77.48024300720607,23.176923355303447],[77.48031214860292,23.17694247922534],[77.4803680504757,23.176933652125804],[77.4804062993532,23.17691305734859],[77.48042670563457,23.17690162897646],[77.4804430771348,23.17689246080588],[77.48050192064703,23.17686303885452],[77.48057988974159,23.17682478964216],[77.48063262444614,23.176802059623146],[77.48066521402701,23.176788013147753],[77.4806784542187,23.176757120209828],[77.4806787910901,23.17675419375986],[77.48068038159268,23.176740404808523],[77.48068286705713,23.176718871041842],[77.4806799253584,23.17668650737419],[77.4806725694586,23.17664825759588],[77.4806563873282,23.176621777856845],[77.4806269653314,23.17658941395729],[77.48059018728839,23.176570289426316],[77.48056109069597,23.176565979238234],[77.48055046807015,23.17656440496778],[77.48048426764505,23.176554106933846],[77.4804107128488,23.17652174308068],[77.48039305923056,23.176492321113425],[77.48038423333736,23.176462898885283],[77.4803747373811,23.176431245820886],[77.48037099257611,23.17641876564486],[77.48034598394938,23.176398169622438],[77.48030626359852,23.176386400668633],[77.48026065969233,23.17637610290186],[77.4802600103305,23.176376077173966],[77.48018710508413,23.176373161291217],[77.48009442467449,23.17635403689507],[77.4800841272389,23.17634079700681],[77.48007355154787,23.176311716210925],[77.48007235795508,23.176308432625635],[77.48007311457405,23.176292549914855],[77.48007382860169,23.176277539098464],[77.48008265643551,23.176243703990387],[77.4800870687738,23.17621134020982],[77.48010030943328,23.176177504144864],[77.48009736670146,23.17612454391125],[77.48009001174923,23.176103949242552],[77.48009148279738,23.176084824656098],[77.48009589625318,23.176073055600835],[77.48011501949912,23.176052459601777],[77.48013120310941,23.176048046736447],[77.48014885603638,23.17604510505692],[77.48015465426221,23.176044031152294],[77.48018857629295,23.1760377486307],[77.48020622919776,23.17602009574924],[77.4802238822626,23.17597890494376],[77.48023503572715,23.175932321258827],[77.48024889115662,23.175874456726344],[77.48025771834361,23.17586710091742],[77.48029302410966,23.17581266970692],[77.48031861686218,23.17575295273058],[77.4803327439396,23.175719991053978],[77.4803327439543,23.175700865605776],[77.48033421516841,23.175662618260713],[77.48033421516898,23.17562878162067],[77.48033421538645,23.17561402828164],[77.48033421519385,23.17559936013025],[77.48033568626732,23.175565525255077],[77.48034892608024,23.175537573725027],[77.48037099264803,23.175524334094746],[77.48043277940619,23.17548461436723],[77.4804739703585,23.175466960966297],[77.48048868076052,23.17547137404492],[77.48053260801403,23.175486960555805],[77.48053428549805,23.175487556241272],[77.48056812101241,23.17550079556676],[77.48059460144718,23.175516978155358],[77.48063284929722,23.175527276078146],[77.48065620906716,23.17552727623773],[77.48065932939859,23.17552727636806],[77.48072994227702,23.17549049770856],[77.48082409314921,23.175409586711705],[77.48083439060792,23.175403702909843],[77.48084763146083,23.17538605003096],[77.48087558204104,23.17535515681551],[77.48088038815557,23.17534714600017],[77.48089764762449,23.175318379298506],[77.48090647458113,23.175286015377985],[77.48090431896773,23.1752666142572],[77.48089911905979,23.175219815255648],[77.48088735067898,23.17519186427112],[77.48088146639512,23.175180094563316],[77.4808799945785,23.175156556752572],[77.48088587897743,23.17512566404068],[77.48089323505218,23.17510801132325],[77.48091235893953,23.175091828607414],[77.48092707035651,23.175072703713145],[77.48093883947644,23.175046225097773],[77.48094178063687,23.17503298502754],[77.48095207944188,23.175000620141514],[77.48096237674264,23.174965313999298],[77.48097267538606,23.17494177582808],[77.48100356808517,23.174874104622393],[77.48102809614413,23.17486134994938],[77.48104034470937,23.17485498107093],[77.48108447918324,23.174818202907844],[77.4810977191484,23.17479172337628],[77.48110801598034,23.17475935860144],[77.48112125601384,23.174728465715855],[77.48112272666502,23.17470787006701],[77.48112245311901,23.17470375932737],[77.48112125615985,23.174685804211567],[77.48111242964055,23.174643142024763],[77.48111390074739,23.17461519076648],[77.48114038117309,23.17458429754284],[77.48115950519455,23.17455487476329],[77.48117274490569,23.174541635301214],[77.48120363760067,23.174522510957743],[77.48121099408395,23.17451221290949],[77.48122081315768,23.17443372169969],[77.4811888928125,23.17428336837159],[77.48116244723595,23.174266539390963],[77.48112125619564,23.1742621261164],[77.48107712255198,23.174259183139686],[77.48103887430712,23.1742400585709],[77.48100503926052,23.174217991662662],[77.48098003030333,23.174178272963093],[77.48092412800142,23.174106187668926],[77.48091530228531,23.174066468537877],[77.48090794630897,23.174035575255708],[77.48090206156488,23.174006153051486],[77.48090059145323,23.17396643285897],[77.48090059147808,23.173937011405993],[77.48089871890126,23.17391766843809],[77.4808961773764,23.17389140690297],[77.48088587945746,23.17385021584286],[77.4808711677778,23.173794313722695],[77.48085498602113,23.173761950349377],[77.48082628650783,23.173734554880525],[77.48082262226713,23.173731056619868],[77.48080055543325,23.173711931657316],[77.48079025766052,23.173695749573337],[77.48079025792816,23.17365750139682],[77.48079101506342,23.173645384781974],[77.48079172912186,23.173633964376997],[77.48079467070298,23.173617782058415],[77.48081526623135,23.173566293423654],[77.48084261223629,23.173562191136064],[77.48087411141518,23.173557466369946],[77.48093148391644,23.173554523880448],[77.4809785589355,23.17355158157397],[77.48106829609371,23.17352068890069],[77.48110948703274,23.173486853214257],[77.48115067754365,23.17344124861201],[77.48118745630156,23.17339123066946],[77.48120510950359,23.173357396393627],[77.48124188687702,23.173310320756777],[77.48126524901635,23.173281951819757],[77.48131544174454,23.173255889605418],[77.48139046755652,23.173230880726702],[77.48144048594816,23.173226467955956],[77.48148167703526,23.173223524739594],[77.48151404128788,23.17322352486389],[77.48152278860786,23.173227088857114],[77.48155376057204,23.173239707996505],[77.48159348056288,23.173264715977673],[77.48162290348326,23.173291196177495],[77.48165232515046,23.173297080823062],[77.48169204544045,23.173289725116657],[77.48176118675879,23.173247062839938],[77.48181267621496,23.173210285385988],[77.48186269271659,23.173177921404648],[77.48189505767566,23.173129374630207],[77.48189591074156,23.173128179957388],[77.48193771996179,23.17308524094688],[77.48200097703284,23.172988149317323],[77.48202745737743,23.17294989961],[77.48204510969286,23.172932246711017],[77.4820745318882,23.172917535663167],[77.4821039538284,23.172916063754528],[77.48213926087433,23.172935189028248],[77.48217015438998,23.172960197985102],[77.48220693220075,23.17298373476375],[77.48224665184539,23.172992562123607],[77.4822966689473,23.172992561612958],[77.48234668739434,23.172966081868697],[77.48238199318371,23.172932247065052],[77.48241288625262,23.172889584779714],[77.48250556647297,23.172808674370405],[77.48255852555683,23.17278660702296],[77.4826552464448,23.17277703109314],[77.48267621432541,23.17277189586904],[77.48274388458648,23.17274541646165],[77.48276351403162,23.172732516893024],[77.48277876415058,23.172722495985063],[77.48279537412532,23.172711581008013],[77.4828292088325,23.172668918621508],[77.48284186034643,23.172631940147216],[77.48283067960014,23.17258947944103],[77.4828247964594,23.172564469756736],[77.48282773807367,23.172526221680794],[77.48285568890881,23.172496798568957],[77.48290182246522,23.17247023818254],[77.4829145330263,23.172454137151107],[77.48294542702047,23.172421772559158],[77.48294601374465,23.17241751295396],[77.48295131143753,23.17237911102949],[77.4829513113361,23.172355573248865],[77.48293218671836,23.172277604954324],[77.4829189472182,23.172248183115556],[77.48289835121412,23.172190810435552],[77.48288069828548,23.172158444717656],[77.4828683059719,23.172145254151467],[77.48283509390502,23.172109899446294],[77.48279978742897,23.172087832053663],[77.48278213445245,23.17204517032731],[77.48278213445242,23.172017219199276],[77.4828056724184,23.172001037134976],[77.48282773789482,23.17198191296472],[77.48284621294685,23.171950647269213],[77.48284686164523,23.17194954795376],[77.48284686217055,23.171946608391043],[77.48284686195066,23.171927482156494],[77.48282920889223,23.171889232878712],[77.48280714262553,23.171871580186963],[77.48278213358495,23.171849513377058],[77.48277638708062,23.171838904381023],[77.4827630093552,23.17181420725316],[77.48275565424574,23.171778899864435],[77.48276448112655,23.171739179565186],[77.48276448120902,23.17171122932956],[77.4827630089532,23.17169063386784],[77.48275271169788,23.1716626830177],[77.48272476096703,23.171636202909536],[77.48271190061583,23.171635708462794],[77.4826865123105,23.171634732008705],[77.48265120606129,23.171636203227376],[77.48258647728794,23.17163031883748],[77.48254969863882,23.171600896781424],[77.48250703732307,23.17155235031626],[77.4825070367448,23.17148320805488],[77.48251586393968,23.17145378642631],[77.4825467569233,23.171440545573528],[77.48258500576239,23.171452315196568],[77.48261295680003,23.171452315307143],[77.4826367643032,23.171448506127774],[77.48264973391004,23.171446429847332],[77.48267327181662,23.171434662061436],[77.482679157473,23.171425835153755],[77.48268945401857,23.171408181579],[77.4827026942927,23.171371404277362],[77.48270857940219,23.17133609827916],[77.48271005007093,23.171302261787645],[77.48270721754443,23.171297308285638],[77.48269828059327,23.17128166658838],[77.4826909253338,23.171244888980844],[77.4826938679916,23.171211054192607],[77.48273652982706,23.171191929435107],[77.48275859600392,23.17118604527577],[77.48281743992408,23.171191928939464],[77.48284097820087,23.17119192911898],[77.48287481324738,23.171203697937525],[77.48288952475787,23.171211053933373],[77.48289885719777,23.171221164433238],[77.48290717753638,23.17123017788677],[77.48292188932646,23.171262541861473],[77.4829542528376,23.17128019606567],[77.48297631955971,23.171277253169972],[77.48299250188498,23.171265484677356],[77.48301604042518,23.17124341814418],[77.48303810623132,23.171212525075752],[77.48307488399192,23.17117280484071],[77.48311460394126,23.171158094294814],[77.48313961165373,23.171137498026056],[77.48315873675138,23.17112131606927],[77.48316756276871,23.17109189361199],[77.48315873703285,23.17106688495456],[77.48315277509835,23.17106141996687],[77.48314108293587,23.17105070332759],[77.48312048765868,23.17103304972475],[77.48309842058296,23.1710153970969],[77.48308518096836,23.17098450415243],[77.48308518128512,23.170958024137946],[77.48311460405529,23.170930072995525],[77.48313078587105,23.17093007341606],[77.48315726642493,23.170933014788915],[77.48317638957016,23.170944784047407],[77.48319520767673,23.17095846858393],[77.48320875411481,23.170968320800352],[77.48322346534451,23.170969792338198],[77.48325730118091,23.170962436597016],[77.48327054073656,23.170946254881912],[77.48327201231223,23.170912419269396],[77.4832664413534,23.17083999799098],[77.48326318530992,23.170797672951082],[77.48329407793142,23.170769721814096],[77.48331761573304,23.170744713088208],[77.48334115359772,23.170743242121166],[77.48334967290444,23.17074292682449],[77.483380874154,23.170741770605915],[77.48339999847865,23.170735887349238],[77.48341029645786,23.17071676167873],[77.48341176666284,23.1706946959263],[77.48340588205733,23.170671158363945],[77.48337940266252,23.170650562742715],[77.48334556700249,23.170644677592385],[77.48334059015644,23.17064257202015],[77.48330731755782,23.1706284957216],[77.48328672337061,23.17058289187292],[77.48328525166714,23.17054170086148],[77.48329702142458,23.170512279137768],[77.4833205576132,23.170479914063332],[77.48335145246203,23.170453434822267],[77.48338528738842,23.17042842581496],[77.48339403324819,23.170428426335004],[77.48341323816011,23.170428425843927],[77.4834426597953,23.170460790251862],[77.48347208166221,23.170503452407118],[77.48349562043938,23.170566710207503],[77.48353828205906,23.17059907415367],[77.48358388637388,23.170603486877784],[77.48361183717036,23.170603486860017],[77.48362948985525,23.170599073872523],[77.48363978786684,23.170584363316667],[77.48364420087894,23.170544643232304],[77.48365302751931,23.17050492298487],[77.48365744144473,23.170441665999757],[77.48365744118674,23.17039900384331],[77.48365008636893,23.17036516763716],[77.48367509495496,23.170307795352148],[77.4836853921695,23.170266603981283],[77.48368912323352,23.17023676057916],[77.48368980617134,23.17023129807365],[77.48368597503838,23.170222680224327],[77.48367803736173,23.170204817597764],[77.48363620784804,23.170185895027636],[77.48361625043299,23.17017686677533],[77.48359272234333,23.170166912599267],[77.48357800209924,23.17016068488941],[77.48355152223128,23.170165098169885],[77.48352209983852,23.17017980932427],[77.48352062937904,23.17020040487094],[77.48353239692365,23.170216586771502],[77.48354683731041,23.170238246290754],[77.48355005117944,23.170243067020746],[77.48355005071475,23.170282786107975],[77.4835338685496,23.170294554609285],[77.48349562000249,23.170300440261883],[77.48346325533495,23.170298969303207],[77.48340882473616,23.170298969208257],[77.48335439413083,23.170298969094148],[77.48332202945102,23.170293083878523],[77.48327201207309,23.170276902286442],[77.48321169717747,23.170259248964875],[77.48318963044709,23.170247479851525],[77.48318227365631,23.170226883694962],[77.48318227384479,23.170223954014272],[77.4831822737011,23.170203346820475],[77.48319110104835,23.17017098208862],[77.48319992796235,23.170126849393682],[77.48321611001552,23.17007683206135],[77.48322640769264,23.170037111778708],[77.48322199388036,23.169979738631522],[77.4832216726049,23.169977487991613],[77.48321169745601,23.16990765535098],[77.48321719020058,23.169877442021725],[77.48322052335632,23.16985910759345],[77.4832278788479,23.16983115718001],[77.48324111870447,23.169812033259415],[77.48326171429109,23.169785552663658],[77.48329113604902,23.169744361626503],[77.48330437601648,23.1697355345731],[77.48332055772917,23.169711998149257],[77.48333085617237,23.169681103598023],[77.4833411542378,23.169642856207375],[77.48334556746732,23.16959872278195],[77.48334409610305,23.16956341620053],[77.48333866464097,23.169522683017252],[77.4833382122334,23.169519283045403],[77.48333821200067,23.169485446632496],[77.48334409575196,23.169448669643877],[77.48334556723245,23.169432488267613],[77.4833573361839,23.169385412399524],[77.48337940312207,23.16934716377232],[77.48339558540259,23.169322155319282],[77.48342500651687,23.169339807819398],[77.48344009990002,23.16934174273529],[77.48348238003786,23.16934716431933],[77.4835265125989,23.16933098081375],[77.48356904034151,23.16930688337916],[77.48357064639289,23.169305973264642],[77.48358726460944,23.169287603718647],[77.4835985972424,23.169275079121345],[77.48361772243106,23.169255954965337],[77.48362360558785,23.169230945997008],[77.4836236056145,23.169207409145756],[77.48363831701255,23.169173573164464],[77.48366626777305,23.169151506575126],[77.4836853921861,23.16911472915212],[77.48367509519764,23.16908236503295],[77.48367083740933,23.169053415954597],[77.4836677391562,23.16903234668581],[77.48367362385623,23.16899115633517],[77.48369863212362,23.168974974292123],[77.48372420023505,23.16897497364631],[77.48373246797938,23.16897497411759],[77.4837736593039,23.16896173373008],[77.48379719648426,23.16893966818212],[77.4838045523601,23.1689190724114],[77.4837824846143,23.168877881228312],[77.48372658261135,23.168867583409124],[77.48366332590768,23.168860227964228],[77.48356770417601,23.1688572859278],[77.48356113774881,23.16885714292129],[77.48350003316287,23.168855815034302],[77.48342647837283,23.168848458910304],[77.48338381575553,23.16884110282327],[77.48335145207335,23.16882345039154],[77.48333085630784,23.1687822590171],[77.48335880653217,23.1686719259387],[77.48339019638043,23.168591829773067],[77.48340146871124,23.168563065308323],[77.48342484743596,23.16850457761664],[77.48342639121475,23.168500716115382],[77.48345538088199,23.168474625435767],[77.48347750240177,23.168465145229582],[77.48349596625314,23.168457232412106],[77.48354524815228,23.168434039741854],[77.48357713644215,23.168413747014423],[77.48362641835037,23.16830938604601],[77.48366120600238,23.1682572053897],[77.48368773974939,23.16823475226464],[77.48369889214915,23.168225315946888],[77.4837115704417,23.168225315553865],[77.48373077990793,23.168225315747854],[77.4837626692024,23.168245608867853],[77.4838148500202,23.168251406678266],[77.4838554350123,23.16823691189667],[77.48390471698035,23.168210820851897],[77.48396849414304,23.16818763037557],[77.48400618005115,23.168158640973708],[77.48402067441556,23.16811515642496],[77.48402133237576,23.168102656195906],[77.48402357331877,23.168060075959037],[77.48402067362207,23.167999198925937],[77.48400907885966,23.167920927088527],[77.48400617957184,23.167839756632976],[77.48401487729967,23.167761485360764],[77.48407865261451,23.16773249573031],[77.48413192361294,23.167705860986995],[77.48413663178128,23.16770350685352],[77.48415353267093,23.16769912483938],[77.48421490364211,23.16768321425462],[77.48432216363207,23.167683214294406],[77.48473961165276,23.167567256091722],[77.48483527678017,23.16749768166818],[77.48487586224569,23.167454197556875],[77.48490775116932,23.167416511334913],[77.48493673961646,23.16735563399446],[77.48495123493073,23.16729185693784],[77.48494823896523,23.167279272643725],[77.48493673971659,23.167230979111398],[77.48492078870781,23.16721236900513],[77.48490195291191,23.167190394126436],[77.48484687303151,23.16713241539311],[77.48482078251043,23.16707443578384],[77.48484107478147,23.166984568860897],[77.48485846917437,23.166906297256673],[77.48491644779246,23.166801935840557],[77.48495123453749,23.16672076516136],[77.48496862940138,23.166619301902735],[77.48497732477428,23.166541030872214],[77.48498602216716,23.16643087055521],[77.48500341634758,23.16634100406641],[77.48505559726313,23.16625693423424],[77.48513966631184,23.16617286489954],[77.48522663384789,23.166140976740067],[77.48530490578104,23.166146774644073],[77.48531339779666,23.166148661618855],[77.48538317698578,23.1661641683577],[77.48554551802219,23.166204753055823],[77.48564639622575,23.16623165396344],[77.48571945488149,23.16625113676841],[77.48582381659126,23.16626273224631],[77.48584587811344,23.16626273163692],[77.48594557204909,23.166262731766633],[77.48601514672336,23.166239540740058],[77.48607022690764,23.16620475260793],[77.48611661048655,23.166164168392182],[77.48615139663143,23.166111986734915],[77.48620937629593,23.166051109111635],[77.48625141471675,23.16598104465095],[77.48625285965521,23.16597863630715],[77.48627605187592,23.165888768958915],[77.486305041283,23.165761215070688],[77.48632243467554,23.165668448648002],[77.48642099906827,23.165366959294367],[77.48645288743987,23.16532347467148],[77.48648767421554,23.165239405698713],[77.48653115858242,23.165143741295715],[77.48655434981346,23.165033580752624],[77.4865891373843,23.164813260608195],[77.48657924161164,23.164769439702525],[77.48656884490016,23.164723394062456],[77.48655145053023,23.16464802114858],[77.48652246200787,23.164578447438874],[77.48648187577068,23.164505972914988],[77.48644129100654,23.164410307613128],[77.48639200877375,23.16432623859236],[77.48632823290583,23.16420738171666],[77.48627315267284,23.16411171685902],[77.4861600942276,23.163940679843613],[77.48602852662633,23.16383542587864],[77.4859571679782,23.16377833891186],[77.48589339132332,23.16372905742943],[77.48582671587417,23.163662381304256],[77.48577163612,23.163598604330822],[77.48574844408898,23.163517433721452],[77.48580062527503,23.16335509261682],[77.485823816633,23.16330001285055],[77.48584990671245,23.163204347812748],[77.48584990734314,23.16307969408181],[77.48580932245278,23.16277530497092],[77.48579482660321,23.162537591148624],[77.48580932226842,23.162494106682168],[77.48586440197879,23.162436128333812],[77.48587138930964,23.16243071906792],[77.4859542685369,23.162366554300778],[77.48613980102334,23.162241899241092],[77.48618446638277,23.162218312375856],[77.48639780676878,23.16210564874315],[77.486667408974,23.16203897344586],[77.48680365898757,23.162004186309193],[77.48687903196513,23.161966499595714],[77.48692934457762,23.16192696813352],[77.48696020241249,23.1619027230449],[77.48696608912321,23.1618984420681],[77.48699208988963,23.16187953189248],[77.4870123826459,23.161856339823895],[77.48702107977944,23.161833147787746],[77.48704427073497,23.161775169783848],[77.4870413718326,23.16174328120132],[77.48702107952629,23.161711392663534],[77.48699788780932,23.16168820120723],[77.48695956632389,23.161655353918942],[77.4869573034147,23.161653413971102],[77.48694280773447,23.16160992969613],[77.48694280811253,23.16155774915253],[77.48694570727568,23.161522962267657],[77.48694860565965,23.16149977030022],[77.48695620431755,23.1614852071965],[77.48698339266778,23.161433093875385],[77.48700368622772,23.16132003568692],[77.48696889910161,23.161157694976332],[77.4869625067542,23.161149520117245],[77.48684424354434,23.1609982531304],[77.48678100719168,23.160883277320927],[77.48671669133218,23.160766337621922],[77.48651895282894,23.16055447573177],[77.48651376495489,23.16054891680275],[77.48634852480838,23.1603575868834],[77.48634182705506,23.160321336014185],[77.48629924345506,23.16009088411795],[77.48626371411386,23.159814847785604],[77.48626155690356,23.1597980906777],[77.48626238999486,23.15979409295214],[77.4862905459552,23.159658942360444],[77.48639925985398,23.15946084066248],[77.48642099905602,23.15942122858591],[77.4865456528296,23.159215403927163],[77.4866819036404,23.15907625381021],[77.48685583976096,23.158957398413754],[77.4869192747712,23.158917881245678],[77.4870326756129,23.15884723811146],[77.4870742378771,23.158796639814046],[77.48709935059543,23.158766068357714],[77.48709645194548,23.158650110258932],[77.487052967717,23.15856314195595],[77.48706664259703,23.158440106885838],[77.48543136476789,23.1584545943708],[77.48380104944914,23.15850847285314],[77.48369223061414,23.158513475963023],[77.48320192234205,23.15847595305081],[77.48279291462072,23.15845343801601],[77.48236889810653,23.158412162339935],[77.4817209913271,23.15833086056195],[77.48135576065732,23.15828083016033],[77.48128980983591,23.15827140790827],[77.48093549668648,23.158220792415847],[77.48071035489319,23.158182018049878],[77.48038390002215,23.15814699611593],[77.48016251128283,23.15812197996066],[77.47984731158579,23.158093211717244],[77.47979227765894,23.158074449921596],[77.47971723109846,23.158068196097734],[77.47965719282358,23.158054438082],[77.47957839342362,23.158033173569358],[77.47950584810464,23.158014411748205],[77.47942329642451,23.157989397128645],[77.47935700411458,23.15797313623333],[77.47926069266084,23.157956875766992],[77.47919815425135,23.157941867144768],[77.4791406176479,23.157925605670048],[77.4790480599228,23.15791810182666],[77.47874161649308,23.157905593618572],[77.47837324762963,23.157876002172276],[77.4782900833196,23.157869320782236],[77.47801741234602,23.157848057615976],[77.47771722311239,23.157810533553295],[77.47760715358831,23.157810534011308],[77.4775571219663,23.157808033016913],[77.47750083748181,23.157808033255655],[77.47746206231044,23.157796774858028],[77.47742328789879,23.157775511696205],[77.47736450094966,23.157746744128417],[77.47703679513273,23.15758539298609],[77.4769042114291,23.15752160225093],[77.47682040862257,23.15747282180444],[77.47676162160431,23.157445303639125],[77.47672159698523,23.157434047290284],[77.476669064049,23.15742028906042],[77.47661277805027,23.1574065298258],[77.47655774372352,23.15739277086078],[77.47650396028104,23.157384016366194],[77.47643641719324,23.157370256672827],[77.47634636127029,23.15736650529318],[77.47629257691867,23.15736275313277],[77.47624004366396,23.15735649920013],[77.47616874889295,23.157323977641347],[77.47600739653036,23.157170130956622],[77.47592764798422,23.1570799789623],[77.4758060214418,23.15694248779145],[77.47560714567042,23.15675236908599],[77.47551959099948,23.15670734019147],[77.47543703909766,23.156582262147303],[77.47533572462677,23.15644467462526],[77.47525567474449,23.15630208519528],[77.4750392891774,23.156066938035142],[77.47493297156403,23.15596812512307],[77.47483666054279,23.15591559232596],[77.47474881201644,23.15575798038656],[77.47462402704866,23.155534101557066],[77.47449945163144,23.155283442169754],[77.47441764819096,23.15511884055442],[77.47439138068545,23.1550875716682],[77.47429039410137,23.15498274961198],[77.47422314120631,23.154912944396116],[77.47387525712301,23.154568610903898],[77.47340890666764,23.15391986267125],[77.47319470221441,23.153283916878337],[77.47317514837019,23.153083103654872],[77.47322038517463,23.15275287475403],[77.47325408357781,23.152568113402882],[77.47328597811466,23.15239324388838],[77.47333573861461,23.152318602778198],[77.47335383293384,23.152142179556165],[77.47333573911801,23.1520132553657],[77.47317288697587,23.151678503112628],[77.47302675531311,23.15141105754177],[77.47250038273138,23.15033040061667],[77.47240986795472,23.150072407287105],[77.47232278086726,23.149901344282977],[77.47227423456965,23.149855252978153],[77.47219070004563,23.149775942913806],[77.47185662708405,23.149062112180292],[77.47200510404909,23.148314017078537],[77.47193657557894,23.148057037730897],[77.47186233827846,23.147888573701923],[77.47185662657209,23.14770583288276],[77.47184806055874,23.147571632724677],[77.47186260201941,23.147519284736767],[77.4718908905231,23.14741744496072],[77.47189374572824,23.147294666170232],[77.47187090313388,23.147117635770368],[77.47181950838053,23.146786418196807],[77.47177969471576,23.14660947387831],[77.47176811214793,23.146557991849022],[77.47170815038191,23.146278171057897],[77.47164533323699,23.14610399624607],[77.47170814957522,23.14594409786937],[77.47177953272063,23.14578990974522],[77.47178592214445,23.14576469074644],[77.47183378354443,23.145575760808107],[77.47181151100457,23.145495430421445],[77.47167487495747,23.14500264815451],[77.47160933750253,23.14501846777942],[77.47073068829432,23.145059406273397],[77.47072507533704,23.145058948137592],[77.47001557891605,23.145001115236308],[77.47001058765991,23.145000707687654],[77.46971038781003,23.14487390015305],[77.4694510032093,23.14471775655298],[77.46915281645254,23.144733382538938],[77.46915268898037,23.144733390335258],[77.46891618717497,23.14474578275354],[77.46877359947167,23.14469911301854],[77.46874234538805,23.144483213582287],[77.46872411570803,23.144357284832775],[77.46864479675396,23.14413008492043],[77.46860413614813,23.144013615203786],[77.46831140531145,23.14410241412346],[77.46748923393149,23.144351815301924],[77.4668527750899,23.144515700095578],[77.4664703120139,23.144522214118748],[77.46646216296232,23.144522352947522],[77.46646209424878,23.144522370113055],[77.46612340642712,23.14460383106597],[77.46605876388026,23.144619379445622],[77.46594799596078,23.14472081918084],[77.46563012285095,23.145011922962343],[77.46512612707559,23.145312727875677],[77.46504533566174,23.145336532296835],[77.46466171117281,23.145449561674237],[77.46369757580716,23.145689514804655],[77.46334747273619,23.145809069090866],[77.46322320198693,23.14585150504289],[77.46187575956256,23.146311621909923],[77.46127261876639,23.14646722058466],[77.46085919810422,23.14641013502066],[77.4608149999349,23.146397114218704],[77.46060326546827,23.146334736860027],[77.46053346499312,23.146339197169343],[77.46047061656196,23.14634321338381],[77.46007591964816,23.146444911613543],[77.45982638162994,23.146509207730336],[77.45935708494646,23.146740690143716],[77.45858718240535,23.147120442558922],[77.45820049895968,23.147230573638428],[77.458200255407,23.147230784933765],[77.45794585538503,23.147451029205683],[77.45741782435073,23.147908161337902],[77.4569738595683,23.14812979987316],[77.45633116598063,23.14872534190865],[77.45596256458363,23.149057939240453],[77.45584672270618,23.14916246638373],[77.4549735608029,23.1496228249013],[77.45475688744305,23.14982659611907],[77.45458041273622,23.150070188403603],[77.454538542439,23.150127983149247],[77.45425287172732,23.15045361583718],[77.45360757065313,23.150884512355653],[77.45360565205043,23.15088911565178],[77.45344228091915,23.151281106327687],[77.45338478515822,23.151532417663496],[77.45338477684486,23.15153245486993],[77.4532714692583,23.152027715009723],[77.45284697188099,23.15226858006416],[77.45283409495204,23.152275886805743],[77.45254412727668,23.152314100833312],[77.45224337329509,23.152574739944537],[77.45223523574128,23.152581792363083],[77.45195709422438,23.153151448260164],[77.4519531643265,23.15315949707881],[77.45140700153547,23.153684664741355],[77.45136734011152,23.153711689646084],[77.45086342461839,23.15405504539797],[77.45032900418269,23.15427865625282],[77.4496478546463,23.154440711330015],[77.44965754871326,23.154355746792163],[77.44963103233914,23.154244999857937],[77.44958988794994,23.154186667614898],[77.4495882522426,23.15418434880666],[77.44956941914866,23.15415764920664],[77.4495078073708,23.15411631431568],[77.44936976234179,23.154081217594335],[77.44920676119858,23.154072638669312],[77.4489041554412,23.154099155755187],[77.44889878936735,23.154098685343044],[77.4487707908605,23.154087456866474],[77.44846818486242,23.154018044895363],[77.44825136967962,23.1539704714016],[77.44805857533343,23.153900063003334],[77.44797073795725,23.15386798475115],[77.44793316639907,23.15385426370402],[77.44782475762364,23.153803570074864],[77.44772336993461,23.153738056818188],[77.44764693942575,23.153648368303394],[77.44747223915827,23.153415173925268],[77.44742832434179,23.15330970221165],[77.44741569967492,23.153255598998417],[77.44740848744827,23.15310411320047],[77.44736159801182,23.152945412087103],[77.44733224890449,23.152800133278628],[77.44727142694248,23.152810156016983],[77.44721552092149,23.15279572944544],[77.44713977786337,23.152772285424028],[77.44710913369867,23.15275696265748],[77.44708567579293,23.152745233308675],[77.44697423932071,23.15271343702247],[77.44678777328241,23.152653817796093],[77.44666409672915,23.152621471864574],[77.44660003883142,23.152607519272205],[77.44648397270029,23.152594833721036],[77.44642118348114,23.15259229707448],[77.446330487351,23.152600541805064],[77.44625945330425,23.152620838382997],[77.44615290125368,23.152647476139812],[77.44606918054949,23.152655086797914],[77.44598229109457,23.152662063416262],[77.44591062196335,23.15266206264698],[77.44584973515678,23.15267665076606],[77.44571781387151,23.15269250729621],[77.44552754175284,23.152702019792216],[77.44523642698988,23.152719778868164],[77.44502839703817,23.152734366323706],[77.44492057741049,23.15276354077461],[77.4447195227916,23.152836479448045],[77.44457275083752,23.152902128620546],[77.44449690573971,23.15293605417159],[77.44428697253332,23.153005186261456],[77.44415191406381,23.153037647031148],[77.44413919560483,23.153040703118986],[77.44398507566642,23.153080026448404],[77.44393433680308,23.153093345298785],[77.44372341403982,23.153147673707604],[77.44368317872458,23.15315803715835],[77.44336161975241,23.153233511741508],[77.44330655074486,23.1532379840425],[77.44323667512398,23.153243658956725],[77.4428478878638,23.153246831037183],[77.44278786792748,23.153254200803186],[77.44263355277228,23.15327315163135],[77.44245022000166,23.153295666781606],[77.44211534253768,23.153366701801467],[77.4418318386839,23.15344598125341],[77.4416442718017,23.153509060985307],[77.44147746559638,23.15356129366471],[77.44128956830751,23.153598436123634],[77.44107326695669,23.153646503241834],[77.44101234628587,23.15366196112579],[77.44092972180992,23.153677136864363],[77.4408643472376,23.153712003008838],[77.44084909256878,23.153764304458477],[77.44084902302599,23.153765829635514],[77.44084691253927,23.15381224610445],[77.44084691283825,23.153849291922413],[77.44085337231313,23.15387688933962],[77.44086587214778,23.153930297574558],[77.4408708836893,23.153951712599124],[77.44087960084043,23.154023625972137],[77.44086652639128,23.15406502981585],[77.44085345109453,23.154091180013577],[77.44085055455696,23.15409407613395],[77.44083383759174,23.154110793128982],[77.4407858955441,23.154143479600013],[77.44072705917296,23.154182705146102],[77.44063306823791,23.154214458804976],[77.44056579960693,23.154237184879705],[77.44053272120404,23.15423529486845],[77.440489527803,23.15423282728535],[77.44045466162751,23.154217572199716],[77.44041826191365,23.15419616084108],[77.44041761643031,23.154195780573232],[77.440295582085,23.154012730391262],[77.44020623574764,23.15387979989577],[77.44019680109977,23.15385492615387],[77.44018327878747,23.15381928140178],[77.4401490109927,23.153728939283766],[77.44004462305786,23.15362876119437],[77.43992656673993,23.153515464454344],[77.43977512764779,23.15344484819052],[77.43950577840064,23.15331925014906],[77.43949670922835,23.15331995730098],[77.43911590850084,23.153349642609925],[77.43860866697956,23.15364356378808],[77.43829297454458,23.15382649169458],[77.43825932727763,23.153840880767635],[77.43797730914392,23.153961483166725],[77.43781084522915,23.154032669159548],[77.43754278068177,23.15419353421409],[77.43738236218417,23.154289800913542],[77.4372550111012,23.154582411051543],[77.43719593414603,23.154718150668753],[77.43721576507748,23.154899533022324],[77.43723776021196,23.1551007108634],[77.4373119316535,23.1553690459203],[77.43731453705412,23.155378469709923],[77.43731524816924,23.155381042983247],[77.43751448995074,23.15558564081862],[77.43754900563125,23.155609536643492],[77.43762175460601,23.15565561077024],[77.43765812924866,23.155689561426406],[77.4376726787312,23.15575745894462],[77.43762660470021,23.155837482770437],[77.437447158451,23.155978129699914],[77.4374419512404,23.15598014898828],[77.43732833593236,23.15602420413899],[77.43720951292906,23.15604117940827],[77.43708826577574,23.15607027842096],[77.43695731771216,23.156123626760525],[77.4367996969561,23.156203649642503],[77.43660570013591,23.156361272354534],[77.43655720107675,23.15639037221983],[77.43646990289986,23.15644372021303],[77.43639957998786,23.15653101922501],[77.43636805531331,23.156601342032342],[77.43633895552821,23.15666196611984],[77.43631713062325,23.156741989064585],[77.4363171309677,23.156834137770197],[77.43630743060632,23.15690446062063],[77.43630375055702,23.156952299740066],[77.43630015692459,23.156999034138092],[77.43628560658156,23.15704995824315],[77.43622740769064,23.157108156858666],[77.43620558262764,23.15716878127788],[77.43621043283447,23.157207580371153],[77.43621528292336,23.157258504352573],[77.4362007338061,23.157316702970874],[77.43616678389485,23.157399150612193],[77.43604796234732,23.15752039888901],[77.43593883850701,23.157692569679693],[77.43592186395942,23.157755619448487],[77.43587821531104,23.15784534209949],[77.43584013980758,23.157886463628053],[77.4358175913351,23.15791081606661],[77.43575696690183,23.15795931483937],[77.43570846764916,23.158002963789986],[77.43568986422336,23.158012265599194],[77.43565512009583,23.158029639013385],[77.43555569726817,23.158046613395456],[77.43546026021346,23.15805597624002],[77.43541262355224,23.158070863102623],[77.435330175741,23.15808298688803],[77.43525985200031,23.158082987225733],[77.4352113528469,23.158073287912085],[77.43515073003555,23.15805146304216],[77.43509479082907,23.158030951820116],[77.4350779810409,23.158024789111938],[77.43502705665945,23.158017513894826],[77.43500760336109,23.15801832364351],[77.43496885841637,23.15801993889835],[77.43492520944729,23.15802721404174],[77.4348718595873,23.158044187609985],[77.43479426169236,23.15804661339043],[77.43474818818527,23.158039338266565],[77.4346924136825,23.158024789008582],[77.43466573862653,23.158000538756152],[77.43463906489067,23.15797386505584],[77.43461724028843,23.157954465333166],[77.43459264649735,23.15793434260027],[77.4345905660506,23.157932641076687],[77.43455904186837,23.157920516322502],[77.43452994213152,23.15791324114308],[77.43446931772368,23.157908391292427],[77.43442809404691,23.157874442200722],[77.43435777098944,23.15786716656556],[77.43433109554131,23.157847766582403],[77.43426804695306,23.15783564187559],[77.4342340979895,23.157850191919906],[77.43422309354622,23.157859361722124],[77.43420499889898,23.157874441983726],[77.43416377515113,23.157905965982053],[77.43411042617167,23.15793264080367],[77.43407890116067,23.15793749034798],[77.43400372820977,23.157930216079947],[77.43392855430109,23.15791324116069],[77.43390915524084,23.157888991080537],[77.43389217959871,23.157852617177433],[77.43387277962894,23.1577653190948],[77.43387035506412,23.157743494235586],[77.43386550504182,23.157726519599073],[77.43385338067718,23.157704695088153],[77.43383022540402,23.15767690802435],[77.43382913138403,23.157675596192238],[77.43377578165101,23.157636795917284],[77.43370788392181,23.157610122313315],[77.43363028517994,23.157576172672595],[77.4335211620697,23.157525249437715],[77.43347266338913,23.157503423626967],[77.43343386371998,23.157481600211757],[77.4334120398567,23.157457349880584],[77.43338293968877,23.15743795041872],[77.43334656573141,23.157408850676756],[77.4333174669909,23.15737732707194],[77.4332713915452,23.157345801638545],[77.43320834362879,23.157304577937353],[77.43315499466848,23.15728760295136],[77.43308709603326,23.15728760322129],[77.43302889702848,23.157297302963567],[77.43296342356777,23.15732882783805],[77.4329246240786,23.157372476670925],[77.432900374685,23.157437950242695],[77.43288582456613,23.15752524919848],[77.43288384240222,23.15753094875327],[77.43286642620676,23.157581023237128],[77.43285430097993,23.15765134616344],[77.43285187595752,23.157719245408902],[77.43285281236875,23.15772954380983],[77.43285915127012,23.15779926840016],[77.43289067470805,23.157901115929935],[77.43290522500496,23.15794718966389],[77.43297069841059,23.15806358756341],[77.43301434799234,23.15810481183663],[77.43305799676237,23.158136336352328],[77.43310407141666,23.158133911262862],[77.43315741963332,23.158126637226168],[77.43319864406315,23.158126637003168],[77.43326896740936,23.158141185959206],[77.43330234444217,23.158142470418728],[77.43333201630624,23.158143611274124],[77.43339263986564,23.158158161385867],[77.43342658885229,23.1581630110396],[77.43344356383567,23.15818726010871],[77.4334435643551,23.158209084800774],[77.43344113908746,23.158238184004645],[77.43342416406777,23.158267284156786],[77.43339748967544,23.158281832709015],[77.43336354066157,23.158303658117614],[77.43334171616561,23.158327907622418],[77.43331746703956,23.158366707081907],[77.43329806709423,23.158403080800326],[77.43329163070415,23.15841127266694],[77.43327139153946,23.158437029858252],[77.43326654325266,23.158466129719677],[77.4332713922411,23.158483103548136],[77.4332731382336,23.158486158985866],[77.43328109227589,23.15850007939301],[77.43328351695448,23.15852917888796],[77.43326896731179,23.158553427925845],[77.43325199268845,23.158560703328476],[77.43321992428754,23.158569255204938],[77.43321561890134,23.15857040272884],[77.43313074506798,23.15858495231928],[77.43305072213856,23.158599502104607],[77.43300707289424,23.158614052292755],[77.43297069810502,23.15864072609551],[77.43295481435455,23.158653722717627],[77.43294402382303,23.15866255100046],[77.43290280012108,23.158679524659387],[77.43283975076868,23.158713475019873],[77.43279852747584,23.158735298977707],[77.43276700316129,23.15875712357152],[77.43275002819487,23.158800772933468],[77.43273062778513,23.158839571830125],[77.43271607921437,23.158871097201487],[77.43269667891654,23.15891717071129],[77.4326821291771,23.158958395040425],[77.43265060530697,23.158992343670082],[77.43263120518436,23.159011743867268],[77.43260695564462,23.159026294287496],[77.4325730064418,23.159045692642607],[77.43254061139174,23.159046161681538],[77.43255971790602,23.15943968958429],[77.43254757511517,23.15946937373735],[77.43250960593231,23.15950259671772],[77.43246214615907,23.159564294848266],[77.43242892263054,23.159678199971104],[77.43241943127778,23.159749391389166],[77.43235773262846,23.159796851643243],[77.43227689204778,23.159822574204306],[77.43225331957737,23.159830074380853],[77.4313230952084,23.159839565847673],[77.43017929844478,23.159872788404996],[77.42991786857414,23.159849446896896],[77.42938196177474,23.159801598137683],[77.42835674274968,23.159781490960704],[77.42834777688451,23.15986733188497],[77.42826569181403,23.16111974102638],[77.42572571058156,23.16068431270725],[77.42569698038469,23.160679388257506],[77.42562788844678,23.160675235149814],[77.42434121415918,23.160597893908523],[77.42385081324012,23.160568417110508],[77.42359668707044,23.159608600743955],[77.42359288851866,23.159608176838383],[77.42324779188631,23.15956968588339],[77.42265152982948,23.159503179655545],[77.42257132942373,23.159556418985236],[77.42248935120364,23.159610837081228],[77.4210418893016,23.15947827893349],[77.42036959232385,23.159182666280117],[77.41974641316418,23.158560371193982],[77.4195079041329,23.15825861939883],[77.41894100274153,23.15855907607184],[77.4169625217801,23.159687206924467],[77.41525615198783,23.160673613766978],[77.41417959529376,23.161165581304978],[77.41418209478181,23.161175916210205],[77.41438315832114,23.162007020552835],[77.41466003363728,23.163151500002684],[77.41505697208117,23.164720582281163],[77.41558873758366,23.166822638702797],[77.41667555303927,23.17123888525905],[77.41674234184335,23.17154420492204],[77.41648544733894,23.171642690817453],[77.41636293775986,23.171904831746975],[77.4163606705423,23.171909682360337],[77.41621046483071,23.171992060887987],[77.41597045840828,23.172124464715466],[77.41582051500131,23.172207183003337],[77.41581501760851,23.172211448992574],[77.41558231112695,23.172392047822413],[77.41558172039967,23.172392507290294],[77.41558542096159,23.172685877272663],[77.41548444174788,23.17305207831634],[77.41539926793229,23.17321425440382],[77.41533163737397,23.173343026315802],[77.41533125368261,23.173343755269084],[77.41532952674766,23.173367072371484],[77.41529370260669,23.17385085043818],[77.41503307125184,23.174284030392112],[77.41496269598716,23.174400995995256],[77.41492134404552,23.17446801703299],[77.41491454042168,23.17447904542153],[77.41444644413296,23.174895794155223],[77.41427470517137,23.174992770741138],[77.41403823783527,23.175126298999203],[77.41403594445802,23.1751275942748],[77.41381521336424,23.175121614126173],[77.41363448120173,23.175116716591422],[77.41362789507325,23.17511653939804],[77.41335787998963,23.174912343045833],[77.41335428956091,23.17491469346577],[77.41322898619488,23.174996711829866],[77.41324496590956,23.17521172340194],[77.41316406410121,23.17526177286134],[77.41295257545372,23.175412791818072],[77.41266000690425,23.17551558036786],[77.41257775157197,23.175537253787258],[77.41238666410251,23.175587604823622],[77.41237023674447,23.175602738306857],[77.41230099930866,23.175666523035282],[77.41215199971961,23.175738999628493],[77.41215081575375,23.175742328710403],[77.41201538115068,23.17612323537742],[77.41183771712448,23.176139992037854],[77.41182271678984,23.176139223043233],[77.41150847822851,23.17612311224911],[77.41149212062331,23.17612227280214],[77.41140215042985,23.176078682218776],[77.41131282044128,23.176035401409404],[77.41108763758345,23.176097483172118],[77.41103428350921,23.176550567806544],[77.41024837569118,23.17673215535723],[77.40984612084772,23.176825097923686],[77.40984364129017,23.17682567065523],[77.40997250662392,23.1771829288811],[77.41022460450216,23.177546351661512],[77.41048145482371,23.177916627060977],[77.4105120001093,23.177975751652557],[77.41092832676172,23.178781616685093],[77.41093297392321,23.17879061134284],[77.41046075141679,23.178963074842958],[77.41041275999125,23.17898060244381],[77.41024878265718,23.179103294435066],[77.41012564178382,23.17919543168764],[77.41011082867239,23.179502589144974],[77.41019084712653,23.17959366908164],[77.41025244421404,23.17966378089604],[77.41025633040917,23.17966820536296],[77.41064077600036,23.17976084015274],[77.41063262423108,23.179858660980774],[77.41038932457707,23.17998574731178],[77.41038473042805,23.179988147235328],[77.40997163815395,23.17997960957215],[77.40967278673182,23.17985388483381],[77.40950659540563,23.179783968797302],[77.40938353610207,23.17974694464574],[77.40904335286623,23.179644596373667],[77.40874640152047,23.179606801828527],[77.40804247415518,23.179517210856996],[77.40796136190393,23.179506887978775],[77.40723394124086,23.179381144575842],[77.40722049173168,23.179011220174637],[77.40722038260981,23.179008222451362],[77.40698648225951,23.178863724243175],[77.40698286390702,23.178861489086586],[77.40696831372439,23.178852499689295],[77.40638144768184,23.178802293172666],[77.40580809767795,23.1787189176394],[77.40544012611271,23.17875930083333],[77.40483854139923,23.17882532117613],[77.40475480871015,23.178834510141762],[77.40398207522277,23.178968825895545],[77.40386963984652,23.17898840530298],[77.40294424510031,23.179149552837064],[77.40281688345372,23.179171731663345],[77.40167508225379,23.179385937938754],[77.40165629941173,23.179389461636852],[77.40025604906704,23.17955248177688],[77.40022514998275,23.179556079066515],[77.39973371772452,23.179737841845196],[77.39959982319165,23.178648510291502],[77.40136531130845,23.17479082659253],[77.40124674964335,23.174538391837643],[77.40000381931577,23.174249190327185],[77.39943435908498,23.174242783879574],[77.39785027767219,23.173379810190703],[77.39578511193623,23.17284486771864],[77.3945847054707,23.17280424741686],[77.39264053005407,23.173930470423826],[77.39050424576916,23.173950699940512],[77.39020825057719,23.173004532762665],[77.38807924906286,23.171009780319313],[77.38517117522723,23.169633411659866],[77.38184250426386,23.167988025742762],[77.38039111002871,23.168698223203556],[77.38035100041944,23.168617000058102],[77.38029600034082,23.16849099981031],[77.38011300002779,23.16809099972336],[77.37998299986826,23.167810999890634],[77.37987299969669,23.16759000001415],[77.37986000035524,23.167564000180576],[77.37970000037669,23.167225000258792],[77.37957399958051,23.16696500007725],[77.37939399955555,23.16660900041509],[77.37929899962445,23.166424999948426],[77.37921700035933,23.166246999735804],[77.37916800024657,23.16613400028368],[77.3790649997805,23.165873999699425],[77.37892199989662,23.165564999697704],[77.37878599967549,23.165311999620425],[77.37871099993994,23.165117999892953],[77.3786680002577,23.164992999894274],[77.3785279998484,23.164986000249897],[77.3783540002243,23.165000000205872],[77.37800400036262,23.16502199971368],[77.37776400037288,23.165059999762004],[77.37758200014552,23.165109999885864],[77.37744500003174,23.165169999584908],[77.3773709996348,23.165187999762825],[77.37710300012434,23.165312000031374],[77.3768970003303,23.165394000424808],[77.37663100016465,23.165502999748902],[77.37644899950504,23.165570999770026],[77.37630300011973,23.165591999762285],[77.37617499961783,23.16560200034178],[77.37599099985904,23.16558100041597],[77.37580000035508,23.165554999783776],[77.37569199961357,23.16553299996092],[77.37556799982056,23.165476000164794],[77.3753320002139,23.16537700036679],[77.37513800046935,23.165268999990605],[77.37490699997876,23.165154000020337],[77.37396778293954,23.164847864277167],[77.37336410000795,23.164488529404245],[77.37260230992163,23.163999833115025],[77.37171115901249,23.163410523958568],[77.37156538741415,23.163238579231248],[77.3715164735941,23.163165210927637],[77.3714859037171,23.163085728271348],[77.37145533436473,23.162994017065827],[77.37142476405953,23.162926762015438],[77.37126274126928,23.162728820345247],[77.37118478739315,23.162629465624747],[77.37108161197528,23.162548455003165],[77.37097740140662,23.162509722949704],[77.37086866867723,23.162449036264995],[77.37078269457845,23.162375705384342],[77.3706537342822,23.162198699035386],[77.37052982964099,23.16192307635407],[77.37053235819019,23.161852273279095],[77.37056270176677,23.161804228805273],[77.37057281713024,23.161761241781676],[77.37059051714968,23.161700554234137],[77.37059557525914,23.161634809190794],[77.37058040349015,23.161576650238374],[77.37054500193881,23.1614502171113],[77.370525042793,23.161373702574856],[77.37044876316726,23.161268706410937],[77.3703679957472,23.16121216866326],[77.37027017775517,23.161178964102234],[77.37009338688505,23.16115832367779],[77.36995608204151,23.161143067785627],[77.36991659638235,23.161133196169498],[77.3698663413128,23.161094607233203],[77.36983762401229,23.161031787695183],[77.3698331358801,23.160964482183346],[77.36985287973332,23.16084512586615],[77.36984300842171,23.160663848078226],[77.36979365286707,23.1605059185736],[77.36974994235801,23.160366582998954],[77.36974311238991,23.160332431861644],[77.36969461754104,23.16028393832853],[77.3696577352158,23.16023612711279],[77.36963451322188,23.160178752891678],[77.3696044602515,23.160059909261793],[77.36958738456394,23.15994516202053],[77.36954913604256,23.159846807836242],[77.36950064151722,23.159706106931814],[77.36944600134287,23.159542865713696],[77.3694309744476,23.159456805676477],[77.36940433713774,23.159352988192797],[77.36936882014736,23.159275124198917],[77.36930393270723,23.1591999919643],[77.36920694481556,23.159107101946457],[77.36914888890507,23.1590463136709],[77.36911132250505,23.15898006058472],[77.36908195310926,23.1589213222162],[77.36904780285855,23.158763546085662],[77.36903619149571,23.158692512220068],[77.36901774990704,23.158589376887576],[77.36901501772275,23.158468482998472],[77.36902458030666,23.15834553969837],[77.36904029000218,23.158195959722548],[77.3690595639665,23.158097743902378],[77.36906321073637,23.15794821396497],[77.36903038736101,23.157716017247644],[77.36902552497072,23.15763942797667],[77.36897446470283,23.157418172321027],[77.36896109337476,23.157202994325587],[77.36894285657694,23.157103307274387],[77.36891732793364,23.156897854703413],[77.36887964057685,23.156668088884572],[77.36882979761982,23.156411577902343],[77.36877509172741,23.15618181235822],[77.36872481808359,23.156006654324823],[77.36869329977414,23.155812065789853],[77.36866863376063,23.155647626456446],[77.36860833935788,23.15545988993514],[77.36858230275764,23.15536259622147],[77.36858230278285,23.155273523592466],[77.36857689346034,23.155175252848085],[77.36852748909192,23.155030974588602],[77.36849460066222,23.1549460140962],[77.3685274885636,23.154766499586533],[77.36854941531233,23.154654131797376],[77.3685590073404,23.154517098770352],[77.36854119199684,23.15439924971551],[77.36854393297334,23.154251253069155],[77.36852337762237,23.15410051608172],[77.36848774937165,23.153931964564418],[77.36850145279395,23.153740118009146],[77.36852200807927,23.1536058251515],[77.36855489588807,23.153475642815067],[77.36855352593945,23.153392052995112],[77.36855489577101,23.153256388761122],[77.36852200788758,23.153052209190925],[77.36849323128466,23.152931619838093],[77.36844389860013,23.152854880627466],[77.36829179125392,23.1527192168227],[77.36793395287374,23.152475327645973],[77.36782422522951,23.15241936677318],[77.36772769970061,23.15236145245316],[77.36759102274027,23.15225074387825],[77.36745301109006,23.152151791712026],[77.3671301171927,23.151985136652698],[77.36678378727085,23.151815878389023],[77.36671608270552,23.15179244241786],[77.36662494335091,23.15171953130435],[77.36656765591499,23.151651827109205],[77.36650255632874,23.151479963647056],[77.3664530801314,23.151396636178397],[77.36638537731292,23.151310704765773],[77.36631767301672,23.1511284249833],[77.36628642450724,23.151019057597544],[77.36624546087863,23.15082379801762],[77.36623092457798,23.15075640520844],[77.36617674659773,23.150682404921046],[77.3660351107814,23.15053935967429],[77.36590970482415,23.150449990965615],[77.36580087568775,23.15034620613181],[77.3657345692214,23.15031233209298],[77.36566182755207,23.150274308042118],[77.36553281878022,23.150156356908564],[77.36545357031608,23.150080794149087],[77.36540749602479,23.14995731389579],[77.36535957834005,23.14964584928097],[77.3653651074891,23.149432063107106],[77.36537247901498,23.149251449816127],[77.3653669499306,23.1491427136652],[77.36538722269037,23.148842306754634],[77.36533930472544,23.148798074700156],[77.3652213535834,23.148739100312927],[77.36515132120833,23.14867090905306],[77.36500388207,23.148508725653922],[77.36495376414115,23.14833812934877],[77.36523960725889,23.14801445276313],[77.36568939024754,23.147514227246628],[77.36608861039966,23.146941091314943],[77.36626528118587,23.146723954277224],[77.36620643021202,23.14648434997805],[77.36618961581594,23.146244746130574],[77.36616439527356,23.14617328514976],[77.36615598826407,23.146127045744354],[77.36615598751266,23.146021956829237],[77.36615178358073,23.145937885178217],[77.36613917312839,23.145866424299626],[77.36610554528609,23.145815981148544],[77.36605477702098,23.145781366620387],[77.365994503222,23.14572996464675],[77.36597630822983,23.145708358671254],[77.36595811318819,23.145686751798223],[77.3659330955751,23.145649226384705],[77.36592740958683,23.145612837398968],[77.36593082230021,23.145565075692545],[77.36594674222954,23.145517315150876],[77.36596266189173,23.145486611712286],[77.36599791438186,23.145443400227066],[77.3660554700341,23.145348539779263],[77.36610708188488,23.145210282432696],[77.36612527646966,23.14511248616145],[77.3661355105747,23.1450544903088],[77.36633616779193,23.144557564115438],[77.36635240286327,23.144439855712264],[77.36643764042569,23.144322149002203],[77.36649852325574,23.144123263720747],[77.36654316983244,23.143676787892183],[77.36658781819843,23.143481962692697],[77.36671364314262,23.1433196080968],[77.36682729094494,23.14295430925662],[77.36683134989156,23.142820366134305],[77.3668313500782,23.14259712879952],[77.36684352722283,23.142455068254],[77.36695311684247,23.142284594567975],[77.36699776427086,23.142175006409303],[77.36706875628096,23.141850782878375],[77.36712097985215,23.141667999374636],[77.36720976110256,23.141511325835374],[77.36728287529502,23.141344209086025],[77.36730898670488,23.141177091868673],[77.367319431936,23.140915971388896],[77.36732465429435,23.140633960163083],[77.36736643266411,23.140409397037548],[77.36736643258827,23.140273614170738],[77.36736643313657,23.140127386161474],[77.36734032133586,23.139960268692178],[77.36719409364655,23.139876709717374],[77.36702697626367,23.139735705024084],[77.36684941394223,23.139657368721625],[77.36675541073507,23.139610367141984],[77.36671363093778,23.139500696255567],[77.36669796355743,23.139380581391066],[77.3666770740276,23.13926046501166],[77.3666979643074,23.13908290297318],[77.36668229734279,23.13890011913488],[77.36659873811473,23.138764336363025],[77.36659873819647,23.13867555504768],[77.3666196278977,23.13846665769386],[77.36668229671119,23.138309986357303],[77.36666140676306,23.138074977221084],[77.36646295511888,23.137772076678772],[77.36623839240389,23.13758929190655],[77.36610783100485,23.13750051095954],[77.36600860491106,23.13721850093682],[77.3660086051881,23.137098385038104],[77.3659824925473,23.136926045691318],[77.36598249302631,23.136779818295654],[77.36576034455032,23.136378568631283],[77.36583412307165,23.136062165626363],[77.36595813827343,23.13561925167067],[77.36613530428603,23.135194054900214],[77.3662770359424,23.13483972437587],[77.36652506799761,23.134503110078583],[77.36670223314316,23.13432594400051],[77.36684396613698,23.13427279390019],[77.3671097142083,23.13421964527942],[77.36746404509121,23.134201927960703],[77.3680309739154,23.13416649488724],[77.36858018723427,23.134060195856957],[77.36870175070167,23.134019674908686],[77.36904890310088,23.13385820677496],[77.36925789866301,23.133760999426915],[77.36947503925077,23.133435289293164],[77.36966503683172,23.13317743423986],[77.36980075039565,23.132933152328356],[77.37002429278384,23.13261025602811],[77.38155500048282,23.129578000375695],[77.38199953935035,23.12953248769504],[77.38217216097483,23.129532487707984],[77.38235493683801,23.12953248813969],[77.38256817610736,23.12961372188081],[77.38273064328831,23.129745726596305],[77.38299465326568,23.129887885650252],[77.38327897138413,23.130060508105615],[77.38353282675976,23.130151895767238],[77.3838272991438,23.130222974576405],[77.3841217720874,23.130283901122045],[77.3843959362522,23.130354980399716],[77.38456855789056,23.13041590575979],[77.38483309755442,23.13065066541048],[77.38502890848767,23.130973176398793],[77.38520744006416,23.131163226205704],[77.38539173234005,23.131232336344407],[77.38550691427831,23.13128416781469],[77.385576023639,23.131359036359896],[77.38559330062286,23.13147997726487],[77.38559330058432,23.131595160141526],[77.38560481893086,23.13173337807772],[77.38562785582842,23.13183128284934],[77.3856739278647,23.131957984350965],[77.38569464611469,23.132048012725015],[77.38599067958461,23.132320807977727],[77.38612889799033,23.13240719428976],[77.38631319019979,23.1325742085436],[77.3870733931209,23.1329715873884],[77.38748308102193,23.13319370776133],[77.38775296755419,23.133236506613954],[77.38784376401091,23.133239999131614],[77.38805244184523,23.133248025349737],[77.38819642041072,23.13322498834959],[77.38828280589881,23.13322498791711],[77.38835767480515,23.133224987662214],[77.3884670978408,23.133242266069622],[77.3886283532554,23.133351689236008],[77.38864419212914,23.133365265295712],[77.38870898095155,23.133420798180197],[77.38878384867749,23.133478389328104],[77.38884719902691,23.133507184952236],[77.38902573209057,23.133576294163827],[77.38916394980164,23.133610848915584],[77.3892503365606,23.133616607676295],[77.38930216911743,23.13360508973082],[77.38937127795056,23.133535979713457],[77.38941735111992,23.133478389281112],[77.38946342438275,23.133426556914333],[77.38953253434158,23.13339200331973],[77.38959588383757,23.133368966126692],[77.38963619789453,23.13336320659554],[77.38975138041579,23.1333459299762],[77.38988959931221,23.133340171247855],[77.38997022608872,23.13329409830603],[77.39002781654297,23.133190433869622],[77.39009116692777,23.133017659801816],[77.39014299938975,23.132885200716863],[77.39018331344654,23.132781536910798],[77.39022938602942,23.13272394641514],[77.39030290327581,23.132655024036985],[77.3904251957293,23.13263179982801],[77.39052310112316,23.132637559314148],[77.39075346464544,23.13263755883257],[77.39092048022192,23.13263755882921],[77.39108173496582,23.13259148556388],[77.39118539864573,23.132568449649618],[77.39132952089386,23.13251730868094],[77.39136393141101,23.13250509936179],[77.39143304096004,23.13248782201079],[77.3915654999979,23.132447507703596],[77.39181314209567,23.13235536167391],[77.39195136123716,23.132309289606244],[77.39204926634805,23.132222903271234],[77.39214716990803,23.132148033976257],[77.39223355664544,23.132084683934764],[77.39233146232024,23.132015575191765],[77.39249271738072,23.131969501607824],[77.39269428629304,23.13194646595571],[77.39279795046097,23.13195222467884],[77.39315501534239,23.13200405681164],[77.39341417524643,23.132009816086],[77.39349267894852,23.132001551783688],[77.39359579868842,23.131954238287832],[77.3937942766358,23.131831282867353],[77.39390369956499,23.131750655753848],[77.39405919591768,23.131618196308047],[77.3941974141125,23.131485737008994],[77.39441050210503,23.131370554064475],[77.394565997737,23.131284168398096],[77.39477332622049,23.13120929879424],[77.39501520779406,23.131157466858216],[77.39519374120066,23.131128671775045],[77.39544714214269,23.131099875801265],[77.39561415628098,23.13109987565921],[77.39563472389204,23.131105635311048],[77.3957581342413,23.13114019021395],[77.39593666578438,23.1311805039281],[77.39630524917973,23.131249612761973],[77.39632137792279,23.131253645012052],[77.3963743587224,23.131266890452963],[77.39650930807078,23.131271887861544],[77.39652985507244,23.13127264901013],[77.39671414639623,23.131197780638967],[77.39677804072271,23.131157846639404],[77.3968523648433,23.131111394385233],[77.39700210218061,23.131048043554834],[77.3971247328416,23.131010720655144],[77.39726311425197,23.13096860599414],[77.39738796316759,23.130978935001497],[77.39750314462535,23.13101348866085],[77.39769895513398,23.131048044286132],[77.39790052292938,23.131048044146564],[77.39811925280738,23.13103344902428],[77.39835646263485,23.131017621963313],[77.39885539546403,23.13092690696108],[77.39938267646174,23.130785164664115],[77.39942452267444,23.13077046220827],[77.39971450234164,23.13066857688624],[77.3998183079667,23.13061035097492],[77.39984710324696,23.13055275954042],[77.39986438106011,23.130408782677463],[77.39986438141216,23.13024752734756],[77.39984134440549,23.13006323617356],[77.39985325958202,23.129883683949135],[77.3999383047216,23.12972493279517],[77.40002901993722,23.12963988814812],[77.40013674391732,23.12958886062218],[77.40020084241579,23.129571378963558],[77.40026147722692,23.129554842542948],[77.40064439291221,23.12944847730428],[77.40066969455876,23.1294414487183],[77.40067665807042,23.129441448961124],[77.40068103413464,23.129441449064803],[77.40075474013881,23.129424439751233],[77.40095884886699,23.129435778947055],[77.40128769130735,23.129464127971172],[77.40159385351008,23.1294981458376],[77.40174126621838,23.129588860863347],[77.40184331969441,23.129628549414377],[77.40199640071182,23.12965689662147],[77.40218917148528,23.12970792424855],[77.4022515370223,23.129758951340804],[77.40247265486873,23.12987234506251],[77.4025690403725,23.129900693132175],[77.402643553325,23.129919322299845],[77.40324987790235,23.12981982003513],[77.40346680354607,23.129756556990113],[77.403526499041,23.12971278102269],[77.40364190791264,23.129641148427144],[77.40374537773769,23.129581452809198],[77.40377834105455,23.12955872107893],[77.40396027900596,23.129382472042856],[77.40403987106824,23.129243184404107],[77.40411946375785,23.12909593767553],[77.40420303573683,23.12890889545922],[77.40441793615473,23.128554708084682],[77.40451742736643,23.128463177108234],[77.40462487726741,23.128319909594563],[77.40469253112283,23.12820847974264],[77.40470666948481,23.128166065121885],[77.40473232733808,23.12808909163998],[77.40473689750648,23.128075950628507],[77.40476416388297,23.127997560261925],[77.4047681441534,23.127894089696003],[77.40474028630676,23.127742864129125],[77.40472436793875,23.12764337295332],[77.40464968934374,23.12732802813284],[77.40466339749483,23.126972542239525],[77.40467620777734,23.126640299408237],[77.40460692610759,23.126489572230053],[77.40436222122383,23.126011724112445],[77.4042985468974,23.125892334628052],[77.40426273042485,23.125784885307155],[77.40423885259102,23.125721210579727],[77.40422293414692,23.12565355813423],[77.40423089330199,23.125546108289647],[77.40423885343965,23.125438658396668],[77.40424283190832,23.125343146056082],[77.4042357433471,23.125253113242863],[77.4042149751755,23.124949163248246],[77.40420303570656,23.124905386870644],[77.40419972383867,23.124887720641375],[77.40419109741472,23.124841713248664],[77.40419109697979,23.124831725232635],[77.4041910971295,23.12479793713996],[77.40421099502052,23.1247422218913],[77.40421683879764,23.12472688315415],[77.40424522127248,23.12469241902903],[77.40424757316187,23.124689562676483],[77.40430252656722,23.12462283326162],[77.40435824218346,23.124590995952868],[77.40440997717772,23.124571097909172],[77.40447763078055,23.12455915895822],[77.40451742650117,23.12455915869564],[77.40452833268054,23.124561637880454],[77.40460497855923,23.12457905659998],[77.40463564445368,23.124591323065495],[77.4049401578659,23.124864686756645],[77.40502723467428,23.124984485629348],[77.40509771995143,23.125081460179636],[77.40516008733701,23.12517784383106],[77.4051884347154,23.125228872281536],[77.4052224529577,23.12528556761229],[77.40529615873288,23.125330926342148],[77.40538687357864,23.125370613773605],[77.40552531727629,23.12541163380661],[77.40554189182942,23.125409265591333],[77.4055723503303,23.125399747723744],[77.40562564878803,23.12538071210331],[77.4056522994584,23.12537119421008],[77.40568361642126,23.125368466740007],[77.4058061214173,23.125360383229605],[77.40584102329737,23.12535413513918],[77.40590515418566,23.125352190598992],[77.40597486893604,23.12534555208413],[77.40598677568774,23.125344417967774],[77.40606451105191,23.125344418444946],[77.40613641592454,23.12533858756402],[77.40630540571433,23.125263192813307],[77.40728255339559,23.124231707628095],[77.40840279419226,23.123653423592803],[77.409214355586,23.123250385925477],[77.40982303117802,23.12251791962991],[77.41024598738427,23.122221506883207],[77.41086131043545,23.122157720872163],[77.41153999928565,23.122334379019023],[77.41198459422394,23.12262590679493],[77.41252169577893,23.123063621044576],[77.41287836104846,23.123115807761],[77.41369768629274,23.122739178397058],[77.41398797547164,23.122621346337784],[77.41464931447389,23.12204059605648],[77.41476106735088,23.121771407737107],[77.41525146164626,23.12193622089701],[77.41576783627312,23.121985376644602],[77.4159256528981,23.121745668180516],[77.415801077689,23.12131715462967],[77.41563171940085,23.120742885912065],[77.41556298435076,23.120360264821482],[77.41523979408429,23.119955190211805],[77.4155026809822,23.119564928048668],[77.4158396678287,23.119336967776775],[77.41598846538336,23.11926880637754],[77.41623599968874,23.11895700034239],[77.41656199985172,23.11857900011676],[77.41694500001273,23.11818400006925],[77.41742670956145,23.118063595765065],[77.41891928164974,23.117650359246785],[77.41940931960042,23.117550541614584],[77.4197246507449,23.1171377541738],[77.42003025929185,23.116864853263543],[77.42033230580833,23.11657469907177],[77.42069806362018,23.116053494948687],[77.42091573186529,23.115580864147187],[77.42106854222504,23.115121868622968],[77.42133896383696,23.11489714734437],[77.42177137702323,23.11467765586647],[77.42205688699988,23.11472764877175],[77.42227357428253,23.114975284261437],[77.4226803959524,23.115368700427403],[77.42297682757189,23.115497880779806],[77.42308935388542,23.11564557177073],[77.42311748520018,23.11577216405167],[77.42317374775222,23.11599721628416],[77.4231807811631,23.116271497670144],[77.42318078072056,23.116552813405328],[77.42318078060778,23.116918523316055],[77.42331639520692,23.11738138816689],[77.4235638891088,23.117713202871368],[77.42401045573934,23.118454129823135],[77.4242194177032,23.118898006933254],[77.4242049544547,23.119305400712253],[77.42417703528875,23.11968761942935],[77.42428676861114,23.120094742855724],[77.42443436619743,23.12042529998428],[77.42476668430491,23.1209908800017],[77.42488706832462,23.122117661168424],[77.42488538835701,23.122834764753044],[77.4248200112176,23.12342633083853],[77.42489852621945,23.12399000412441],[77.42517398860646,23.12453352746419],[77.42553091385247,23.125105994983333],[77.42575692265439,23.125381152325975],[77.42625224775348,23.125624711405933],[77.42635367785056,23.12567264999744],[77.42675419439584,23.124825404370263],[77.42694873933614,23.12450515272717],[77.42703834486355,23.124342107026422],[77.42707195252125,23.124279891075496],[77.4270727335064,23.124279531663287],[77.4270972050408,23.12426831666481],[77.42711719567264,23.124270420877654],[77.42712213205316,23.124272615356322],[77.42713613524475,23.124278837819915],[77.42717401326209,23.124301986197324],[77.42718063398166,23.12430492919982],[77.42719295187457,23.12431040318227],[77.42719986745513,23.124311700376516],[77.42720978661363,23.124313560336365],[77.42722030756883,23.124315664046193],[77.4272369946381,23.12431645865177],[77.42724240434451,23.124316716195164],[77.42726234127234,23.12430850661347],[77.42728162503677,23.124302457019294],[77.427302784361,23.124291320735942],[77.42733730816293,23.124272387764133],[77.42742083194513,23.12423341006501],[77.42750658390713,23.124193318129088],[77.42759344958232,23.124161021829423],[77.42770481618982,23.12413095266871],[77.4277433671303,23.124121503600026],[77.42785961454942,23.12406524687567],[77.42805339345736,23.123965018086814],[77.42816030402037,23.123867015434094],[77.4281993562573,23.123830856953706],[77.42833920377977,23.123665401672284],[77.42839726561103,23.12358086580018],[77.42844170059236,23.12351226446741],[77.4284954906996,23.123451458080208],[77.42854304366494,23.123399227630657],[77.42865296214089,23.123318153023757],[77.42874183346083,23.123247991782566],[77.42886344526434,23.123158342412577],[77.42894763673596,23.123075709136945],[77.42898739548636,23.1230320532171],[77.42902403543418,23.122989176623676],[77.4290808740947,23.122930087014737],[77.42915188260743,23.122814555162982],[77.42919241998632,23.122744393782977],[77.42920801176311,23.122703076949744],[77.42920801202493,23.122686705894072],[77.42921736559792,23.122656303279868],[77.42921970475587,23.122646169153185],[77.42922750132334,23.122636035325968],[77.42923061921991,23.122632916041628],[77.42924543054258,23.122623562061477],[77.42925868328581,23.12261576590978],[77.4292695970843,23.12261186835297],[77.42928129115349,23.12260797003509],[77.42929376362441,23.122596277330363],[77.42929913022368,23.122593401894434],[77.42931559116082,23.12258458400783],[77.42933196209837,23.122553401098237],[77.42934938071203,23.122515884136206],[77.42937250004928,23.122466090440483],[77.4294262902623,23.12237176275716],[77.42945279535795,23.12230550004921],[77.42948144223506,23.12225016756639],[77.42950970274983,23.122195581192614],[77.42953620799648,23.12213477489447],[77.42958843863691,23.122020179453312],[77.42964225374578,23.12186642074234],[77.42968900170293,23.121759804794653],[77.42976773789536,23.121614806018375],[77.4298644044625,23.121464351202782],[77.42994391964098,23.121337281854682],[77.42998211846815,23.121282711873512],[77.43004448368475,23.121210212636836],[77.4301411487025,23.121095617208507],[77.43022729072302,23.121009475441124],[77.43029706188626,23.120924892744032],[77.43038905054323,23.120804059778653],[77.43043504536855,23.120781452565883],[77.43049741031021,23.120728441580827],[77.43054340383651,23.120674653313944],[77.43057380736751,23.120651266256466],[77.4305893977556,23.120649707022615],[77.43059797392878,23.120650486150566],[77.43060732792351,23.120650486440294],[77.43062291982032,23.120645808922486],[77.43063617193468,23.120638792751027],[77.43066189839354,23.120625540137326],[77.43098307795792,23.120420515267647],[77.43124345237797,23.1202568059627],[77.43132930497538,23.12021198434297],[77.43136517893362,23.12018876438817],[77.43143764888129,23.120155107124443],[77.4316386906835,23.120051780802836],[77.43167299218301,23.120033071717526],[77.43168858287703,23.120024495992013],[77.43177277583987,23.119811676111997],[77.43182110850886,23.119678369749558],[77.43190570993279,23.11939977961775],[77.43190819895983,23.119228047343277],[77.43187169492096,23.119029766201628],[77.43184805916462,23.11887426489273],[77.431840169932,23.118822359073082],[77.43179619866368,23.118697915207594],[77.43177810093597,23.11866466476954],[77.43176052507431,23.11863237512259],[77.43173895495953,23.1185967008784],[77.43170411052964,23.118565175072376],[77.43169996297974,23.118546093010586],[77.43169913340984,23.11852701162405],[77.43169830293128,23.11850793118295],[77.43170245127179,23.11849714472076],[77.43172073210954,23.11849278142581],[77.43188662934477,23.118453175253705],[77.43214713241206,23.118395100607962],[77.4322558132409,23.118361085883713],[77.43228237132354,23.11835341778374],[77.43237362003728,23.11832707193745],[77.43252627054369,23.118284760760822],[77.43264822714441,23.118254064553387],[77.43270982330543,23.118238892941584],[77.43281664102143,23.118212582700398],[77.43302902612042,23.11815201961259],[77.43313438825652,23.118119665050187],[77.43321998055629,23.118088081809216],[77.43322815578789,23.118085065821443],[77.43328952852488,23.11806242078654],[77.43335168373619,23.118029862638505],[77.43344632788124,23.11798028773478],[77.43354505388577,23.117908109854604],[77.43358819377616,23.117879902673124],[77.43365373506204,23.117845057913236],[77.43375826814113,23.117797769095052],[77.43385948310734,23.117757946912104],[77.43402291895413,23.117692407011475],[77.43411417817933,23.117658391609936],[77.43418303725916,23.117629355128514],[77.43422617784877,23.11760114778324],[77.43427678465225,23.117561326180684],[77.4343157784241,23.11751320667473],[77.43434398486862,23.11749993308425],[77.43439042784156,23.11750726614376],[77.43439127373121,23.117507399898024],[77.43442445859786,23.117506570271853],[77.434454325091,23.117509059040504],[77.4344775548313,23.11750491128947],[77.43450410266313,23.1174991037522],[77.4345762811161,23.117471726282982],[77.43462045905076,23.117454919015476],[77.43465260637755,23.11744268919749],[77.43472644335556,23.117421118911807],[77.43482102138879,23.117391252047845],[77.43492555356343,23.117364704167183],[77.43502676753738,23.11733981512601],[77.4350848419213,23.117330688605943],[77.43515619034352,23.117324881585983],[77.43524164191636,23.117304970826805],[77.43534285647588,23.11728174106721],[77.43571535929267,23.117203755867923],[77.43586054350504,23.11717305978232],[77.43595014431399,23.117153149319947],[77.43609035134533,23.117112496981964],[77.43614344711418,23.11709673401084],[77.43619322364552,23.117114156836607],[77.4361980124827,23.11711609003115],[77.43623636538776,23.117131579307014],[77.43624714968986,23.117131579367488],[77.43628448326852,23.11711249736629],[77.43635002441606,23.11708346039579],[77.43639980194283,23.117062720084082],[77.43646928192409,23.11703848166563],[77.43647115042269,23.117037830540934],[77.43647502456955,23.11703682841683],[77.43654166836785,23.11701957886119],[77.43664703149089,23.1169913723149],[77.43675737143842,23.116958187197007],[77.43688347444998,23.11692002431218],[77.43689977532824,23.11691445819886],[77.43698551924531,23.116885179040626],[77.43711742914253,23.116838720400615],[77.43717301352882,23.11682461703688],[77.43726344351037,23.116803045674114],[77.43731405136224,23.11679060178491],[77.43737544332501,23.116778987176573],[77.43738630229879,23.116777341578906],[77.43745757706095,23.11676654292867],[77.43750901294361,23.11675907588375],[77.4375411016025,23.116753727855926],[77.43756376882102,23.116749949780708],[77.43761686464735,23.116754097577587],[77.4376349134355,23.116756048838],[77.43767825731,23.116760735431424],[77.43773218266367,23.116766542814503],[77.43778693899472,23.11676986144749],[77.43784252431146,23.116770690540953],[77.43791343042768,23.11675813371386],[77.43803997541512,23.116733358379477],[77.43816856709208,23.11671593455894],[77.43819760429474,23.116704320841528],[77.43823078918362,23.116699343057505],[77.43830545584063,23.116691047314482],[77.4383751444349,23.116680261102612],[77.43844317415602,23.116665328104222],[77.43851618054329,23.116637950184405],[77.43855858373085,23.116624438215286],[77.43859167659225,23.116613890656474],[77.43873354299801,23.116555816764915],[77.43873404293669,23.11655559796941],[77.43882231394058,23.11651682462345],[77.43893016516073,23.116459581025854],[77.43903055020749,23.116408143981918],[77.43909111266406,23.116380765742075],[77.4391350831526,23.1163616850898],[77.43918237234736,23.116342603120927],[77.43925454852479,23.11632518085633],[77.43928941206309,23.116319449883125],[77.43931511191447,23.11631522486292],[77.43935410481716,23.116307758916818],[77.4395474082351,23.11628370030947],[77.43957727377618,23.116281210605106],[77.43958722967318,23.116277062888024],[77.43959303719203,23.116271255087796],[77.43959635580443,23.116263788333736],[77.4396038232735,23.116253003179946],[77.4396071407072,23.116248026165938],[77.43962041472491,23.11623143326381],[77.43963202959588,23.11622147715685],[77.43964772977009,23.116216719565358],[77.43965940766006,23.11621318104129],[77.439779703529,23.116184143771086],[77.439904148236,23.11616091473099],[77.439986281414,23.116153447748694],[77.44005473540862,23.116149877254415],[77.44017709475092,23.11614349329017],[77.44020115410454,23.116142662955557],[77.44021442760636,23.116140174316136],[77.44023102088718,23.116136854995688],[77.4402769563025,23.116115443884294],[77.44030452745623,23.11609598079993],[77.44033291043452,23.11608868295523],[77.44036534693441,23.116083816814577],[77.4404269784339,23.11608057437984],[77.44053251078235,23.116079525833413],[77.44054186280846,23.116078148619803],[77.44055273171215,23.11607794032298],[77.44066133834059,23.116068409772634],[77.4407797339859,23.116068409793424],[77.44088920972112,23.116061921698634],[77.44108707801513,23.116050569263532],[77.44115600693299,23.116047325034543],[77.44122493685933,23.11604408161729],[77.44133279123957,23.116058678267507],[77.44143415801729,23.11606030024414],[77.44149092317147,23.11605543515816],[77.44156390652424,23.116046514140194],[77.4416758158489,23.116018131928886],[77.44174555620663,23.11600029121186],[77.44181772931854,23.115974341114672],[77.4418769271892,23.11595001287972],[77.44192396085357,23.115933794928853],[77.44201316401272,23.115915954007797],[77.44213318165575,23.115882705608296],[77.44222238471366,23.115864864584935],[77.44227915012475,23.11585026827856],[77.44238457126353,23.115837294362695],[77.44247296303298,23.115833238948856],[77.44250296792798,23.115832427568247],[77.4425297282944,23.11584134808129],[77.44257676285397,23.115861622255807],[77.4426692086194,23.115929740276158],[77.44272029762652,23.116001102433252],[77.44279652634445,23.116101657734088],[77.44286869890183,23.11617058690182],[77.4429392499285,23.116211134144326],[77.44299033893468,23.116234651082504],[77.44304872569342,23.116249247707053],[77.44311765543011,23.116251680249327],[77.44314441585497,23.11625492380073],[77.44312895878282,23.116280318370183],[77.44310023202112,23.116358453860155],[77.44309448662273,23.116421652403567],[77.44310060805556,23.116472453249635],[77.44310310377759,23.116493171077302],[77.44310597831875,23.11651702426535],[77.4431153160183,23.116538094060903],[77.44315079120864,23.116618141418755],[77.44318641172943,23.116657208657614],[77.44322662890298,23.116683637154917],[77.44329901892338,23.11670317078158],[77.44338749721695,23.11670661936409],[77.44348516604434,23.116710066408075],[77.44352883133526,23.11671925784247],[77.44352975657473,23.116720989363166],[77.44354256532105,23.11674493542126],[77.4435552588496,23.116768668039427],[77.44355655544916,23.11677466225485],[77.44359202938789,23.116938727648712],[77.44363539057626,23.11715365996603],[77.44368165483533,23.11740984098736],[77.44371727612854,23.11756956004651],[77.44371821717662,23.117572080553305],[77.4437308906729,23.11760601311772],[77.443752896899,23.117664931699657],[77.44380690171764,23.117785583115552],[77.44384137440922,23.11786371900994],[77.44386562804138,23.11790414294124],[77.44388274000913,23.117932662310995],[77.44389405807023,23.117950638005905],[77.44390227410827,23.117963686877125],[77.44394936204264,23.118001525887056],[77.44396662079461,23.11801539433751],[77.44408612278372,23.11811421334016],[77.44409761442719,23.1181509834215],[77.44409907066851,23.118172843831722],[77.44410106130445,23.118202691281965],[77.44418494156966,23.11833713037083],[77.44432053100803,23.118554301871065],[77.44437400135725,23.118656659384474],[77.44440096531436,23.11870827629618],[77.44446301448023,23.118894423207127],[77.4444787695778,23.119001476982582],[77.44445970663692,23.119095793024922],[77.4444186450412,23.11920709209122],[77.44441648382264,23.119244912082134],[77.4444413368367,23.119291376584172],[77.4444640293386,23.119321632714406],[77.44452562174223,23.11945022111724],[77.44458937578538,23.119623112234553],[77.44463151775254,23.119723605977534],[77.44476714847748,23.11993597438436],[77.44479576483789,23.119980781666793],[77.44490490153376,23.120159076095696],[77.44500755721927,23.120342772710476],[77.4450090065197,23.120345343788774],[77.4452729422465,23.12078266699562],[77.44533549259118,23.12089261003647],[77.4453394076901,23.120892796053074],[77.44536422358081,23.120893977844464],[77.44542031822508,23.12086935080452],[77.44544904894097,23.120817361877602],[77.44551198333997,23.120755794861214],[77.44560912122866,23.120710647186062],[77.44579382130517,23.1206764428503],[77.44587590944563,23.120653184925327],[77.44598536142743,23.12055057357481],[77.44613722467801,23.120471222100715],[77.44648062931888,23.120326197876352],[77.44669132301605,23.120289259272045],[77.44686234025451,23.120290627192364],[77.4469913116415,23.120310937333354],[77.44703609469491,23.120317989889546],[77.44715101889244,23.12031114883672],[77.44716584309305,23.12030757983675],[77.4472248983564,23.120293362576117],[77.44732203594774,23.12019759278479],[77.44736746710458,23.120072654704703],[77.44739245493928,23.120047667288947],[77.44740193942931,23.120038182376085],[77.44744684719889,23.119993273724223],[77.44755268814134,23.11998193416589],[77.44756052989399,23.119982214027473],[77.44761828906242,23.11998427659354],[77.44765852866593,23.11998571440704],[77.44779460917803,23.12006887479362],[77.44790800970085,23.120095335142288],[77.44800251131619,23.1201066748514],[77.44811591058074,23.120148254929795],[77.448176392489,23.12018983517422],[77.44821419239402,23.12026543558451],[77.44821419209082,23.12031935059971],[77.44821419185497,23.120348596930956],[77.44818790090292,23.12038146077218],[77.44815371245215,23.1204241973144],[77.4481513111443,23.120424836981318],[77.44809701147196,23.120439317124454],[77.44802284079421,23.120446734204272],[77.44798361083295,23.120450657045037],[77.44789666955819,23.120477116598696],[77.44780216946135,23.12056405802675],[77.44779597508543,23.12057231834077],[77.44773412887267,23.120654778151067],[77.44772209478334,23.120684316870392],[77.44769254879128,23.120756839106804],[77.44764511256851,23.12079396260598],[77.44760560832049,23.120824880117002],[77.4476010793927,23.120856585194787],[77.44759408286845,23.120905555931568],[77.44759048781398,23.120930719810264],[77.44760560758833,23.12099120119458],[77.44762663130855,23.121012223707854],[77.44763641799359,23.121022010246033],[77.44764340835388,23.12102900076491],[77.44769632854607,23.12105546130487],[77.44782106956781,23.12104412111584],[77.4479117897199,23.121006321054526],[77.44794962130614,23.12097631671083],[77.44802141095863,23.12091937957124],[77.44825577215633,23.120802198945427],[77.44844099250021,23.12069257859132],[77.44855817360894,23.120673679271388],[77.44863755467543,23.120681238683055],[77.44868291542608,23.120696358703544],[77.44872449493181,23.120715258935938],[77.44877363589933,23.120734159109293],[77.4488378959182,23.1207530593761],[77.4488870360136,23.120764399197117],[77.44897019653484,23.120760618825727],[77.4490420173553,23.12066989878109],[77.4490798183186,23.120537597586225],[77.4491049929322,23.12047809281408],[77.44912139815352,23.120439317161942],[77.4491743178338,23.12032213590167],[77.44920833758441,23.120269215784482],[77.44924586543145,23.120242411170615],[77.44926125924678,23.12023141585766],[77.44935197918785,23.120197395805164],[77.44942758022314,23.120148254938172],[77.44950695967138,23.120083994787645],[77.44956366144606,23.12003107365197],[77.44962792057109,23.120004614305945],[77.44973376166442,23.120012173673366],[77.44979424205214,23.120042414977096],[77.44983367728527,23.12007354706642],[77.44986606186296,23.12009911477074],[77.44986610583214,23.12009913570771],[77.44995678291167,23.120144474793467],[77.44999609532077,23.120164130844223],[77.45007774394305,23.12017093515429],[77.45017602403502,23.120110454802198],[77.45027808528118,23.12003107438677],[77.4503952660999,23.120000833816125],[77.45050488737134,23.119997053902573],[77.45061072740903,23.119993273553586],[77.45071656847064,23.119963034163373],[77.45076948845472,23.119906333560213],[77.4507779647262,23.119855470364698],[77.45078082808955,23.119838292778244],[77.45078082814855,23.119755132742878],[77.45071312362225,23.119529707362087],[77.45074507006623,23.119340239291155],[77.45075166215116,23.119328822333888],[77.45079972768293,23.119237268971194],[77.45086776923611,23.11914654900969],[77.45094336902508,23.119082287984448],[77.45099250955602,23.118984008314918],[77.45099628980309,23.118874387148463],[77.45100007007403,23.118791226672432],[77.45105676977182,23.11871184558611],[77.45113615138935,23.118696725627238],[77.45121931119843,23.118689165572363],[77.45131003234025,23.118692946266954],[77.45138185165963,23.118742085956043],[77.45143403001754,23.118790785683533],[77.45143855239745,23.118795007172185],[77.45153305301264,23.11890840693417],[77.45157069042476,23.11899040257159],[77.45158762187602,23.11903221317131],[77.45166913389478,23.119233489138022],[77.45168803356604,23.119369569688423],[77.45170693428014,23.119494311044505],[77.45178253531732,23.11967197159478],[77.45178253465336,23.1197135520197],[77.45178631485813,23.1198458529927],[77.4517560738775,23.119925233637005],[77.45169937419998,23.119981934071344],[77.45166157371679,23.120057535083397],[77.45164645411946,23.120095335056867],[77.45164645428201,23.120121794814818],[77.45168803434343,23.1202087361048],[77.4517333941262,23.120231416435143],[77.45186947534079,23.12018983490066],[77.45199799603795,23.120136915183675],[77.45207737611621,23.120106674909096],[77.45215675711272,23.12007643455226],[77.4522550380742,23.12004241458259],[77.45229660014262,23.120031571932564],[77.45234197849439,23.120019734357502],[77.45240245940128,23.119993274390666],[77.45241031488825,23.119982050976702],[77.45243900839398,23.11994106098382],[77.45245537924265,23.119917673955246],[77.45245537937298,23.11986180137461],[77.45245537930977,23.119849632987446],[77.45245181109074,23.119788975560656],[77.4524515993147,23.119785373141543],[77.45244025901803,23.119728672856432],[77.45239880976789,23.119645774355533],[77.45239489758944,23.119637951846077],[77.45239465588362,23.11963455096471],[77.45239158333906,23.119591535284886],[77.45239111779024,23.119585031993815],[77.45238355773763,23.11953211087485],[77.45238733829326,23.119475411168345],[77.45241001896234,23.119437611004564],[77.45242891875708,23.11942249142314],[77.45247049865439,23.119411151144874],[77.45253475870184,23.11940359104561],[77.4525952396084,23.119403590799358],[77.45272376146465,23.119452730707348],[77.45275778136818,23.119467851106737],[77.45284472061917,23.11946785077441],[77.45284849322366,23.119464873327335],[77.45291654219179,23.119411150572276],[77.45295056152501,23.119327989758222],[77.45295434205903,23.1192864098008],[77.45289008228012,23.119169229132567],[77.45279936083628,23.119078508266778],[77.4527577807264,23.118987787684837],[77.45273132102731,23.118870607071223],[77.45273132119218,23.118802567039147],[77.45271620061804,23.118730745823292],[77.45268973985084,23.118674045864758],[77.45264060014064,23.1186173462309],[77.45253853852684,23.11849260481863],[77.45250451919898,23.118405663628998],[77.45247805860866,23.11834518388609],[77.45247049899665,23.118311163958197],[77.45247543040486,23.11826350178209],[77.45248183942525,23.118201542935058],[77.45253097858306,23.118114602314098],[77.4526330400045,23.118065462239567],[77.45269730017785,23.118042781621533],[77.45277290080413,23.118020102109906],[77.45285606083124,23.118012542168294],[77.45293166229807,23.117989861646496],[77.4529694618897,23.117925600700044],[77.45298080225274,23.117834880945928],[77.45297060646038,23.117781861003706],[77.45296190238986,23.11773659965701],[77.45296190198528,23.117695020286636],[77.45299970226968,23.117611859028944],[77.45303750306671,23.11757405862468],[77.4530942024969,23.117532478695946],[77.45314712276127,23.11749845772915],[77.45321138435942,23.11746065811143],[77.4532278318039,23.117442715088053],[77.45324876812879,23.117419875078376],[77.45325296411383,23.117415297819807],[77.45327942445132,23.117373718376996],[77.45330210405743,23.117290557440377],[77.45329832420691,23.117233857108285],[77.45326430352587,23.117184715888307],[77.45323406390108,23.117124235882553],[77.45321138447052,23.117056196320966],[77.45321138446421,23.116993806199382],[77.45321138358459,23.116980595233667],[77.4532227234914,23.116946574613998],[77.45328698377526,23.116901214815446],[77.45328751685464,23.116899540045097],[77.45331344448438,23.11681805422334],[77.45331722378485,23.11674623411559],[77.4532945444319,23.116685753059194],[77.4532302840466,23.116613933241823],[77.45315090336047,23.116549672152814],[77.45309798324462,23.11646273190336],[77.45305640324422,23.116349331301073],[77.45304128345559,23.116296411261303],[77.45304506301532,23.116235930217],[77.45308664347961,23.116179230026678],[77.45313578308702,23.116118750061524],[77.45321785858347,23.116029536993562],[77.45329832399771,23.115956209154817],[77.45342684499633,23.115910847853723],[77.45360828626413,23.115805007669035],[77.45389934792863,23.1156916070987],[77.45420931044526,23.115657586752622],[77.45437941109282,23.115653807192984],[77.45456085213752,23.115668926932585],[77.45470827320604,23.115710507368554],[77.45471356158761,23.11571238427271],[77.45477253388847,23.115748306577938],[77.45484235098107,23.11581230663626],[77.45486325414022,23.115831468029256],[77.45490861350538,23.115907067733016],[77.45495397461907,23.115967548574442],[77.45500311465942,23.11602046862927],[77.45505225482398,23.11603180942669],[77.45516943644064,23.115975109356608],[77.45524881698252,23.115907067760887],[77.45530395958687,23.115833543604023],[77.45531685684348,23.115816347971403],[77.45541135822805,23.115699167276627],[77.4554387733413,23.115680259981627],[77.45552097781919,23.11562356717974],[77.45573899114058,23.115517057633806],[77.45584936261922,23.115498027708355],[77.45594451080868,23.115486610663336],[77.4560548822183,23.115486610782234],[77.45614241768195,23.115478998813188],[77.45621853605486,23.115498027948124],[77.45630987844648,23.115536088224015],[77.4564012200279,23.115589370277768],[77.45645830842392,23.115627428622435],[77.45653823187676,23.115714964920674],[77.45655475155156,23.115764523007048],[77.45657036277116,23.115811358140093],[77.45657938508225,23.11586548800112],[77.45656048539138,23.115910847939837],[77.4565302448955,23.11596376904913],[77.45647732395665,23.11598644915425],[77.45635636420351,23.11601668926942],[77.45629966312157,23.116039369024232],[77.45626564318177,23.116084730420244],[77.45621650345672,23.1162397101658],[77.45621473036795,23.116278714343572],[77.45621472954653,23.11635816381661],[77.4562127233837,23.116370207345735],[77.4562087946068,23.11639377529756],[77.45620711782139,23.116403835000867],[77.45620331168895,23.116441893761372],[77.45616144715007,23.116498982794567],[77.4560818393973,23.116556062060493],[77.4559794818307,23.116678391066664],[77.45595077343448,23.11674579591064],[77.45589519252843,23.116891988963076],[77.45584578684411,23.117007268706608],[77.4558079100948,23.117048440068036],[77.45577332572628,23.117181835924846],[77.45572886133657,23.1172839409618],[77.45570745137864,23.11738439872508],[77.45568933637304,23.117451920158246],[77.45572556666784,23.117656129683276],[77.45576123681305,23.117800364292673],[77.45576241307472,23.1178051186216],[77.45576344484189,23.117809288159812],[77.45583755279627,23.11799538345601],[77.45585072804425,23.118031613615106],[77.45586295700704,23.11803443626304],[77.4558935455508,23.118041495144542],[77.45593965811273,23.11804149493683],[77.45598741707991,23.118031614151928],[77.45609775594255,23.118005264423868],[77.45615045557699,23.118005264397702],[77.45619492060385,23.11800691120654],[77.4562393858232,23.118016792418786],[77.45624597276183,23.118071138087302],[77.45622659509957,23.11821324727893],[77.4562064493225,23.118360984995867],[77.45617680455231,23.118581663647422],[77.45618339264864,23.11884845393688],[77.4562113892086,23.11946602601103],[77.45622127069079,23.119726229329263],[77.45622445397308,23.120089120026755],[77.45622621060598,23.12028945397341],[77.45621408902247,23.120583406672722],[77.45621303647567,23.120608944075947],[77.45623773922351,23.121000895834467],[77.45624677965178,23.12109159689676],[77.45642877432736,23.12161517322931],[77.4564995892376,23.12182432431179],[77.45661651591179,23.12217510406337],[77.45668755840244,23.122369007387064],[77.45675649921802,23.122557175323227],[77.45677198033457,23.12261432804096],[77.45680919838343,23.12267904235255],[77.45689648190088,23.122781147181453],[77.45690142166801,23.122850314911023],[77.45688495397587,23.12292771766822],[77.45689154085193,23.122998532079365],[77.45689977489818,23.1230281759554],[77.45699364595735,23.123268617288453],[77.45704497571761,23.123421119139195],[77.45711551413112,23.123637513006084],[77.45716656629392,23.123739618242464],[77.4572340868297,23.12375773308727],[77.45739448093678,23.123790600317882],[77.45751734678127,23.12381207912612],[77.45768203176107,23.12384007572446],[77.45783024860616,23.123927359218207],[77.45796035069408,23.124039346189775],[77.45803445916042,23.1241908562822],[77.45807563068522,23.12423861513093],[77.45811186245943,23.12425673067726],[77.4581431518723,23.124269905395646],[77.4581892642499,23.124307783165637],[77.45819914483907,23.124339072680993],[77.4582156136808,23.12436377557865],[77.45825019770757,23.124409888316155],[77.45827160678931,23.12443294370875],[77.45829630995475,23.124469174598623],[77.4583243060352,23.12447246927687],[77.4583374810166,23.124490584163453],[77.45833912781289,23.12450705276347],[77.45834736161474,23.124526815196994],[77.45837068692316,23.124551111808096],[77.45838688726214,23.124567985652018],[77.45843793852906,23.12458939574747],[77.45843966032126,23.12458823409767],[77.4585038134363,23.12454493037204],[77.45856968777366,23.124497172145823],[77.45858780286558,23.12450705288017],[77.45863720871465,23.12456469260952],[77.4586833211832,23.12461245234414],[77.45868496826229,23.124630566898222],[77.45869978871181,23.124673384794775],[77.45871955192985,23.12472279123192],[77.45883318449962,23.124847951670965],[77.45909997456302,23.125208613965285],[77.45927618868998,23.125445761172443],[77.45936511879306,23.125671380285905],[77.4594458146488,23.125842653449173],[77.4594738120852,23.12611273839554],[77.45946063665878,23.12621978284029],[77.45940793753702,23.126415758778858],[77.4593947626732,23.12661338241232],[77.45931406713771,23.12695263355206],[77.45929101057312,23.127095910755834],[77.45932724240978,23.127150257120903],[77.45939060725696,23.12720475199288],[77.45943628355742,23.127225834217423],[77.45951358393225,23.12726097088116],[77.4595698034535,23.1272925928399],[77.45957636613652,23.127303017792464],[77.45962953459012,23.12738746164084],[77.45964007558686,23.127468275787667],[77.45964710283884,23.127538548646584],[77.45959439843523,23.12758773952984],[77.45951007096198,23.127594766929068],[77.4594433105665,23.12760179445792],[77.45940466062903,23.12760530831736],[77.45937655196552,23.12762990405943],[77.45926853195989,23.12764641186012],[77.45922008741937,23.127664112262625],[77.45921065816297,23.12778773963606],[77.45922322950324,23.127887270761843],[77.45924208875917,23.127936513367725],[77.4592766625778,23.127970039217548],[77.45932485739705,23.127973181650926],[77.45937619433951,23.12802347178982],[77.45949563138306,23.128095763356637],[77.45956373214068,23.12820681898059],[77.45964649954317,23.128274919423955],[77.4597523167192,23.128309492937376],[77.45985289596983,23.128304254180374],[77.45989166062476,23.128301111389874],[77.45991785256425,23.128314731277584],[77.45995242658704,23.12832939894809],[77.46001214555604,23.12836082971629],[77.4600729120815,23.128372355259934],[77.46013786877971,23.12837968820857],[77.46022692286797,23.12838597528749],[77.46030131005332,23.128359782118554],[77.46035579000046,23.128322065287332],[77.46042179532425,23.128266536943467],[77.46046370328298,23.12821520028482],[77.46048256080849,23.128179577974016],[77.46050456304019,23.128140813810518],[77.46052132596411,23.128072713240975],[77.46053599409542,23.128044425705294],[77.46055904325155,23.128017185089117],[77.4605915223503,23.12800566065353],[77.46065123974451,23.12798051567614],[77.46074029506013,23.127956419087788],[77.46079896585316,23.12794698982931],[77.4608943058152,23.12789984332873],[77.46097288318354,23.127860030632846],[77.46104098254648,23.127850601840517],[77.46110908400976,23.12786003081845],[77.46116042140962,23.127885175999364],[77.46120756743967,23.127899842562197],[77.4612610001976,23.127909272640885],[77.46130185977113,23.12791136841594],[77.46134481453419,23.12789041395573],[77.46140034331333,23.127854792682157],[77.461436384097,23.12783677229392],[77.46151663775547,23.127825457285144],[77.4616056924503,23.12784326811404],[77.46164969491132,23.12787155643158],[77.4616884599306,23.12788517597375],[77.46172827199007,23.127885175753732],[77.46175865512845,23.127855839753696],[77.46177122774031,23.127832790724145],[77.4618058015752,23.127794025636135],[77.46186342513623,23.12776992937857],[77.46200276920923,23.12768925676129],[77.46207820312729,23.127648396063428],[77.46211277688727,23.127627441708835],[77.46214944644096,23.127596012321334],[77.46226573988982,23.12744619141786],[77.4622954851697,23.12741690418634],[77.46233384112668,23.127379137712587],[77.46241307889201,23.127316365263766],[77.462414513409,23.127315228957908],[77.46250566283359,23.127254462671086],[77.46258319193824,23.127206269060988],[77.46263662455013,23.127140263686655],[77.46265024500771,23.127097307716785],[77.46266903113242,23.127024044287378],[77.46267119920876,23.12701558785998],[77.4626911053207,23.12697472791524],[77.46270366894943,23.12696256912842],[77.46272358413718,23.126943297283862],[77.46283487625597,23.12678651991633],[77.46292396383869,23.126660508429833],[77.46295651376946,23.126614467287464],[77.46297171762981,23.12656405114213],[77.4629853221861,23.126485626981278],[77.46296771717903,23.126408802899636],[77.46296771722497,23.126371192097675],[77.46297411873496,23.12634398338524],[77.46299652559613,23.126260757820113],[77.46303013618262,23.126170330207973],[77.46304534117576,23.12613031698238],[77.46307574952147,23.126088704675368],[77.46309255610107,23.126063897343574],[77.46310746005638,23.1260581125559],[77.46314617195792,23.126043090672884],[77.46318698471019,23.1259918747588],[77.46320058880362,23.125935057153363],[77.46321019220652,23.125876638608407],[77.46320897395141,23.12585648574276],[77.4632013889635,23.125730994264792],[77.46320939160003,23.12570778704531],[77.46322059538939,23.12561655892605],[77.4632390012937,23.1255733452141],[77.46328381545557,23.12549972290965],[77.46334703376513,23.125402893233233],[77.46336463979303,23.125354078412776],[77.46339985142242,23.125250046013285],[77.46341425457908,23.125186025811548],[77.4634518672969,23.125087594938968],[77.46347907458839,23.12501717371092],[77.46347907085203,23.124900691105104],[77.46347963512044,23.1248476659513],[77.46348053034275,23.12476353955015],[77.46348066080844,23.124751277378316],[77.46351880884113,23.124647958584724],[77.46355854637721,23.124579611400915],[77.46362848539249,23.124496956080275],[77.46368093879138,23.12444609172666],[77.46375564575926,23.12441430228061],[77.46381286779096,23.124398407072086],[77.46390347050286,23.124403175375356],[77.46399883977263,23.124427018003175],[77.46406797138711,23.12443644501667],[77.46423100791014,23.124433274852624],[77.46426516823469,23.124425490660816],[77.46439939585379,23.12441271186566],[77.46446615594328,23.124412712047384],[77.46450430387308,23.124406353715674],[77.46453609422463,23.12439999571806],[77.46457205464549,23.124362076166257],[77.46460073525436,23.124331834197474],[77.46461874861289,23.124304626212943],[77.46463782256106,23.12427283538143],[77.46465212840361,23.124250581947678],[77.46467438123472,23.1242426345779],[77.4647109400266,23.124242634898692],[77.46473637173297,23.124253760728276],[77.46478246770282,23.12427442512648],[77.46483057716105,23.12429751683643],[77.46490009204372,23.124323699761064],[77.46491190420684,23.12434968615683],[77.46492348003339,23.124375153706453],[77.46492393381234,23.124376152970658],[77.46492775023927,23.124387599281548],[77.46493664981591,23.12440794371315],[77.46495095646284,23.124434965166387],[77.46495732670888,23.124444520757482],[77.46496685056223,23.124458807884636],[77.46499069416464,23.12448106074869],[77.46500496184596,23.124489214874355],[77.46501294731104,23.124493776618618],[77.46503837864894,23.124498546251974],[77.46506197080836,23.12450137668689],[77.46507811664866,23.124503314270175],[77.46510354891193,23.124503313593017],[77.46516712853276,23.124495366753703],[77.46520686735039,23.12448741881387],[77.4652513728246,23.124481060824465],[77.46526885813044,23.12448900868253],[77.4652990581608,23.124503313749187],[77.46533084783648,23.124522388274755],[77.46536422844844,23.124566894589186],[77.46540714457045,23.12464477998565],[77.46545800854405,23.12470677110864],[77.46560265375189,23.124763993682127],[77.46576319467938,23.124880028124007],[77.46595234568684,23.12497698799211],[77.46616375107709,23.124984935381853],[77.46632750752838,23.124999547962467],[77.46648210887058,23.124921268685245],[77.46665823704676,23.124684474675185],[77.46674238725791,23.124551401255598],[77.46682066646366,23.124428112270564],[77.46688915958968,23.12428329519501],[77.46701440726278,23.124122823168427],[77.46706137364906,23.12435961702052],[77.46705746027409,23.124565100124112],[77.46706137417979,23.124823421414288],[77.46701832143302,23.125122838042586],[77.46695373978524,23.125373331083754],[77.46690872965887,23.12551814693199],[77.46687741835305,23.125588597565308],[77.46650755038519,23.125872359862658],[77.46636354702048,23.125940758053453],[77.46626466040459,23.126011698245158],[77.46624746155143,23.126026747153702],[77.46622596531026,23.126080489794383],[77.4662324139068,23.126164328963053],[77.46625606080698,23.126183675855618],[77.46629689235637,23.126216206953636],[77.46638895106331,23.12626223739316],[77.46643191192793,23.126338952593546],[77.46647794064334,23.12652307114504],[77.46651783435566,23.126633541052318],[77.46669888286283,23.126750149296896],[77.4671131480786,23.126869825878035],[77.46746604113811,23.126989502578066],[77.46800612082382,23.126995639943658],[77.4686536022825,23.126912786765303],[77.4689880841631,23.126823797228113],[77.46939007517847,23.12660285501475],[77.46955578091249,23.126443286163234],[77.46967207041868,23.126136963111545],[77.46968159479736,23.12611187423966],[77.46980127118017,23.125844903115276],[77.46989932159003,23.12557995899688],[77.4699454968513,23.12545518641434],[77.46999459496314,23.12513604794899],[77.47001914365423,23.124666546652655],[77.46997311540115,23.124328998275697],[77.46977979078262,23.123930074603372],[77.46963863350588,23.12383494784363],[77.46938805868092,23.12380405427444],[77.46901798315362,23.123796843789407],[77.46890533251165,23.123825006722083],[77.46870077621925,23.12387614564535],[77.46828984711388,23.123914595942278],[77.46789574025593,23.12388816185691],[77.46784212026718,23.123877947885827],[77.46774434608788,23.12385932538581],[77.46773333700372,23.12385308592865],[77.46767225313438,23.12381847234374],[77.46761938528032,23.12377521689137],[77.46758814457995,23.123727154752437],[77.46758356193581,23.123719260654124],[77.46754488865896,23.123652659398157],[77.4675160519119,23.123522891947996],[77.46742233234919,23.123431574885306],[77.46743675008538,23.123229714988216],[77.4674824086199,23.12306390164877],[77.46772031474733,23.122715453597156],[77.46788612839732,23.12252801321444],[77.46795822119184,23.122417470680237],[77.46818411133879,23.122350183889115],[77.46830186255232,23.122347780855108],[77.46839558332182,23.122347780946114],[77.46851333541167,23.122383828114632],[77.46863829469146,23.12243188919817],[77.46875845042582,23.122518401270764],[77.46888821750403,23.12259529938995],[77.469044416563,23.122664988959187],[77.46929674156401,23.12271305082685],[77.46953464783432,23.122729873213054],[77.46974371730151,23.122756307311626],[77.46988549931962,23.122746694343043],[77.470087357837,23.122703438763708],[77.47032766710063,23.122583283986604],[77.47055836445874,23.12245351683047],[77.4709740991424,23.122220416817616],[77.47137060751894,23.121944061803056],[77.47144549873006,23.12187954130866],[77.47152680935062,23.12180948912404],[77.47159890231535,23.121674916326374],[77.47161668045142,23.121622470312168],[77.47164696393776,23.121533134264883],[77.47165657612966,23.12144902607168],[77.47154843665551,23.121263988308392],[77.4714547159625,23.12115104284129],[77.47134417372125,23.12100685670628],[77.471226422611,23.120884299934875],[77.47109905923142,23.12080980360146],[77.4709644861333,23.120785772998342],[77.47081956039253,23.120793915050825],[77.47075061114845,23.120797788335977],[77.47056557334841,23.120778564413847],[77.47039255133322,23.120759339340733],[77.47029883034932,23.120725696006705],[77.47016425724978,23.12070166464069],[77.47006573135066,23.12064158726936],[77.4700020843431,23.120618364872225],[77.46988790153128,23.12057670357958],[77.46969263397646,23.120442603754846],[77.46955668539665,23.12030596311408],[77.469469763764,23.120192209754933],[77.46944813587284,23.120105697694097],[77.46944332954271,23.120009575415853],[77.46944333014503,23.119908645273803],[77.46944573265112,23.11976926578049],[77.4694426274457,23.119682280833636],[77.46944092741212,23.119634693112495],[77.46946015221333,23.119514538002065],[77.46949860130023,23.11942081779813],[77.46956588769409,23.119286244916363],[77.46967883336401,23.119168493145903],[77.46985185581448,23.1190387270718],[77.47001045963671,23.11897384308889],[77.47023154395208,23.118856091705304],[77.47051030161711,23.1188368667414],[77.4706905339499,23.11883686710189],[77.47090921466233,23.118860897587215],[77.47111828440976,23.118906557153622],[77.4714523129384,23.118947409152238],[77.47178634284887,23.119096401275453],[77.47230781279085,23.119329499703195],[77.47254331555942,23.119483297649133],[77.47282447792531,23.11967554542356],[77.47294222877787,23.119759653450235],[77.47307920484022,23.119829342911025],[77.4734228467429,23.119824537294548],[77.47360307870704,23.119670739098893],[77.47380974478142,23.119483298048433],[77.47404284426636,23.119226167590035],[77.47422547939091,23.119057950904384],[77.47436005184196,23.1188873317971],[77.4743915273252,23.11877069001623],[77.47440090457724,23.11873593706535],[77.4744554472137,23.118451105606955],[77.47446578755651,23.118397102450793],[77.47452178899174,23.118243098621424],[77.47455229864482,23.11815919566405],[77.4745575493896,23.118130978139906],[77.47459074935219,23.11795253040535],[77.47464121412085,23.117851600133154],[77.47468927518025,23.117765088910982],[77.47471312236286,23.117754491171173],[77.47473730311216,23.117743742698558],[77.47477578692974,23.117726638726772],[77.47484307336431,23.117714624341648],[77.47486753753445,23.117714623631166],[77.47487564803421,23.117714623993734],[77.47500888643707,23.117714623911688],[77.47512663782769,23.117846794032435],[77.47528043593452,23.117995786313877],[77.47539818714168,23.11815438874965],[77.4754822952534,23.118356248819573],[77.47575144062694,23.118964231372047],[77.47606143985466,23.119550584820367],[77.47618402293381,23.11974883661537],[77.47625609026042,23.1198653889179],[77.47636903508628,23.119956706949488],[77.47649206805151,23.120006959864824],[77.47653965466587,23.120026396006057],[77.47678717344711,23.120127325653726],[77.4768182420078,23.120136647146342],[77.47695538864272,23.12017779119395],[77.47712600855145,23.120182597070702],[77.47748887500862,23.120141744785695],[77.47753921243742,23.12011400799017],[77.47772437782685,23.12001197826863],[77.47786856281162,23.1199519005724],[77.4780079424777,23.119884614415174],[77.47803437611203,23.119841359211122],[77.47803918264032,23.119810117761073],[77.47803678038528,23.119771668989337],[77.4780127490933,23.119721204102873],[77.47798478817408,23.119645187315133],[77.47793585013329,23.119512134947897],[77.47790461015926,23.119228571102035],[77.47788057876491,23.119110818664353],[77.4778517415278,23.119031517061025],[77.47783491963607,23.118981051766184],[77.47777243996697,23.11889213783664],[77.4776594940276,23.118769579723153],[77.47758740182782,23.118680666100403],[77.47744561889157,23.11844997001192],[77.47725251721073,23.117938181332384],[77.47724264661986,23.11792748910215],[77.47716737754993,23.11784594846566],[77.47706095501418,23.117803379409484],[77.47696872222785,23.11773242985189],[77.47687648935253,23.117604721707295],[77.47686939367995,23.1174131606622],[77.47687648908153,23.117108080943368],[77.47691905825913,23.1167675269714],[77.47699710072642,23.1162708862472],[77.47706805027286,23.11597999570916],[77.4772008219179,23.115787262213928],[77.477253843217,23.115710296894143],[77.47728799145516,23.115660727403853],[77.47731388756131,23.115647551398],[77.47769239850362,23.115454974777794],[77.47829928726836,23.115351674818807],[77.47835931662708,23.115341456874077],[77.47844435333265,23.115340016159188],[77.47877791534347,23.11533436188762],[77.47921070215425,23.11527760319933],[77.47964955942832,23.11537032022344],[77.47971443763186,23.115384026890926],[77.47976545684658,23.115425170922038],[77.48015432008789,23.11573876958544],[77.48057291807486,23.11629926498225],[77.48068643624933,23.1167107681961],[77.48057291808772,23.11742734994747],[77.48043811511974,23.117689861173538],[77.48008646773472,23.117962387354183],[77.4798705250511,23.11812974283014],[77.47980242656544,23.118221250339406],[77.4796434889469,23.118434822058127],[77.47964700809945,23.11847282741976],[77.4796789642345,23.118817945945114],[77.47992018957355,23.119300396618627],[77.4800762769337,23.119570002175127],[77.48008844463632,23.119592310810578],[77.48016141535481,23.119726090099242],[77.48018979501144,23.11992474568421],[77.48018979461705,23.119953126147962],[77.48024655414356,23.11999569518737],[77.48031750308125,23.120016979152023],[77.4804244259383,23.1200303452647],[77.48048778006927,23.120038264403146],[77.48104469594746,23.120131082714167],[77.4810837493842,23.120137591568167],[77.48109082112421,23.120135788548687],[77.4811417466884,23.12012280882076],[77.48144558810594,23.12004535904658],[77.48147007490806,23.120011376229883],[77.4816838802038,23.119714667026475],[77.48179323572397,23.11956290743824],[77.48201401701617,23.11934714417079],[77.48210541139339,23.11925782811992],[77.48239630085993,23.11907336103376],[77.48276430398366,23.1188499299315],[77.48279361363912,23.118832135034214],[77.48309159813778,23.118463201730858],[77.48309588678403,23.118403167129415],[77.48310578794234,23.118264544694924],[77.48306246474525,23.118165521076126],[77.48300645964672,23.118037508725727],[77.48291941485698,23.117896579684633],[77.48285746754112,23.117796284188532],[77.48285323156227,23.117788790596432],[77.48269183685173,23.117503244889953],[77.48267300124341,23.11746991976669],[77.48259495738085,23.11716483958927],[77.4825807666675,23.116987467971644],[77.4826162418658,23.11674624215243],[77.48301355455199,23.116164463001475],[77.48313416809984,23.115859382845127],[77.48318383180816,23.115469164593087],[77.48314458658595,23.11527948371864],[77.48314126152596,23.11526341361184],[77.48311468939463,23.11521596062994],[77.4829426058049,23.114908669888013],[77.4827308923758,23.114702120219935],[77.4825912044722,23.11459091504328],[77.48236964924442,23.114386312290023],[77.48212291500018,23.114085337276972],[77.4819482082655,23.1138868948022],[77.48189477676586,23.113634980419583],[77.48202238832313,23.113462009143895],[77.48221298240246,23.11336644783498],[77.48250879083041,23.113330241089844],[77.48367651813052,23.11327545571488],[77.4840483743724,23.113222684034806],[77.4845380357993,23.11325853518662],[77.48490200045536,23.113423105755405],[77.48526644675448,23.113776840027555],[77.48544754938985,23.114287722245827],[77.48560902188935,23.11477819820356],[77.48571041553741,23.115182059716652],[77.48582776202373,23.115425494820226],[77.48630359124444,23.115560037558645],[77.48664674762394,23.115527039273708],[77.48671181675495,23.115486455428595],[77.48723169455765,23.115281053984354],[77.48756621242465,23.114890797884904],[77.48776996184453,23.11459853729514],[77.48795918987156,23.114141471992042],[77.48819672624163,23.11374292701134],[77.48842456945948,23.11345796296903],[77.48895275179638,23.11338978389493],[77.48927867840548,23.113418058054123],[77.48959542010167,23.113762699323072],[77.48977105873138,23.1142393802319],[77.49006689279258,23.11456587311652],[77.49028808993351,23.114723958848213],[77.49053893785266,23.11494660832283],[77.49092208710726,23.115105417894824],[77.49122515108607,23.115150996083653],[77.49155882657027,23.115015964345744],[77.49180493792504,23.11476970430718],[77.49192848451692,23.114479668923575],[77.49190964770443,23.11429329633108],[77.49180185292958,23.114042110767762],[77.4917308847658,23.113573904873135],[77.49173001531864,23.113134789962693],[77.49173328718702,23.112824551937017],[77.49172431341873,23.112418593309574],[77.49192851861494,23.112049121310896],[77.49219381372062,23.111745373641085],[77.49220179594796,23.111730176340195],[77.49238902586903,23.111496609285943],[77.4926948104168,23.111410476974992],[77.49290265965162,23.11146460033193],[77.49317470785869,23.111547299230605],[77.49352604135389,23.11161443257715],[77.49385601649612,23.111765566588836],[77.49387411483568,23.11179555916174],[77.49409253275353,23.11203784979633],[77.49436915407459,23.112245894656073],[77.49450488134829,23.11259396277884],[77.49476252757468,23.11288456463513],[77.49486078296958,23.113082142349636],[77.49499478726709,23.1133012328593],[77.4949436910004,23.11355679192887],[77.4948608660932,23.113982024592698],[77.49478215777545,23.114376034997477],[77.49471774488019,23.11474403068865],[77.49470524912556,23.11499631208625],[77.49474002158667,23.11516923293337],[77.49491368779483,23.115356071871958],[77.49509393576514,23.115496403586974],[77.49549902481547,23.115600082439883],[77.49575858273626,23.115716242939083],[77.49578004449815,23.115725847657952],[77.49616896372179,23.11596908412365],[77.49657515102051,23.116619636848288],[77.49683769685365,23.11707953676968],[77.49726919759469,23.11733493888827],[77.4977691153016,23.117341961103616],[77.49836898075597,23.11699610379552],[77.49863007546864,23.116594545396573],[77.4988127150439,23.116389207261793],[77.4997476184778,23.115776587047165],[77.50058234966505,23.115190241684274],[77.50075447155822,23.114970692889003],[77.50081961176797,23.114801987011376],[77.5008051228175,23.114647194328295],[77.5007250258173,23.11452958177951],[77.5005133615891,23.114296573683202],[77.50030372597077,23.113961196707553],[77.50035609817293,23.11362686725864],[77.50061453746258,23.11341866882049],[77.50106485198334,23.1132772996739],[77.50183288214073,23.11308780465423],[77.5028774568659,23.11266956844363],[77.50333858306345,23.11242793080452],[77.5039300473131,23.11218670971189],[77.50433157135778,23.11209608512639],[77.5046691818731,23.11220215272147],[77.50503224131396,23.11234673217235],[77.50556870497685,23.112517398600232],[77.50581415822117,23.11244528737872],[77.50612422659363,23.11217749959161],[77.50631328231303,23.11176306019543],[77.50665722274672,23.111440658022666],[77.50757841502654,23.111162409893524],[77.50870943892143,23.110928062384183],[77.50937190924158,23.110890664995097],[77.50974746543916,23.111047378956805],[77.5103940067431,23.111454569411556],[77.51079303703672,23.111659696758217],[77.51154945273477,23.111922922916857],[77.51185378603896,23.112550286201106],[77.51195473184742,23.11332284842392],[77.51182821916557,23.11428588568102],[77.51100933390465,23.114662904896598],[77.51021174493232,23.115386763074742],[77.50989743037664,23.11598207869592],[77.50989683672213,23.11603486445547],[77.50985469320747,23.116676262716005],[77.51027173046141,23.1171796679703],[77.51074880503872,23.117505478882975],[77.51163860539394,23.11768062369013],[77.51269698526136,23.117426612787977],[77.51309781174957,23.117681797630787],[77.51348302018673,23.118280064705655],[77.51377746283404,23.11908654968453],[77.51414210879432,23.119714019803382],[77.51486829655735,23.120710990767677],[77.51546009686106,23.121054544661714],[77.5158867909197,23.121068012082848],[77.51630460637486,23.120859355289152],[77.5165533273899,23.120489636172767],[77.51666016438762,23.11975077693822],[77.51651082377086,23.119230472460053],[77.51621969632983,23.118866573872307],[77.51589540655856,23.118561745143644],[77.51577167457798,23.118097266997],[77.51574291474526,23.117447152837016],[77.51588577820739,23.116775304818866],[77.51606696721656,23.11640188767575],[77.51647447160644,23.11627982789786],[77.51692860567127,23.11629100504817],[77.51770238237178,23.116617699118624],[77.51775315567949,23.116650913911137],[77.51846962091687,23.11705135377239],[77.51899196874741,23.117547286082218],[77.51943079157788,23.117840500104947],[77.52009204209354,23.11792091316048],[77.5208502944503,23.117823401015723],[77.52179982960271,23.11765265586104],[77.52245449335629,23.117750237043225],[77.52307692478524,23.11797268475991],[77.52370245550803,23.118018450740383],[77.52401127518941,23.11776667354918],[77.52410855337605,23.117397358778028],[77.5242495647533,23.116724196674568],[77.52444455488433,23.116349886801963],[77.52467809024326,23.116246463111825],[77.52506985732937,23.116359127739006],[77.52539513322365,23.116881025980643],[77.52575204564864,23.117221126206694],[77.52615667774339,23.117407420271856],[77.526623432178,23.11743664977645],[77.52727554014008,23.11756806390658],[77.52809076588557,23.117946736349076],[77.52868932328828,23.118315305792],[77.529186343486,23.118562548403332],[77.53001805470996,23.1186982273682],[77.53066978788435,23.119020919070323],[77.53133965603934,23.11930859139009],[77.5319618637016,23.1194131348573],[77.53246046110009,23.11933237886922],[77.53299022259738,23.119028779664905],[77.5335517642929,23.11880097723072],[77.53390198417165,23.118705113283223],[77.53437913446417,23.118735955980455],[77.53502911875857,23.119041160715824],[77.53548265477073,23.119539763135542],[77.53565656616146,23.120069472369924],[77.53578086465802,23.12039881900941],[77.53558583634312,23.12066832932974],[77.53549637032579,23.120850833354236],[77.53562586934399,23.121058745379507],[77.53570917128773,23.121288064275756],[77.5355693826994,23.121498145208772],[77.53527725626161,23.12172249456811],[77.5352526614158,23.121740626372848],[77.53486187028598,23.121934147282694],[77.53458402356014,23.122046672676557],[77.53407543230874,23.122126118973135],[77.53380807947335,23.122277192963672],[77.533681319809,23.12248480608173],[77.53341572546594,23.1226590880186],[77.5332194058364,23.12261370061045],[77.53304220682777,23.122407783327088],[77.53292547408793,23.122103289914964],[77.53293689634422,23.121804395320794],[77.53307149520307,23.121519634817705],[77.53325121655617,23.121257742456997],[77.53337694755744,23.121035469984843],[77.53332903252195,23.12086890596066],[77.53311964246475,23.120871430164485],[77.53307026923538,23.120888635245045],[77.53280498929185,23.121101405267556],[77.53278747328173,23.121118541399138],[77.53275301023598,23.121144387109076],[77.53235428762466,23.121415089974928],[77.5322860160365,23.121441947987375],[77.53205124210353,23.121646190300083],[77.5320254188762,23.12165533243324],[77.53168495077999,23.121801575881403],[77.53131491303718,23.121761451269446],[77.53100184497336,23.12162360513165],[77.53061922756426,23.121584297652163],[77.53037293629838,23.12143039932619],[77.5302598410567,23.121234159969514],[77.5302213844872,23.121040125200093],[77.53005343567644,23.120867530430775],[77.5297605365769,23.120657908068637],[77.5296141160352,23.12045818299334],[77.52953450685276,23.120245287694903],[77.52932214733038,23.120122939662096],[77.52902705837808,23.12036184514651],[77.52888461416238,23.1207255048446],[77.52887227731675,23.120758358201734],[77.5288588106458,23.120799525281992],[77.52870767190845,23.121083921952028],[77.52867173823975,23.1211096103843],[77.52833847163072,23.121386274975414],[77.52803452868365,23.12149375507008],[77.52769313905799,23.12150697112804],[77.52735528032282,23.121511046326653],[77.52720098307738,23.121340274988967],[77.52701631496124,23.121172247442928],[77.52681316485324,23.12117470473401],[77.52645298101375,23.121315074037877],[77.52633235437429,23.121532089775425],[77.52630306046086,23.121796131733593],[77.52636108909316,23.122037572885755],[77.52630780818411,23.122238992027523],[77.52600604867743,23.12250279357892],[77.52563330921652,23.12253545526795],[77.5253525548872,23.122576435824833],[77.52503291087879,23.12271918511951],[77.52474087759398,23.122984383595178],[77.52445525877333,23.12328211693677],[77.52428084897889,23.123484260027286],[77.52404944993735,23.12360667500148],[77.52378247334887,23.123582105116782],[77.52362200243016,23.123474161807014],[77.52351113643192,23.123411569224825],[77.52333682646108,23.123459259041276],[77.52323742523988,23.1236445700951],[77.5232350686592,23.123663157075296],[77.52321012817839,23.123859955347726],[77.52327834735675,23.124001356157834],[77.52344530350798,23.124047133585062],[77.52370050925218,23.124082436386114],[77.52392894276005,23.12431202003677],[77.52409358745487,23.12455621410923],[77.52429708978804,23.12477390016424],[77.52423255113486,23.124935602757315],[77.52392518280433,23.124993414252195],[77.52361444297354,23.125069647813266],[77.52342463520431,23.125717011835444],[77.52337500020542,23.125907000181908],[77.52325400017594,23.12616800016387],[77.52292637465824,23.126408440971144],[77.52265074565744,23.12665253244414],[77.52263169489883,23.126685029745172],[77.5225949784202,23.126747664909598],[77.5225682617838,23.126807262766533],[77.52253743461762,23.126873026662516],[77.52250866308636,23.126942901599467],[77.52247783635022,23.127031271851745],[77.52246550544709,23.127105257246978],[77.52244700905989,23.127189516722783],[77.5224449027286,23.127214213444923],[77.5224428992571,23.127296383697292],[77.52244084418157,23.12735598175628],[77.52244084391687,23.127415580894148],[77.52247989081307,23.1275491641617],[77.52254976538698,23.12770124436788],[77.52267512774746,23.127853322582745],[77.52278037599103,23.127986636863046],[77.52279843575279,23.128009513122826],[77.52281686325965,23.128024721253773],[77.52300638608392,23.1281811447824],[77.52327921318617,23.128231401707552],[77.52337359607492,23.12823664471303],[77.52350589325245,23.128243995049072],[77.52353767877943,23.12824576115788],[77.52412007279908,23.128300332897126],[77.52414083770124,23.12830603271307],[77.5243407030155,23.128329264088467],[77.52434800193993,23.128330112610772],[77.52468504269524,23.128268459438406],[77.5248685622524,23.1282127469936],[77.52491521708934,23.128198584372523],[77.52503852363414,23.12817803315189],[77.52509498032477,23.12818568836352],[77.52511812044928,23.128188825857578],[77.52515977737764,23.12819447415683],[77.52520909987531,23.128219136189124],[77.52521438915045,23.12822251977282],[77.52526047808848,23.12825201826371],[77.52527121131573,23.128258231095487],[77.52529952589227,23.12827462415015],[77.5253344633983,23.128326002368542],[77.52534294448925,23.128336908584668],[77.52536323473528,23.128362994856317],[77.52536332394787,23.128363163002355],[77.52539817238276,23.12842875933333],[77.52543123093878,23.128505897445212],[77.525429986581,23.12856736579009],[77.52542488784471,23.12881923282744],[77.52537145477844,23.129008304287826],[77.52536981796773,23.129014852880616],[77.52535090390123,23.129090509962506],[77.52534734270142,23.12913857606644],[77.52534679369913,23.129145997667074],[77.52534917530326,23.129169808061096],[77.52535090448116,23.129187101318205],[77.52538789619648,23.12925491957946],[77.5254433846852,23.129322738839072],[77.52546246778478,23.129338128653487],[77.5254690009995,23.12934783488643],[77.52559105531466,23.129462709048166],[77.52565926098998,23.12961707115872],[77.52569874852064,23.129871948077632],[77.52569778084515,23.130018410325093],[77.52565345337958,23.130098200026993],[77.52562639704603,23.130146901351274],[77.52556572076352,23.13023613138336],[77.52541938406495,23.130378897839613],[77.52531944725051,23.130507388793124],[77.52528819410087,23.130551799951913],[77.5252272495541,23.130621647395415],[77.52515169509297,23.13074652538695],[77.52511600265603,23.130846461933434],[77.52514812478273,23.130953537866464],[77.52519809441299,23.131110582230882],[77.52519452532614,23.131410395219735],[77.52519159986176,23.131574210088285],[77.52510021575844,23.131752699913065],[77.52507317152187,23.13182798960981],[77.5251195720607,23.131992172767237],[77.52519452479001,23.1321634939604],[77.52523028627708,23.132234301381576],[77.52537298368061,23.13251684441826],[77.52546221385731,23.132713149233567],[77.52547596448552,23.13280062823633],[77.52543403173648,23.13291773925178],[77.52537655381327,23.13299868474538],[77.52534086176878,23.133141452293007],[77.5253411483091,23.133246566333675],[77.5253754318672,23.133365003621165],[77.52543465102013,23.133461624070936],[77.52549790580954,23.13351621840693],[77.52558713621455,23.13350194104026],[77.52567993462648,23.133448403327606],[77.52574061087421,23.13339486475865],[77.52581199509243,23.133359172804653],[77.52594996216826,23.13334007014024],[77.52602372128744,23.13334006968106],[77.52616563955993,23.13344147032998],[77.52617644275101,23.133452273217653],[77.52623877768553,23.133564476752777],[77.52627617931445,23.133717198588062],[77.5263946171897,23.134038226977324],[77.52663112812651,23.1343601682919],[77.52681849780387,23.134602362732707],[77.52690888373566,23.134711449901005],[77.52722679499605,23.134867287794858],[77.52757587356632,23.135091695893095],[77.52766314322024,23.135157148048034],[77.52766626021494,23.135253768277263],[77.52761015769903,23.13533480365564],[77.52757226228637,23.135372700200246],[77.52756340716367,23.135381555947124],[77.5274886042406,23.13544700815559],[77.52742315229614,23.135478176417948],[77.52738573285211,23.135518098854206],[77.52732176316952,23.13558634910165],[77.52733960940641,23.135771947142224],[77.52736187652823,23.135843348160492],[77.52743007854137,23.136062036602354],[77.5277721250553,23.13687018368301],[77.52812130902582,23.137176816840142],[77.52831829403367,23.137758108108134],[77.52833703415982,23.137852386076656],[77.52845932067292,23.138219249016014],[77.52851902186929,23.138400008852873],[77.52853522368332,23.138449064849976],[77.52868734038094,23.13870454167308],[77.52907122909897,23.13917660213873],[77.52970254124048,23.140031814045255],[77.5302984548735,23.140919878657044],[77.53072573912699,23.14157174977048],[77.53033500715527,23.142114120850852],[77.53083838723762,23.142978616228223],[77.53007402565291,23.14357245025916],[77.5303665240264,23.143753977794137],[77.53039086806568,23.144819467411228],[77.53040637382422,23.145498146452706],[77.53040739962321,23.14554304280111],[77.53047246918192,23.145860690904268],[77.53050499598879,23.146027648773025],[77.5307257806957,23.14651043133822],[77.53075534934626,23.14661327906708],[77.5307996327455,23.14670775164351],[77.53082915644414,23.146781557796984],[77.53084982211861,23.146837652025283],[77.53086458319862,23.146917362771994],[77.53086458274447,23.146991169903302],[77.53087048831262,23.147035454105108],[77.53086458280417,23.147085642424003],[77.53084096472993,23.14718011479513],[77.53073763607883,23.147312967308224],[77.53064021112374,23.147372013422856],[77.5304985015515,23.147448772220805],[77.53037155418781,23.1474723900537],[77.53019146535539,23.14747239025529],[77.53012356288264,23.147466485359576],[77.53005927523076,23.147460551844315],[77.5299861023419,23.14746264235628],[77.52986902602505,23.14755044922362],[77.52976340440584,23.14763982223972],[77.52963459110094,23.1478086011123],[77.5296265115712,23.147912129646528],[77.52966542589498,23.148093728196685],[77.52965398989707,23.1481401476329],[77.52964114684139,23.14819227493961],[77.52961396840836,23.148273810252245],[77.52958469939955,23.14834489197192],[77.5295407963912,23.14841388255855],[77.52945716989447,23.14847033018477],[77.52930246323517,23.148547684061096],[77.52924749278492,23.148559725055357],[77.529082945624,23.14859576891406],[77.52888509763687,23.14865713802859],[77.5283000515309,23.14876569506384],[77.52800328233366,23.148810619141425],[77.52791757444903,23.148816586078595],[77.52780372255765,23.14883192805624],[77.52774881590307,23.14884080977344],[77.52770602136316,23.148848884166448],[77.52767372256785,23.14886018888776],[77.52765999627294,23.148867455780486],[77.52764188148066,23.148887781289083],[77.52764167336508,23.14888801404464],[77.52762689125645,23.148904599173818],[77.52757679278139,23.14899188296964],[77.5275467036757,23.149040054365486],[77.52751234052172,23.1491219956793],[77.52744890172195,23.149227727603705],[77.52740660944919,23.14932024301856],[77.52738281926673,23.149383681801528],[77.52737224560248,23.149494700699346],[77.52737224569455,23.1495804608646],[77.52735903043956,23.149621579249583],[77.52728237421556,23.14967444507333],[77.52721373279039,23.149719511838658],[77.52715285226093,23.149759030802407],[77.52701275825908,23.149888551946045],[77.52689909582124,23.15000485709206],[77.52684598224627,23.150068592800974],[77.52680624014485,23.150128206730297],[77.52667034766036,23.150264098892],[77.52658881323578,23.150341452941564],[77.52655481862624,23.150352379368076],[77.52653115535463,23.150359986193717],[77.52653027471521,23.15036026815809],[77.52649473439774,23.150360268357883],[77.52646337500154,23.15035608662916],[77.5264464402296,23.150352699856363],[77.52643201521174,23.15034981540785],[77.52640951610722,23.150348084608503],[77.5263776592664,23.15034563403182],[77.52634002703309,23.150345634381075],[77.52628148859615,23.150351906185282],[77.52607438703046,23.150372276362678],[77.52578098096889,23.150385491907414],[77.52542688533703,23.150365091943655],[77.5253950584454,23.15036445025528],[77.52534906361686,23.150429259686327],[77.52530079802327,23.150577770645235],[77.52527087927774,23.150628237248707],[77.52508768335412,23.150833618585015],[77.52508228825678,23.151031386338033],[77.5250960967584,23.151378409819024],[77.52509400616759,23.15178817489146],[77.52508146172475,23.152223028159977],[77.52507728099216,23.152668333925966],[77.5250501029416,23.152672516131172],[77.52502083378914,23.15267669667152],[77.52491622484294,23.152733936989613],[77.52489375847694,23.152746992220706],[77.52481239827208,23.15281411389082],[77.52475359613217,23.152883048433672],[77.52453833114207,23.1530387101381],[77.52431829315366,23.153033749824516],[77.52429878783978,23.153024488110724],[77.52405704889641,23.152904577453324],[77.52403709380505,23.152900228298854],[77.5238939792257,23.152869036056572],[77.52381329995025,23.152862529036675],[77.52376435928613,23.15285858339825],[77.52352602589058,23.152896213865635],[77.5232458809695,23.152952661142276],[77.52293019399792,23.153040468334456],[77.52253297259604,23.153157543742932],[77.52226333339327,23.153239529310223],[77.52222355763298,23.153251623417724],[77.522142023023,23.153253712974763],[77.52209393781432,23.15323071638321],[77.52206885078978,23.15322235369685],[77.52201785772121,23.1532079426374],[77.52198230571898,23.153209054144586],[77.5219304493151,23.153220907311177],[77.52191118768513,23.15323424205724],[77.52190130964533,23.15324411903971],[77.5218830365352,23.15325498500247],[77.52186821956032,23.153283136320407],[77.52186822022854,23.153320175830896],[77.52188007439847,23.15335129055217],[77.52189785329192,23.15339277569855],[77.52189488970438,23.153422409248645],[77.52187266464807,23.153440187600882],[77.52181932674443,23.15345500521722],[77.5217778411478,23.15345648570496],[77.52175951314726,23.153450699403276],[77.52174969018576,23.15344759698763],[77.52172894744923,23.153431299202886],[77.52171786519597,23.153419600722312],[77.52167560778396,23.153374996788255],[77.52162226975288,23.153336473604526],[77.52157485719319,23.153306841728043],[77.5215289267377,23.153284616775924],[77.52146669810422,23.15328313611113],[77.52146398437193,23.15328413465447],[77.52145294987609,23.153288201359317],[77.52143854707975,23.153293506650247],[77.52143410165999,23.15332906642555],[77.5214370658431,23.153377959956288],[77.5214373289189,23.153378726394447],[77.52145336392488,23.153425372238807],[77.52146669800237,23.15348611872023],[77.52145188228722,23.153535012836905],[77.52143706598137,23.153558718819824],[77.52139909425631,23.153600300410012],[77.5214082085608,23.153924809119147],[77.52145420252153,23.154487190842698],[77.52145420332714,23.15506916494006],[77.52145420277674,23.155139470261755],[77.5214412098933,23.155574544448186],[77.52140502797505,23.156186375652315],[77.52143852505064,23.156615742609006],[77.52143916827004,23.156751364630022],[77.5214500212674,23.157144393369318],[77.52143329568884,23.157388997874776],[77.52142792747746,23.157455222133198],[77.5214144814336,23.157621058926598],[77.52141351819462,23.157663230963944],[77.52140402734025,23.158078909024848],[77.52140806319116,23.158372178683383],[77.52141416445619,23.15854332471515],[77.5214050348951,23.158780684767386],[77.52139893798854,23.158939194606543],[77.52121713660954,23.159587064987228],[77.52120415491122,23.15963607809458],[77.52115694989516,23.159690376822418],[77.52111657991236,23.1596981066318],[77.52110197904696,23.159722156918626],[77.52109338853647,23.159784001289935],[77.52097118767689,23.160252102351098],[77.52088865313495,23.160472302032176],[77.52082143275919,23.16079393596378],[77.5207246429062,23.16138352267286],[77.52070078213818,23.161488334991652],[77.52067912290794,23.161583471615142],[77.52051782183958,23.161883526618723],[77.52047863875283,23.161955018883376],[77.52041896044534,23.162063906618403],[77.52002440229471,23.162983295226784],[77.51999876219428,23.163044333339382],[77.51996983927532,23.16311318776577],[77.51994254637918,23.163172890650277],[77.51993353427184,23.16321394794649],[77.51991184172674,23.16331276716746],[77.51987260835384,23.163416820786814],[77.51979755251297,23.16352258079164],[77.51959156327997,23.163869148545444],[77.51957442446148,23.1639019866537],[77.51938456426635,23.164281706960764],[77.51926853793566,23.16442937642111],[77.51914899658459,23.164643848059466],[77.51900132728395,23.165097402817587],[77.5189597326749,23.165328627614763],[77.51888615267013,23.16556291838958],[77.5183935020896,23.166461143663845],[77.51814804229322,23.16686595541395],[77.51805592786533,23.167007536937444],[77.51779835230298,23.167428869970493],[77.51749471878621,23.167909906448035],[77.51703926889464,23.16864340178426],[77.51666312394072,23.16927691611281],[77.51655418639795,23.169446476062802],[77.5164031774524,23.169661098858676],[77.51629447720384,23.16984951278099],[77.51621877829335,23.16996028193571],[77.51607207917492,23.170555606731256],[77.515944722911,23.17093996704493],[77.51567107228459,23.17162134074754],[77.51563474877136,23.171714263187592],[77.51559957157406,23.17180425463907],[77.51557398524858,23.17195777729237],[77.51561151179767,23.1722631162062],[77.51563368833962,23.172498517201216],[77.51567292119273,23.17297443608555],[77.51570676098278,23.173348019418757],[77.5157072276948,23.173736571459493],[77.51573785673281,23.17416232205737],[77.5158207213317,23.17454108238611],[77.51588785191454,23.174746764815296],[77.5159219681676,23.174920756651527],[77.51593390943714,23.17504869296556],[77.51589763112918,23.175307739576542],[77.51580465466462,23.176162994641658],[77.5157735644422,23.176527624161636],[77.51575097075867,23.176762388001446],[77.51573432963363,23.176935310663414],[77.51570191976879,23.17726111920936],[77.51569168511405,23.177445346294075],[77.51568144971267,23.177798447430643],[77.51566780431139,23.178050905902793],[77.51566268583314,23.17813960775224],[77.5156479193383,23.178469870334286],[77.51564151800032,23.178577459766647],[77.51565284301283,23.178741671141427],[77.515692480459,23.178828495345286],[77.51570735539038,23.17884989629742],[77.51596290810011,23.17923132240854],[77.51604649165517,23.17937631467215],[77.51610107759038,23.17942237239243],[77.51614372268003,23.17944795935951],[77.5161838711328,23.179520554382236],[77.51624001088211,23.179684094630893],[77.51627174292582,23.179796375611467],[77.5162985929934,23.17988424867106],[77.51631079674227,23.17991842116416],[77.51634741105745,23.179935507852363],[77.51638402482392,23.17995015271176],[77.51641331508802,23.17996479777373],[77.51644260591449,23.179981884645272],[77.5164645736821,23.18000141175594],[77.51648898303915,23.180035584172487],[77.51652453160264,23.18010321434509],[77.51658905971163,23.180225975308346],[77.51661835111693,23.18031628791668],[77.51663299552357,23.180406600970596],[77.51664276023848,23.180535968936034],[77.51665252420406,23.180633604585523],[77.51665389553418,23.180687118700977],[77.51665496415293,23.180728799545214],[77.51665008261904,23.180828877428638],[77.51664764216005,23.180894780739777],[77.51669646020855,23.181114462576595],[77.51672330989526,23.181182807867206],[77.51675016007252,23.181248712170326],[77.51679165460557,23.181319498009668],[77.51679523868954,23.181325098912506],[77.51683070858608,23.181380521274317],[77.51686732337916,23.181439102054124],[77.51690149506226,23.18151721090472],[77.5169185823737,23.18159287859001],[77.51691858243453,23.181629492829565],[77.51689375628816,23.181799486639786],[77.51673060127504,23.181750539631345],[77.51645119813888,23.18173014597552],[77.5161799534214,23.181693436026105],[77.51597804773539,23.181721988111416],[77.51577668028607,23.18175577529718],[77.51567417170786,23.181772973976734],[77.51533154656663,23.181838236261385],[77.51490122497604,23.181980997133874],[77.51479815245618,23.18203724909384],[77.51463338268859,23.182127171010322],[77.51459240324583,23.18216649082399],[77.51437196147857,23.182832317197825],[77.51413927311211,23.183372142877413],[77.51403031331033,23.18362046686082],[77.51394759041801,23.18380899505022],[77.51386037315477,23.184020551675804],[77.51372849964231,23.184284296754438],[77.51357594156148,23.184454954654882],[77.5133380554168,23.184695428333182],[77.51325789763558,23.184729041760168],[77.51322841835986,23.1847647282925],[77.51320876906276,23.184788514338525],[77.51320808742996,23.184803861531936],[77.51320359709948,23.184904871610374],[77.51317515427267,23.184990201308736],[77.51308982528852,23.18512724460265],[77.51291851119439,23.18536123482635],[77.51286793994885,23.1854585730548],[77.51281900400824,23.185601625091955],[77.51281843771557,23.185606948448026],[77.51276011099763,23.185742160151563],[77.51270955725893,23.185814907563472],[77.51267749894593,23.185830937023965],[77.51261831455638,23.185835869357984],[77.5125442358796,23.185827976725434],[77.51250572515862,23.185810646676963],[77.5124617219696,23.185800111374657],[77.51244928580249,23.185806329754058],[77.51244692619487,23.18580750982219],[77.51244076068689,23.185819839933007],[77.51243952792689,23.18583340280685],[77.51245802336297,23.185871626344976],[77.51251753491258,23.18600543237434],[77.51255716543572,23.18610982153752],[77.5126343870685,23.186556655754224],[77.51262515290662,23.186659154331956],[77.5125933646031,23.18692691268957],[77.51253647892266,23.18709239903133],[77.51244080741093,23.18741820105223],[77.512402134357,23.18761611840263],[77.51237599822963,23.187695902765263],[77.51230158440734,23.187826820598836],[77.51224780283816,23.187890685600962],[77.51221418972298,23.18794782841561],[77.5121402424456,23.188004969916445],[77.51206293231874,23.188038583205554],[77.51204164161425,23.188046426991882],[77.51199906684553,23.188062112402754],[77.51193520229354,23.18806547279106],[77.51185453120294,23.188065472870978],[77.51181419623424,23.188048667072763],[77.51173016327358,23.18803186024046],[77.51165383570562,23.188025917793784],[77.51151173076933,23.188014854629085],[77.51142218471428,23.18801124399913],[77.51139401274214,23.1880101083613],[77.51090664514064,23.188028499404574],[77.5108158899876,23.18803858270798],[77.51077555486408,23.188038582878825],[77.51071025370943,23.18801992580693],[77.51070496761287,23.188018414637053],[77.51062765835826,23.188015053969103],[77.5104495089983,23.188099086178397],[77.51042755510133,23.18811884538866],[77.51042545772809,23.18812073278145],[77.51041589623811,23.18812933764848],[77.51040245070837,23.188186479775275],[77.51038148568412,23.188350939849066],[77.51034069128475,23.18841450664871],[77.51023872062984,23.18849063471858],[77.51014363105077,23.188549500047824],[77.51001491468897,23.188610257139903],[77.50992780307543,23.188636391164145],[77.50978397160792,23.18856294463698],[77.50973355266603,23.188495719119132],[77.50963271375157,23.18847555236838],[77.50958157847438,23.18850367623798],[77.5095654880693,23.188512526437517],[77.50942431344836,23.188552862351642],[77.50922263547494,23.188549499940162],[77.50908482228937,23.188519249338853],[77.50903167674947,23.188492676431427],[77.50901759610505,23.18848563631235],[77.5089436475762,23.18846882906851],[77.50885289278813,23.188475552350052],[77.50878566664261,23.188519249400326],[77.5086915501432,23.188586474904117],[77.50864394595354,23.188631926095955],[77.50858690981991,23.18869340465785],[77.50853356894564,23.188811680799503],[77.50852348508428,23.188848655689576],[77.50851065575972,23.188912802208108],[77.50850468232267,23.18892231060935],[77.5084596249964,23.188994033814346],[77.50839785029542,23.189040366121983],[77.50834557862096,23.18907244121065],[77.5083374279684,23.189074840238614],[77.50829142051366,23.18908838191451],[77.50826717313302,23.18909738940263],[77.50824578875282,23.18910570399893],[77.50822440556482,23.18911639587169],[77.50818995383173,23.189128276380384],[77.50816738321109,23.189130652151537],[77.50810204378746,23.189163914874758],[77.5080723435203,23.18917579476508],[77.50804026880223,23.189193614654442],[77.5080105693073,23.189219749597427],[77.5079891857825,23.18924113413748],[77.50794641928508,23.189279149389996],[77.50792212832172,23.189308914365775],[77.50787106068248,23.189425638663934],[77.50786088429741,23.189489422012016],[77.50784068801292,23.18951912086844],[77.50780623740216,23.189553572600328],[77.50778010092652,23.189570204009627],[77.5077492349173,23.189589752707697],[77.50774446174428,23.18959277636233],[77.50772545423943,23.189604655678373],[77.5076731825645,23.189627226623305],[77.50763992018031,23.189650987280913],[77.50761259606644,23.189690190151396],[77.50761259624693,23.18971038593389],[77.50762018831176,23.189739804053588],[77.50762804024849,23.18975315286277],[77.50764704813514,23.189765032652318],[77.50767674733989,23.18978285176201],[77.50768981478382,23.18981017612759],[77.50768625109117,23.18984462658207],[77.50767080728417,23.18987313881053],[77.50765400635846,23.189888922057925],[77.50763403599585,23.189907681063605],[77.50763160411364,23.189909965843846],[77.50763065510746,23.189910123305555],[77.50756765347862,23.18992055100422],[77.5075246864576,23.189915905915154],[77.50745578257923,23.189892146708967],[77.50740647675033,23.189875710836763],[77.50739519604036,23.18987195055381],[77.50733342113273,23.189876703247965],[77.50727758562594,23.189881455192634],[77.50723244345964,23.189894521920344],[77.5072074959934,23.18991590596262],[77.5071801724285,23.18996817701584],[77.50715403678262,23.19002163570106],[77.50714429521283,23.190047614222724],[77.50711332834844,23.190074531660986],[77.50707938025982,23.190100333124043],[77.50706580101766,23.19012749057507],[77.50706580110236,23.190140381324547],[77.50706580050714,23.190153291832655],[77.50706987461422,23.19018452412928],[77.50705086391774,23.190280935724733],[77.50703728510955,23.190298589137697],[77.5069911162234,23.190333894961743],[77.50695716793975,23.19034204200995],[77.50695642324986,23.190343062367763],[77.50689470358397,23.19042759120456],[77.5068240923359,23.190458823403848],[77.50681866022471,23.19047783412039],[77.50693000925898,23.19071003801622],[77.5069397623014,23.1907340459564],[77.50696113896818,23.190789168213403],[77.50709172103596,23.191125897818434],[77.50739260737349,23.19150768625964],[77.50763033234108,23.1919351895893],[77.50769026171002,23.19242062736004],[77.50728473346649,23.1931397924134],[77.50719883163734,23.193283624703785],[77.50711093366363,23.193459420586045],[77.50710764687057,23.19350804392901],[77.50707875502106,23.193550106808683],[77.5070643087565,23.19358409670875],[77.50706430884472,23.193594718583494],[77.50704858893941,23.19363678213436],[77.50701204912153,23.193665674246354],[77.50696021367727,23.1937000904379],[77.50694279402428,23.193717934292867],[77.50692749818003,23.193741302862435],[77.50691007836859,23.19382160508111],[77.50689393166029,23.193863667676194],[77.50686928877288,23.19390785587976],[77.50686331933551,23.193955759387894],[77.5068386587428,23.193996413905946],[77.50680300181914,23.194072392591863],[77.5067990042933,23.194090054076565],[77.50678100927163,23.194105383384915],[77.5067630136295,23.19411271471189],[77.50675868239851,23.19412737696308],[77.50675434937214,23.19414170673391],[77.50675434856491,23.194164700396467],[77.50674768476988,23.194194025415108],[77.50674368605297,23.194212353019164],[77.50673210223158,23.1942271538765],[77.50672433672872,23.194349172259876],[77.50670381622612,23.194392434052435]]]},"properties":{"zoneNumber":19,"zoneOfficerName":"Mr. Ram Patel","zoneOfficerMobile":"9424499919"}},{"type":"Feature","geometry":{"type":"Polygon","coordinates":[[[77.40396370991535,23.264090526127386],[77.40389945956483,23.26417485577214],[77.40401940517502,23.2644331928119],[77.40428893664829,23.265034591073196],[77.40263450413293,23.265651952775503],[77.40059652494025,23.266380212016106],[77.40058896472564,23.26638298927315],[77.40058681332386,23.266383775007352],[77.40051233058185,23.26629909984324],[77.40034940946121,23.266039442853387],[77.4001508479827,23.26567795970113],[77.39992173887462,23.265263018043314],[77.39976967245875,23.264877485955967],[77.39968753795786,23.264560416408877],[77.39953734536614,23.26429312209143],[77.3993012783692,23.263846764798775],[77.39927872687002,23.263787468130754],[77.39914785938366,23.26324176619583],[77.39904417341809,23.262857746312985],[77.3990263714465,23.262769081301233],[77.39896956260374,23.262546382621696],[77.39886644524978,23.262100343100844],[77.39877442003718,23.261624780791532],[77.39879669274553,23.26162513906001],[77.39894414914137,23.261617867374053],[77.39947343624227,23.261735486799726],[77.39982820607253,23.261833614119904],[77.40002624744805,23.261888391568466],[77.40033597842947,23.261958962618866],[77.40113971031836,23.262025614015123],[77.40152131457363,23.26198714832101],[77.4015225506593,23.262009968692922],[77.40167367109224,23.262794587864647],[77.40171858277108,23.26318435537485],[77.4017150804397,23.2632824383639],[77.40195365028056,23.263245502866983],[77.40210106066628,23.26352270260542],[77.40213018053186,23.2635136327161],[77.4022568142744,23.263503656637265],[77.40238239505261,23.263469846046103],[77.40256454904436,23.263448828793464],[77.40269731836514,23.263425816600872],[77.40281325903744,23.263384023695675],[77.40299891646835,23.263215881974624],[77.40305496410191,23.26321413001983],[77.40308730425889,23.26322292442424],[77.40315126910532,23.26325038941473],[77.40333190015525,23.263330160939095],[77.40333626295391,23.263336287193063],[77.40337548510726,23.2633542486582],[77.40364696458613,23.263734320397468],[77.40384905530946,23.26405941887516],[77.40395697741737,23.263972522076497],[77.40408133176719,23.263839409259525],[77.40420743854256,23.263750083847803],[77.40439309609451,23.26368002362893],[77.4048081974458,23.263482106874243],[77.4054247189085,23.263193112451702],[77.40564866087216,23.263124737018195],[77.40588355486143,23.263021907578555],[77.40577326446365,23.26282530077148],[77.40605491393246,23.26270217724137],[77.40615508711433,23.26269043681485],[77.40633724085464,23.262583596647602],[77.40658595056289,23.262390933611957],[77.4067070714191,23.26258795520966],[77.40671731193531,23.262604614168794],[77.40697960216949,23.26245694060986],[77.40676460191163,23.262150980792452],[77.40675584513988,23.261681582742295],[77.40677686256761,23.26155547660872],[77.40684497925842,23.261321158076004],[77.40686443730789,23.261254221538074],[77.4068318791572,23.26111460055182],[77.40677336031173,23.260863641222656],[77.40672736790358,23.260618011748807],[77.40658244846207,23.260297912983457],[77.40651320279017,23.260139226053962],[77.40649902052702,23.260106724963038],[77.40649837711648,23.26010524977466],[77.40650188013468,23.260085983761055],[77.40655792680747,23.260066716567145],[77.40664199907819,23.26006146272603],[77.40668753728468,23.260052704666272],[77.40662448359065,23.259903828973087],[77.40657238760012,23.25974265889562],[77.40656843626068,23.259730433356356],[77.40648786768887,23.259655119155173],[77.40644008803079,23.259603060111136],[77.40637051861691,23.259527261159803],[77.40633366830144,23.25946384264533],[77.4062952047168,23.25939765093317],[77.40628351205457,23.259401195432968],[77.40623740565864,23.25941516635304],[77.4062181401584,23.259402905862917],[77.40619537137503,23.259373129875076],[77.40616466839583,23.259332658415875],[77.40615683833535,23.25932233659899],[77.40610827449821,23.25930013725506],[77.40609553596278,23.25929431389637],[77.40605350093304,23.259285555883014],[77.40598519325533,23.259268041644052],[77.40595191525313,23.2592855563043],[77.40589957538334,23.259215312241906],[77.4058853579921,23.259196230668106],[77.40569170491199,23.259262549321814],[77.40558630984066,23.258925916241196],[77.4055773510209,23.258860217957942],[77.40555407489713,23.2586895349213],[77.40553015681087,23.258514139841235],[77.40537224282225,23.258505181137153],[77.40532313299107,23.258501403012023],[77.40528535647111,23.258497625301356],[77.4052400227549,23.25848629225744],[77.40517957991007,23.258474958807195],[77.40513046910402,23.25844473698432],[77.40510780278959,23.258410737568447],[77.40507002629256,23.25811607566314],[77.4050813589984,23.257092314791947],[77.40512669237842,23.256234774222108],[77.4049755832829,23.25546034179473],[77.40463551609271,23.25435643522624],[77.40452264377657,23.254369575910374],[77.40433691943088,23.254402811164947],[77.40418051928312,23.25443409078823],[77.4040123881747,23.254504470741093],[77.40392050279114,23.254533796922125],[77.40376410320124,23.25458462673654],[77.40371522680093,23.254617861587544],[77.40346303203921,23.254692151587435],[77.40346754605443,23.25475277113859],[77.40346889540129,23.254770886164412],[77.40347671714798,23.254875922172417],[77.40329382635011,23.254889842174627],[77.40294903601259,23.254887575308217],[77.40266958363834,23.25494204410647],[77.40266662825701,23.25492088283934],[77.40264143044193,23.254740519938903],[77.40264334359391,23.25471371930651],[77.40250934044944,23.25473477669689],[77.40233513453308,23.254788377791726],[77.40217624542427,23.25484389424206],[77.40211690094098,23.254868781383067],[77.40208817328687,23.254873568073855],[77.4020856112597,23.254873994849877],[77.40207095557977,23.25487643799229],[77.40200728697113,23.25488324479685],[77.40176657623176,23.25490898227752],[77.40169895973038,23.254919658093215],[77.4015747999501,23.254939261694027],[77.4015483413971,23.254943440052177],[77.40158854299673,23.255083187107036],[77.40170148877488,23.255272706061845],[77.40182501105402,23.25541882456784],[77.40185846504794,23.2554583968988],[77.40191435371813,23.255596440337975],[77.40153581208432,23.255628585933177],[77.40067400082548,23.2558175287549],[77.400649739206,23.255822848373963],[77.40056949015147,23.255834856323023],[77.40006510538267,23.255910326929577],[77.3998844975942,23.25588115614659],[77.3995106368318,23.255899053977206],[77.39910893499182,23.255903030730188],[77.3989975720756,23.255903030764696],[77.3988722889046,23.25590303103594],[77.39877882354502,23.25589507582321],[77.39872314219036,23.255873201366033],[77.39867939289518,23.2558393947885],[77.39865131468517,23.255716300640195],[77.39865230087374,23.255688145690936],[77.39866334566128,23.255372683340617],[77.39866877251097,23.254933759787544],[77.39868669128572,23.254705935704603],[77.39868926762709,23.25463234324354],[77.39870638628149,23.254455524287497],[77.39871472664952,23.25434947936461],[77.39869940114791,23.25423592417573],[77.39845192952995,23.252840461870193],[77.39819289597874,23.251969841745172],[77.39818980375829,23.25197123127755],[77.39803433146747,23.252041069832288],[77.39755877078598,23.252263571618148],[77.39752024085779,23.25228049917241],[77.39743043039145,23.252319954418574],[77.39738003058075,23.252209530439668],[77.39732367634933,23.252086054897358],[77.39713775555178,23.25193612003424],[77.39691105419496,23.251735806635118],[77.39667835496375,23.251528295755204],[77.39643725884501,23.25132918325424],[77.39613379086266,23.251042506614088],[77.39611879917422,23.251030664281114],[77.3960138425918,23.25094774806435],[77.39593376081876,23.250820494003356],[77.39592628084404,23.25080860763564],[77.39577994439796,23.25056151497158],[77.39531934306868,23.250574709367665],[77.39518739962071,23.250471554174993],[77.39510583625095,23.250515934684604],[77.39502666993882,23.250406781853414],[77.39487553533039,23.250240054117555],[77.39473159832637,23.25011050992047],[77.39455316300057,23.24996956693928],[77.39459725592383,23.24991619423055],[77.39453968080556,23.24984422461632],[77.39446651176631,23.24976386006554],[77.39429382326212,23.249621109891613],[77.3940456384089,23.249481690704158],[77.39397543425397,23.24943521824737],[77.39386864557287,23.24935809303749],[77.39363430409739,23.24912473970985],[77.39342270430002,23.248911162597796],[77.39335910256561,23.248801740901424],[77.3933475556065,23.24867781023846],[77.39330701593153,23.248548278643568],[77.39315968707162,23.248332723837393],[77.3930439694428,23.24825568556982],[77.39274078828586,23.248139078097278],[77.39238059691858,23.24806392967001],[77.39200485934164,23.248017286808704],[77.39187788581152,23.24799785180129],[77.39177423403062,23.247930478763116],[77.39160709535818,23.247728356675786],[77.39113418389756,23.247141428912766],[77.39081286281093,23.24670868237918],[77.39065479428398,23.24650526541224],[77.39052263844435,23.24640420499217],[77.3902453693021,23.246250023324603],[77.38985053746005,23.246046790196168],[77.38944378437333,23.245784443667983],[77.38904119499716,23.245531792962474],[77.38799383744129,23.24610625302199],[77.38783913306982,23.246148989723697],[77.38698925613286,23.24644628831455],[77.38464105499641,23.246689827031044],[77.37496800075277,23.24769304613151],[77.36998040508024,23.246642396236478],[77.36294438849445,23.248231504253763],[77.36148761922699,23.248558454263645],[77.36191071794259,23.247521289258746],[77.36198916598971,23.247334943288283],[77.36198867694135,23.247330183950396],[77.36199057001193,23.247325545273707],[77.36161658858988,23.243696333239196],[77.36113926151786,23.238978761911316],[77.36113143881143,23.238805463649438],[77.36328340690977,23.23997618916162],[77.36379094643321,23.240334849907107],[77.36403456527502,23.240443124888017],[77.36437292495654,23.24048372830074],[77.36479925764647,23.24065290822721],[77.3648872314907,23.240815320367624],[77.36496843813732,23.2410251032249],[77.36498061429631,23.241036342832615],[77.36505641124492,23.241106310078703],[77.3652218508967,23.24114946768514],[77.3653677017848,23.241187516338645],[77.36552334673564,23.24120781817092],[77.36565869115447,23.24125518771186],[77.36598351746012,23.241404066312825],[77.36621360128535,23.24149880669541],[77.36636924662926,23.24154617703415],[77.36657226172143,23.241546176722384],[77.36686325240427,23.241546176599897],[77.36697829368363,23.241546176980897],[77.36716100760917,23.241586779990794],[77.36743846334048,23.24176949483411],[77.36796630437082,23.24197250993243],[77.36809488123485,23.242080786391977],[77.3683994036103,23.2421687588061],[77.36861595533814,23.24221612909897],[77.36886634052418,23.242209361702205],[77.36909642485317,23.24215522468762],[77.36927913950754,23.242155224732844],[77.3694347854385,23.242249964870044],[77.36960396522318,23.24229056889248],[77.3698002132328,23.242290569314672],[77.37000999583117,23.24230410285887],[77.37024008129383,23.24230410277551],[77.3706731805187,23.242304102613513],[77.3707363716317,23.24231935586125],[77.37086943010912,23.24235147305948],[77.3710115412168,23.242385309203804],[77.3711604188737,23.24233793914696],[77.37189804288704,23.242304103176135],[77.37201308539811,23.24229733601461],[77.37264920223457,23.242297336279567],[77.3729469576264,23.242229664137167],[77.37336652443659,23.242168759067876],[77.37346203762817,23.24209413917516],[77.37358307439712,23.241999579352182],[77.37369134936911,23.241871003048253],[77.37377255608831,23.241762726619342],[77.37390113155988,23.241674754102178],[77.37411768329433,23.24164768486122],[77.37430039661078,23.24164768536434],[77.37451694673739,23.24171535714835],[77.37467935959626,23.24181009815954],[77.37482147105658,23.24187100331252],[77.3749365133537,23.241891304066154],[77.37512599373031,23.24183716692298],[77.37543728498694,23.241789795586616],[77.37571474029237,23.241749192692875],[77.37580271413103,23.241654452141933],[77.37595835935255,23.241525875950664],[77.37617490858237,23.241424368453416],[77.37667568130577,23.241404066208506],[77.37691929957607,23.24145143676938],[77.37716968739964,23.241471738393873],[77.37718806541663,23.241470938826343],[77.37732533180228,23.241464971199548],[77.37750804577728,23.241444668590653],[77.37765692406403,23.241363463202113],[77.37796821499421,23.24125518761363],[77.37807649046444,23.241160447059045],[77.37831193363272,23.240744356024592],[77.37839124466034,23.240622047021603],[77.37867609725473,23.240196299331853],[77.3789054231934,23.240041030104916],[77.37967815359562,23.23953344064832],[77.37949958830302,23.23903348234395],[77.37943917309819,23.23885681438821],[77.37937928187752,23.238535861171854],[77.3793025164213,23.23807257395399],[77.37916549001012,23.23785304525805],[77.37910399420575,23.237738314435227],[77.37881987584001,23.237347329847758],[77.37826929144224,23.236337308656793],[77.37791694142892,23.235774153300035],[77.37789383429977,23.23572415689937],[77.37766334867035,23.23518146709033],[77.37764837959068,23.234549057139752],[77.37707958373953,23.234323730107864],[77.37700618511877,23.234291613893845],[77.37689427367377,23.233592442719928],[77.37686580146517,23.23338983901564],[77.37686128591142,23.233386351378137],[77.37685790163991,23.23336520624211],[77.37684112562265,23.233330675759888],[77.37638521465475,23.233011013345397],[77.37616925287044,23.232851607298137],[77.3755070439987,23.23233990780567],[77.3755165322243,23.232128522921442],[77.37559973572966,23.231074823249163],[77.3757089176388,23.230525294183593],[77.37603502442283,23.229626861728914],[77.37616946155948,23.22928305283727],[77.37616064571166,23.229051643145993],[77.37610554821548,23.228705631124587],[77.37612979084793,23.228619678010322],[77.37614742255879,23.22843454970146],[77.37608571309735,23.22813041194],[77.37624439386938,23.227863739430447],[77.37650225053464,23.227544172838087],[77.376826224621,23.227184937467225],[77.37695184823278,23.227061517940246],[77.37713477223417,23.22680145778838],[77.37743670625674,23.226417977857725],[77.37754910498015,23.226358472783307],[77.37772762156945,23.226199791821145],[77.37789952567334,23.22602347986109],[77.3780427799739,23.225897857311345],[77.37839981232442,23.22567746711094],[77.3785033956544,23.225558456333864],[77.37868191247829,23.225424018299766],[77.3791072647276,23.225168365051598],[77.37938054960863,23.225003071730832],[77.37951719165777,23.224917120383022],[77.37995576797623,23.224487358891174],[77.38041638434468,23.224143550120623],[77.38063292354535,23.224261921131234],[77.38078727075049,23.224364325649848],[77.38115411929877,23.2247937036815],[77.38131878289138,23.225139708198835],[77.38141049463404,23.22529186671845],[77.38151888175814,23.22550655626671],[77.38169125337824,23.22583261538268],[77.38187605267672,23.226098613138408],[77.38226606481535,23.22694608178746],[77.38242131420614,23.227445176292438],[77.38253847719666,23.22787721390068],[77.38274717296169,23.227965086128453],[77.38292291723087,23.228274468540434],[77.38329553916276,23.228530868646477],[77.38335202777546,23.228569739379132],[77.38370966786027,23.228671951733364],[77.38411603207494,23.228758119097844],[77.38438342819731,23.22882405108044],[77.38490312783793,23.229101458645818],[77.38491563759302,23.229119422174936],[77.38498245451665,23.229215364024032],[77.38507805398291,23.229365882424318],[77.3851533129125,23.22943910703584],[77.38523874200878,23.229465549139622],[77.3853207780612,23.229495272289263],[77.38551943713041,23.22956724995466],[77.38605031734748,23.229860149752483],[77.38613283402752,23.22990535384029],[77.38651814263235,23.23011643714254],[77.38669395742066,23.229940622893476],[77.38669733880779,23.229941026662637],[77.38694013755618,23.23006914775053],[77.387358101413,23.23029680773271],[77.38736033033751,23.230290877744295],[77.38736886749386,23.23029538263318],[77.38752583956698,23.22985175998751],[77.3875725017649,23.229850985062544],[77.38763326651156,23.229856507700646],[77.38759155007362,23.23039951915231],[77.38756964011155,23.23146856436663],[77.38861768235213,23.2313655238544],[77.38862550536378,23.231417976745625],[77.388639795696,23.23172747075659],[77.38871948804125,23.232155573413202],[77.38877465799347,23.232418012897565],[77.38881373237895,23.232679993355312],[77.38892409951707,23.232912298937425],[77.38904852204784,23.233223141317193],[77.38910426840704,23.233642514583472],[77.38936303885289,23.23410708518066],[77.38962794091297,23.23434349238672],[77.38993393866006,23.234579112873405],[77.39003476493669,23.23470569905396],[77.39016979157927,23.234875226319094],[77.39022105256049,23.234939584175656],[77.39043190164901,23.235131265342467],[77.39044115433246,23.235137234234063],[77.39053093680856,23.23519515818897],[77.39060760877332,23.235313360966092],[77.39068747645003,23.235552962103093],[77.39084401536283,23.235990632898698],[77.39092145885743,23.236175500325285],[77.39097780874705,23.236224434601677],[77.39100922643141,23.236248372255012],[77.39103914658726,23.236321678097195],[77.39106308334148,23.236396480326743],[77.39110646816322,23.236474274042628],[77.39115284642652,23.236540099931666],[77.39123213633556,23.2366119096376],[77.39125906491411,23.236625373957718],[77.39129347367685,23.236644822616285],[77.39134433877324,23.23667474281161],[77.39141016489498,23.236763009690907],[77.39147150226975,23.23680789075506],[77.39149992715177,23.23684828364632],[77.39151937620245,23.23688867694255],[77.39154032039701,23.236941038692052],[77.391565752571,23.2369874161308],[77.39158116463858,23.237015520397268],[77.39159118567767,23.23703379261462],[77.3916175900822,23.237061253596814],[77.39162858745932,23.23707269030651],[77.3916704761064,23.23710410726573],[77.39169890085115,23.237128044298913],[77.39176472643871,23.23719087812006],[77.39179464667735,23.23721930210183],[77.39184102467988,23.237261191303375],[77.39186944879573,23.23730008944272],[77.39190236235282,23.237340481946408],[77.39195023562667,23.237382371359832],[77.39199362112984,23.23739733078088],[77.39204598205268,23.23741678006321],[77.39210432775462,23.237439220416775],[77.39214322503199,23.237479612846553],[77.39216416896251,23.237512525721083],[77.3922015701218,23.237575359579147],[77.39227637337903,23.23767559528117],[77.39230778884854,23.23769055473364],[77.39235715911533,23.237715988342845],[77.39238558446178,23.237744412771676],[77.39241251157287,23.2377818141175],[77.39245739441846,23.237819215165388],[77.39250377075066,23.23784764042152],[77.39258156508704,23.23789700898221],[77.39266235103747,23.237970315160144],[77.3928433716187,23.238175272579877],[77.39296006340957,23.23832038885855],[77.39305730612864,23.23844156781592],[77.39307306008146,23.23846651165379],[77.3930752578178,23.238469993362273],[77.39310368334783,23.238507393690988],[77.39315155701156,23.23855526659961],[77.3932323427949,23.238628573218296],[77.39326076762838,23.238656998321066],[77.39329816938034,23.238685422809745],[77.39334155396024,23.238704871162476],[77.39340289094328,23.23871833607119],[77.39346871701039,23.2387288076768],[77.39347046644345,23.238729547409893],[77.3935076138445,23.238745264206724],[77.39355099999074,23.238760224797588],[77.39358391175669,23.238772192941745],[77.3936437542122,23.238802114102572],[77.39369013109781,23.23883053882956],[77.39373501326266,23.238863451768914],[77.39377540579518,23.23889486770955],[77.39382327934175,23.238917309374063],[77.39389493326229,23.2389457098948],[77.39395882601166,23.238955293613984],[77.39401952478896,23.238952099229543],[77.39407383480011,23.2389457096214],[77.39419842710065,23.238977657020296],[77.3943933023433,23.239105444321666],[77.39471596459101,23.239284346405714],[77.39485030194497,23.239374604216835],[77.39512082923217,23.23955636369295],[77.3951248839713,23.239559088193],[77.39527822782682,23.23970923821905],[77.39545074064009,23.239939254935866],[77.39555935983516,23.24007343083249],[77.39581173933462,23.240229971371974],[77.39618392061264,23.240491986382377],[77.39628455176987,23.24053346486291],[77.39654012567622,23.24060055269806],[77.39676694799091,23.24060694259996],[77.39680585635531,23.240608053589472],[77.39699057507798,23.240613332008728],[77.3972525392031,23.240667641115],[77.3972592132956,23.24067054283255],[77.39736358169267,23.24071592133086],[77.39747297208167,23.240763481636645],[77.39807059547236,23.24115992509132],[77.39843577226698,23.240721391281586],[77.39874450202772,23.240350641988478],[77.39959176011799,23.239502961736648],[77.40026348437674,23.2388376957924],[77.40090291419254,23.238133676614307],[77.40094075383357,23.23804648127775],[77.40105146939774,23.23779135571845],[77.40114189259666,23.237513623727903],[77.4012995234715,23.237641392071833],[77.40226310884223,23.23835347139612],[77.40306004193549,23.23894773624055],[77.4030084891369,23.239014365306584],[77.40284019939773,23.239246585973248],[77.40252417313167,23.239675968131746],[77.40204631162875,23.240289434463822],[77.40192176978783,23.240476744418796],[77.40147965779396,23.241108038916206],[77.40127196828074,23.241418545851307],[77.40108072920368,23.241689981776304],[77.40106235204745,23.241713363574874],[77.40098338103006,23.241816480151535],[77.40095544129197,23.2418529618417],[77.40122976272,23.242107374283567],[77.40132151223288,23.242213999819878],[77.40139347200308,23.242297628806302],[77.40112025769203,23.2424421230837],[77.40076202490528,23.24263157863461],[77.40085084267257,23.24276388267974],[77.40178456347505,23.243933321976222],[77.40183426366562,23.243996531355855],[77.40183493624032,23.243996410843682],[77.40184023031964,23.244003042124838],[77.40188237652951,23.24398796096785],[77.40193622819132,23.243978367718512],[77.4021609017369,23.24420338516672],[77.40228144891033,23.244328811349483],[77.40245959672265,23.244467334221163],[77.4028189716903,23.244754074999147],[77.4031679724083,23.244969089715042],[77.40343697774206,23.245089246801143],[77.40384751728656,23.245283235685708],[77.40409179214097,23.245406275928765],[77.40453879702045,23.245763673282127],[77.40476786970373,23.24609793466945],[77.4047982745449,23.24622352563551],[77.40481806671127,23.246320806101398],[77.40478223297428,23.246433028076417],[77.40469110738343,23.246510864603042],[77.4045336799533,23.246643901767083],[77.40446673263338,23.24666373821097],[77.40429421401709,23.24671485483886],[77.40423926219684,23.246725645337815],[77.4038086310515,23.246810197969626],[77.40360464181249,23.246861195019438],[77.40346938812013,23.246918843917726],[77.4033585243172,23.246956537981585],[77.40309910349536,23.247031925190058],[77.40303760155008,23.24705267721849],[77.40273768744625,23.247153875039146],[77.40253148049298,23.24728247731244],[77.40230310116094,23.2473866891815],[77.40189290662775,23.247499778096767],[77.40135410682977,23.247708194133004],[77.40126763303235,23.247741452808654],[77.40108359962312,23.24782349317175],[77.40079978809803,23.247972050248084],[77.4006268405937,23.24810508601056],[77.40043615532484,23.248266948415928],[77.40042769839464,23.248273431011384],[77.40027800237287,23.248388198102596],[77.40023660004523,23.248419940376845],[77.40014500305892,23.248461675000705],[77.39990718129552,23.248570034870184],[77.39941794572059,23.24875954190242],[77.39885980768136,23.24907551366286],[77.39869337651164,23.249180464686063],[77.3979860661341,23.24957070584506],[77.39796555000022,23.249573118875656],[77.39794837233528,23.24957513961765],[77.39789072323542,23.24957514010141],[77.39783085584253,23.249592877694948],[77.39776655519655,23.249632788904012],[77.39768008197848,23.249688221208974],[77.39765482447395,23.249741708135094],[77.39764238825305,23.249768042683012],[77.39761799764312,23.249841213041243],[77.39756921829269,23.24991438322364],[77.39752043805012,23.24998977079249],[77.39743839938554,23.250071809931583],[77.3973674455518,23.250147197252986],[77.39732310026855,23.25023588763631],[77.39763795340166,23.25055074081638],[77.39809244111414,23.251036439952227],[77.3980944592404,23.251035605897698],[77.39809487721561,23.251035432754914],[77.39885843088636,23.250597485055184],[77.39921939832462,23.250388623246344],[77.39922902195892,23.250384927277757],[77.39923631976288,23.25038074060904],[77.39938723096527,23.250324165101784],[77.39982743826266,23.25015509826508],[77.40003421818314,23.250113054171198],[77.40026689993499,23.250052441642413],[77.40065001943688,23.249987845409173],[77.40073851371547,23.24996985209844],[77.40106192238729,23.249990972713924],[77.40146173688257,23.249971346776178],[77.40176129094579,23.249950035813395],[77.40178810828162,23.249934644112855],[77.40190288719973,23.249856796343675],[77.40224403348545,23.24982284910907],[77.40275243338354,23.24976237618711],[77.40373971605673,23.249668169755665],[77.40374974675508,23.249673017815343],[77.40375997778138,23.249672000216183],[77.4040434024034,23.24980147716983],[77.40501136369345,23.25015253004139],[77.40521239988185,23.250217391907075],[77.40551602908427,23.250335557811546],[77.40568792752563,23.250397901033246],[77.4055515361269,23.25124021406063],[77.40555937514587,23.251242989690706],[77.40556036775514,23.251243342346434],[77.4056016920184,23.251257977216376],[77.4058596945812,23.25134935494661],[77.40603127012439,23.251443411678935],[77.40611429945528,23.251494046420433],[77.40638859173029,23.25157841478951],[77.40682486787972,23.251848254943887],[77.40683770547098,23.251853770002157],[77.40705250169185,23.2519574494404],[77.40735456135604,23.25231873576554],[77.40761406925236,23.25252453837405],[77.40766808100739,23.25256795978132],[77.40777730145876,23.252629781004035],[77.40797616567092,23.252746661314262],[77.40807024030346,23.25308185655772],[77.4081201596296,23.25330325898754],[77.40815997799915,23.253329957256817],[77.40821253959918,23.253372625406445],[77.40823499838464,23.25338025926553],[77.40824376209527,23.25338613461581],[77.40864464068522,23.25352286579427],[77.40864918703902,23.253532823947186],[77.40870006125567,23.25367615387898],[77.40870677415704,23.25385219570178],[77.40871353942683,23.253909799783575],[77.40871375601529,23.253918067330357],[77.40873918918454,23.25417991576822],[77.40877719083578,23.254509061362228],[77.40892054819294,23.25484357980767],[77.40895236274137,23.25491781868267],[77.40895864411988,23.254932475573323],[77.40986596121178,23.256230649694132],[77.40987180743394,23.256239015224168],[77.40990866331549,23.256285734960276],[77.41012158122552,23.25655564300238],[77.41013276394817,23.25656981931597],[77.41039956235326,23.256859494271623],[77.41040097199767,23.25686102493284],[77.41047711336758,23.25712493080043],[77.41047962391633,23.257641643220587],[77.41044428017169,23.257698314325435],[77.41043348733999,23.257717874029378],[77.41043382291507,23.25772441276338],[77.41046005292964,23.25823493133628],[77.4104812743326,23.25864797095346],[77.4105191864438,23.25880026005274],[77.41054219328846,23.258901430274463],[77.41054459598196,23.258911994396325],[77.41079527872348,23.26002860136586],[77.41089626662558,23.260574567703234],[77.41094986102098,23.260868006639125],[77.41099676739672,23.261357490209647],[77.41096750531531,23.262747951021137],[77.41092716288226,23.2628326599979],[77.41092301816852,23.262841363696683],[77.4107885597098,23.26288473694453],[77.41048060571039,23.262949798232068],[77.41009241186511,23.26301702671577],[77.40991241098584,23.26303654490768],[77.4099047097348,23.263034902727657],[77.40982678386459,23.263018278238054],[77.40955021583052,23.262782686673447],[77.40928104689706,23.26255029774901],[77.40901148516137,23.26219366998739],[77.40891481560824,23.26205196315649],[77.40882156339863,23.262025938134144],[77.40837264468425,23.26202810742875],[77.40822734293906,23.26203027617742],[77.40807770389084,23.26202810696074],[77.40796745494794,23.262066340633144],[77.4077285460575,23.2621690716766],[77.40737071254712,23.26234039833666],[77.40704541045638,23.26249003732413],[77.40679601158652,23.262631001275],[77.40652709542981,23.26277847162224],[77.40618977942485,23.262980789141885],[77.40591769465003,23.263073412850876],[77.40587270135187,23.263090076535608],[77.40581859738427,23.263110115924004],[77.4056834770872,23.263160160174294],[77.405429740728,23.263270763241547],[77.40504805180949,23.263444258126572],[77.40472925564185,23.263602572346652],[77.40439094120336,23.263776067303702],[77.40417840988687,23.26389968222127],[77.40396370991535,23.264090526127386]]]},"properties":{"zoneNumber":5,"zoneOfficerName":"Mr. Qamar Saqib","zoneOfficerMobile":"9424499905"}},{"type":"Feature","geometry":{"type":"Polygon","coordinates":[[[77.421616816669,23.279028680732903],[77.42116508081419,23.279298766306084],[77.42096191958981,23.279423052843676],[77.42107325084852,23.279606536246106],[77.42109590461679,23.279642890265343],[77.42117438753282,23.2797666765783],[77.42148996802575,23.280264427100683],[77.4220634563323,23.281152751183345],[77.4211280363505,23.281670521888454],[77.42110500731411,23.281635422833524],[77.4204028050976,23.2805521249528],[77.42008041971718,23.280039923041056],[77.41967982930777,23.27946768286505],[77.41943006366216,23.279106870460588],[77.4193116743792,23.278930971666817],[77.41769343281199,23.276744518328474],[77.41583908275949,23.274236033337612],[77.41575769644587,23.274036819949334],[77.4152444303861,23.272788055548258],[77.41521876168264,23.2727213185732],[77.4146677715652,23.27119737977261],[77.41452914048881,23.270782265405888],[77.41426530775128,23.27006945685607],[77.41392177309939,23.26929368881691],[77.41345613455655,23.267911017583693],[77.41314722145907,23.26718416788382],[77.41302571284359,23.266832266750487],[77.41237873576421,23.264978525973753],[77.4121324344327,23.263952764336803],[77.41207191686577,23.2637114841797],[77.41192329793273,23.262823283915786],[77.41195710921976,23.26229300581721],[77.41196238343743,23.26217481041508],[77.4121859927562,23.261325905662975],[77.41119429854874,23.2613522442488],[77.41100107076278,23.261357376354916],[77.41099676739672,23.261357490209647],[77.41094986102098,23.260868006639125],[77.41089626662558,23.260574567703234],[77.41079527872348,23.26002860136586],[77.41054459598196,23.258911994396325],[77.41073983110583,23.258989363644602],[77.41108172211416,23.259060057061433],[77.41152204010046,23.259111357590537],[77.41187639838317,23.259106017246687],[77.41215767183967,23.259040459415523],[77.41231499674969,23.258957428362137],[77.41296992668588,23.258588460306793],[77.41311921156627,23.25849715302936],[77.4135032959292,23.25826032780207],[77.41351195489705,23.258256939369996],[77.41352002032095,23.258252005859696],[77.41364790090677,23.25820372711622],[77.41379622908788,23.25814566834827],[77.41380740901299,23.258143506667103],[77.41380818614606,23.25814321278072],[77.41385745219227,23.258133831132316],[77.41439729418131,23.258029460640966],[77.41439189933155,23.258184084356554],[77.41438187260745,23.258445862588996],[77.41430487190864,23.258584810046045],[77.41425145263766,23.25865595379731],[77.41417053498083,23.258758614103385],[77.41403509695645,23.258904355866548],[77.41404192349482,23.25891244229536],[77.414040690662,23.25891386269503],[77.41434300825739,23.259271682961298],[77.41479971997457,23.259769111346213],[77.4148737953074,23.25985189574385],[77.41500902268183,23.260057717909362],[77.41502545635971,23.260128063315776],[77.41510253510397,23.260458024976714],[77.4151030181561,23.2604600933413],[77.41511766504271,23.260649985603575],[77.41512805810541,23.260784716869125],[77.41512285128768,23.260811514704447],[77.41507516922256,23.2610569347075],[77.41493604207135,23.26127332037084],[77.41488828048932,23.261319351270764],[77.4147829639624,23.261412303957563],[77.41471756281337,23.26146664542825],[77.41471711560371,23.261470422712637],[77.41470992937337,23.261487925733455],[77.41467228611641,23.261579594836387],[77.41472007070207,23.261694712940614],[77.41484339454075,23.26195136795592],[77.4149631712276,23.2621395871924],[77.4150782804254,23.26242580576889],[77.41526494530709,23.26267780227903],[77.41548248420801,23.262922977865422],[77.4155510120939,23.262981513153743],[77.41563238991378,23.262977229689604],[77.41587223919622,23.262944393100003],[77.41593625885132,23.262927923289734],[77.41619029002725,23.26286257128402],[77.41621630938924,23.2628558773555],[77.41647043592121,23.262851593808076],[77.41669600936706,23.262855877362483],[77.41680022907651,23.262887285954],[77.41700010371241,23.26301292057839],[77.41787669694193,23.262992934211393],[77.4185248627874,23.26300578287687],[77.41860909501975,23.263017204303488],[77.4196627207987,23.263499758839643],[77.42051373992263,23.263895551300678],[77.42078445369052,23.264018941352333],[77.42196448128907,23.264635272308098],[77.42200657483903,23.264562253749833],[77.42202004326853,23.264538891729973],[77.42201852363655,23.264423320943614],[77.42202118818587,23.26423774930278],[77.42202118816975,23.26413011723648],[77.42204294263186,23.263982408724218],[77.42207233659329,23.263897376350208],[77.4221070653569,23.26379691422411],[77.42212881959641,23.26354615346057],[77.42214943066075,23.263291956926505],[77.42217805636372,23.263259896741594],[77.42222729192197,23.263233561123883],[77.42226278777301,23.26322096568339],[77.42232347533181,23.26319348493054],[77.42252637110188,23.263133250340257],[77.4225433199813,23.2631282191566],[77.42263377724677,23.26309386758577],[77.42282843139293,23.26302974573919],[77.42289713302608,23.262991960373213],[77.42297843004708,23.26295188496866],[77.42300820099585,23.262891197733655],[77.42301507071116,23.26284883243419],[77.42301621615121,23.26280188562625],[77.42301621554809,23.262777840254106],[77.42301605135671,23.262733245121083],[77.42300133044586,23.26268394776031],[77.42297728492673,23.26257860603232],[77.42298758960692,23.262514484273222],[77.42303339115524,23.262477843177386],[77.42313644389803,23.262438913354856],[77.42330819759577,23.262434332448112],[77.42343186077849,23.262435476639194],[77.42352231776842,23.262437767950114],[77.42356697360864,23.262433186695976],[77.42366773585222,23.262413722259527],[77.42367879419936,23.262411571751127],[77.42374875231955,23.262377809323002],[77.42375038375317,23.262376402285078],[77.42375220931935,23.26237553256566],[77.42382144392774,23.262318371726717],[77.4238507581308,23.262273285417276],[77.42387637890795,23.262238467304574],[77.42391714667268,23.262148885184782],[77.42393266726555,23.262115978423303],[77.4239330837408,23.262113865988418],[77.42393378404495,23.26211232816335],[77.42393570744434,23.262100588406344],[77.42395918868709,23.261981716847355],[77.4239557743434,23.26182251467131],[77.42395392046829,23.26173610481982],[77.42395351381371,23.26171718924865],[77.42406356758866,23.261725202981857],[77.42440185176383,23.261823944230557],[77.42459669234879,23.26188766813286],[77.42470841158021,23.261924207424013],[77.4247199887514,23.26192924088564],[77.42492732229903,23.26201938542571],[77.4254919242058,23.26219007869741],[77.42549383040642,23.26219072788582],[77.42643491232265,23.26249283035686],[77.42666785019837,23.26266454881307],[77.42676735333322,23.262774300282132],[77.42703306541283,23.262586946730874],[77.42773243923625,23.2621030536891],[77.42790772317917,23.261985088061678],[77.42816360535089,23.2618063079559],[77.42834395674521,23.26167994685474],[77.42992400453748,23.260586718586513],[77.42992637788987,23.260585076823734],[77.42995263874622,23.2605657565965],[77.43142121355035,23.25948532639128],[77.43169183842822,23.259285758071176],[77.43184545727283,23.25908955172141],[77.43190331686047,23.259012596977495],[77.43367504885612,23.25787869128054],[77.43378668593387,23.257786771624843],[77.43402704639347,23.257453720783392],[77.43375120429153,23.25715638378994],[77.43387085865629,23.256701652348198],[77.43387104488153,23.25670168172223],[77.43387191959704,23.256698090287475],[77.43453693388552,23.25681051696555],[77.43457217659214,23.256816474820962],[77.43460200893509,23.25752486413254],[77.43458124758638,23.257685962764086],[77.43449022024721,23.25781238995349],[77.43444647005808,23.25787315286125],[77.43444851685895,23.257874230062683],[77.43529944432117,23.25856589326186],[77.43555881792494,23.25881161459488],[77.43582708956532,23.25905825236782],[77.43589436257783,23.25904223475247],[77.43604116160293,23.259007283282173],[77.43612825811518,23.258975473949004],[77.43630281136261,23.25891172359734],[77.43658721184973,23.258813890454753],[77.43680504212371,23.258741280340534],[77.43683284971523,23.258732011127],[77.4368397600412,23.258729707728214],[77.43686478666461,23.259582909650522],[77.43687161311696,23.25996287013946],[77.43685949045941,23.25996286999795],[77.43652805581938,23.259962870192425],[77.43613899621434,23.259976521136117],[77.43583184305865,23.2599719709004],[77.43583292499605,23.260020141008436],[77.43584094432445,23.260376957554467],[77.4359933831941,23.260918456693798],[77.43609349163914,23.261259738396106],[77.43636196587413,23.2612187843124],[77.43646307466756,23.261200320722157],[77.43662361528924,23.261171005199817],[77.43680790692915,23.261143702399714],[77.43704735546719,23.261054153139707],[77.43708775718433,23.261039043271946],[77.43741993657844,23.260968510842243],[77.43743224171969,23.2609794982165],[77.43747536867777,23.261018003720054],[77.4374836427451,23.261025391751165],[77.43764290819445,23.261075445677797],[77.43865992482844,23.261186930641646],[77.43848018401088,23.261940024905876],[77.43842447955177,23.262079283173144],[77.43839861532042,23.262144738799368],[77.43814142272981,23.26279560626541],[77.43797120921892,23.263200480901386],[77.43901679404458,23.26337805269889],[77.439214984754,23.263405512070403],[77.43948825214522,23.263439252148146],[77.43948771113473,23.26344329800846],[77.43948933719352,23.263443522857706],[77.43918992371408,23.26566968527472],[77.43957455871747,23.265678190157026],[77.43982688978659,23.265673657800487],[77.43995451791571,23.26567136515536],[77.44015701242401,23.265682740988705],[77.4401310686072,23.26603482777672],[77.43974747366615,23.266087727960908],[77.43982420726392,23.266726437116457],[77.43825723960124,23.26686658482424],[77.43742174701198,23.26690762294857],[77.43741788069582,23.266907451237618],[77.43587927084086,23.266940900381677],[77.43461877618854,23.266968290574983],[77.43364273776598,23.267009888585704],[77.43346946875114,23.267014853231306],[77.43321842295265,23.267262774673586],[77.4328395055945,23.267675643229833],[77.43266249154698,23.26800707746003],[77.43255315353882,23.268278677060863],[77.43224581222434,23.268805708825894],[77.43190834610961,23.269375977642113],[77.4315228590685,23.270072920866696],[77.43126513877766,23.27036237658177],[77.43098971239814,23.270573415064735],[77.43082111017449,23.27070033132309],[77.43075785036352,23.2708371787885],[77.43075625905485,23.27089367436343],[77.4307552682923,23.270928841225608],[77.4307875428042,23.271012756869883],[77.43075139518686,23.271329057176697],[77.43074106563886,23.271743473598974],[77.43075397672254,23.271895815021523],[77.43082627361304,23.27203137186888],[77.43088763114642,23.272087346604273],[77.43089986173158,23.272098505208632],[77.43092289703227,23.272114005840127],[77.43110513360898,23.272236643873807],[77.43123423647826,23.272339925383044],[77.431458872923,23.272577473420125],[77.43147408466596,23.272589333138548],[77.43153504303031,23.272636860102754],[77.431554434605,23.272709305192297],[77.43160346712905,23.272892480969748],[77.43167318233672,23.27302803783766],[77.43181002982699,23.27328753266783],[77.43189265551837,23.2735186256266],[77.4320359594459,23.273651601103246],[77.43208772786784,23.27376696984067],[77.43211564690183,23.27415162597235],[77.43211897956142,23.274217744125263],[77.4321267879552,23.27437264387711],[77.43219425909662,23.274602978628657],[77.4321955059122,23.274615861177455],[77.43218215618225,23.274639890855866],[77.43215107989515,23.274653209281233],[77.43208757941662,23.27468495957218],[77.43208004758763,23.274688724843923],[77.43207503805861,23.274690547023337],[77.43198237963458,23.274724241110075],[77.43184919467191,23.2747952729937],[77.43167161611404,23.274866305378296],[77.43160946255806,23.274910700458197],[77.43158282617158,23.274937336435254],[77.43156969437561,23.274961958588055],[77.43154730952463,23.275003928919684],[77.43149403556141,23.275035005464506],[77.43141856481652,23.275074959637188],[77.43136973078117,23.2751060370556],[77.43132533614605,23.275101596904776],[77.43118771158136,23.2751015967308],[77.43111668030794,23.27510159698471],[77.43104120933842,23.27512823426536],[77.4310302083321,23.27513373470933],[77.4309790562327,23.275159310595562],[77.43089470637203,23.275194827357442],[77.43084382691322,23.275237225147865],[77.43076152140006,23.275305814194173],[77.43063277576017,23.27536796572682],[77.43053281980912,23.275402434156923],[77.43050403097723,23.275412361445408],[77.43039304396093,23.275465635162846],[77.43030249800523,23.275496680436078],[77.43023766208282,23.275518909103347],[77.43009559789758,23.275558863688374],[77.42997573241529,23.275558863621097],[77.42982035010039,23.27555886381919],[77.4296827256844,23.27555886417309],[77.42961306233775,23.275558864181058],[77.42958061804951,23.275558864108884],[77.42943411458747,23.275541105667504],[77.42936308294418,23.27552778838102],[77.42930093021312,23.275505590688038],[77.42924765744215,23.275483393094184],[77.42916330594664,23.275447877254646],[77.42908339639104,23.27541236132167],[77.42904444660435,23.275437035320497],[77.42895605517987,23.2754930296877],[77.42882226925343,23.27560334577057],[77.42875893357568,23.275880816243884],[77.42888258904249,23.276592588306915],[77.42898790978201,23.277367864714623],[77.42899116384777,23.277391822617442],[77.42859305496303,23.27727721517904],[77.42826831781902,23.277169950134642],[77.42792652343154,23.277057048577333],[77.42733840678349,23.276848946453303],[77.42665076305214,23.276634810575707],[77.4255650099354,23.276351309203505],[77.42509451666064,23.276272894231415],[77.4245456076637,23.276209557577975],[77.42468252355772,23.276486756284754],[77.42491355821117,23.27695450509316],[77.42526944374595,23.277630084947674],[77.42539599052526,23.277900633750843],[77.42551806327607,23.278161615734632],[77.42558444132807,23.27830207999324],[77.42511358499843,23.27848611969476],[77.42477657623938,23.278641479043937],[77.42430518354656,23.278802640836155],[77.42398765173864,23.27897521343793],[77.42317936858784,23.279319034336734],[77.42276316362107,23.279472849120882],[77.42248035606829,23.279204845149017],[77.42220718037794,23.278923514640155],[77.42204465135394,23.278775325591422],[77.421616816669,23.279028680732903]]]},"properties":{"zoneNumber":10,"zoneOfficerName":"Mr. S.M.Hamid Rizvi","zoneOfficerMobile":"9424499910"}},{"type":"Feature","geometry":{"type":"MultiPolygon","coordinates":[[[[77.41732220553122,23.278843005723907],[77.41690808080851,23.278870461927973],[77.4168976332123,23.278871154611586],[77.41687264886392,23.27887281111729],[77.41601290129046,23.278987443890955],[77.41563001960199,23.27905685515299],[77.4154003313504,23.279098494626485],[77.41498120523187,23.27922029223859],[77.41447968458836,23.2794101528809],[77.41415939706914,23.279542580123586],[77.41412626125971,23.27955628115079],[77.41373457092614,23.27971822938609],[77.41336332219521,23.279802409172543],[77.41336032114715,23.279804585011757],[77.41227255865529,23.280843537705383],[77.4080554414689,23.284871219310777],[77.40750336900041,23.28542233178818],[77.40690016423619,23.286023217042928],[77.40638197867648,23.28646965382353],[77.40618933114325,23.286635627060317],[77.40614615825463,23.286672821934904],[77.40528774969921,23.287273706669726],[77.40471238640156,23.28767739116828],[77.40430870233513,23.28790707337431],[77.4033916235362,23.28843212193589],[77.40330114933046,23.288485952640173],[77.40330100948391,23.2884840019771],[77.40329349767855,23.288381476700277],[77.40323100896767,23.287694638922137],[77.40317711196076,23.2870220912941],[77.40313727386776,23.28639640971608],[77.40309977953386,23.285815254008916],[77.40314457599396,23.285427336395134],[77.4032486006106,23.284526508392442],[77.403293916025,23.284300888921805],[77.4034019112796,23.283688639700415],[77.4034709120486,23.283297057703038],[77.40357590237083,23.28264039395836],[77.40364935105667,23.282164242962892],[77.4037149437717,23.28171308492485],[77.40371883500517,23.281680661446387],[77.40372476918465,23.2813934740944],[77.40361382876637,23.279712444423883],[77.40353150778932,23.278763852400864],[77.40353141482207,23.27876336427791],[77.40305471014575,23.276252617549666],[77.40304905411992,23.276222826838424],[77.40286152933388,23.276236284132217],[77.40254274663938,23.276298575450344],[77.40240694029502,23.276347647731],[77.40232472904026,23.27637735425783],[77.40217449920266,23.27652025681415],[77.40189235786433,23.27690132921913],[77.40168350055328,23.27719262986509],[77.40148930043911,23.277469273864497],[77.40146914734355,23.277551717887633],[77.40153327014593,23.277987753017552],[77.40160838570185,23.278163632654817],[77.40172747087938,23.278445773292372],[77.40172563890171,23.278513560390234],[77.40164029182486,23.278598907026545],[77.40157174430098,23.27866745512676],[77.40153784790596,23.278688717285405],[77.4013702152084,23.27879386937183],[77.40120532797255,23.27889280138756],[77.40109906670777,23.278995397779568],[77.400907092297,23.279192094265834],[77.40087555265733,23.279224408283508],[77.4008472227835,23.279237523866037],[77.40077662112452,23.279270210220066],[77.40063921480905,23.279284866192018],[77.4005970768642,23.279284866383083],[77.40050547343569,23.279286698234493],[77.40043402243207,23.279306850688158],[77.40039794056688,23.279146491203477],[77.4003845558986,23.2790870022634],[77.40035707355804,23.278852494887342],[77.4003057756111,23.278559362232397],[77.40031493747387,23.278269894149084],[77.40033325703016,23.27786317188867],[77.40037985362505,23.277352334781625],[77.3998001216,23.2773355322393],[77.39967737198789,23.27735568467235],[77.39954363131991,23.277401487422047],[77.39895261188924,23.277679511060615],[77.3989207232402,23.277690955816976],[77.39867155974359,23.277265913035702],[77.39848747914213,23.27694313030135],[77.39827766298563,23.27657521942303],[77.39826117444227,23.276551401786907],[77.3982444809465,23.276559852074794],[77.39752284562307,23.276925145716064],[77.39667092750523,23.277366677843723],[77.39656100334372,23.27715598916237],[77.3966369933209,23.276977508344245],[77.39662512642494,23.276712625012745],[77.3966045021778,23.2765974720704],[77.3965811561363,23.27646712634501],[77.39655748511662,23.276144129587827],[77.39656521325011,23.27614523109338],[77.3966116602442,23.276150941968893],[77.39662354004422,23.27615185380224],[77.3968013340197,23.276175410395105],[77.39701976921155,23.27612447983876],[77.39722235972306,23.27607128540582],[77.39773884575462,23.275923370685206],[77.39779349626296,23.27590897431354],[77.39836358034441,23.27575550860889],[77.39840140181057,23.27572153943693],[77.39870508027444,23.275419329874616],[77.39888895339027,23.275214171855215],[77.39891066358763,23.27519390802374],[77.39897736803556,23.275131651781624],[77.39907314987872,23.274978400037277],[77.39916598531157,23.274792730205064],[77.399258667662,23.274651629767163],[77.39926471412944,23.27464242638639],[77.39986887853586,23.274536328737078],[77.40078132261577,23.274411524310537],[77.40094409463795,23.274385856856025],[77.40124961527525,23.27436097357609],[77.40144048573019,23.274778015816853],[77.40168102263497,23.274882650395178],[77.40198283244207,23.27483599840153],[77.40212708925452,23.27455911359561],[77.40221152992004,23.27439484777624],[77.40224289743718,23.27423568189608],[77.40227428027094,23.274075068964194],[77.40236208213024,23.274042193955744],[77.40236143021654,23.274039909566692],[77.40209023055402,23.273099760141616],[77.40178358576836,23.27203672870031],[77.40150849535573,23.272118688698846],[77.401309743297,23.27217527639556],[77.40064093522444,23.272197442652313],[77.39913317593621,23.272263097444053],[77.3991479163526,23.27218939693686],[77.39921485052791,23.271416840597844],[77.39938725809475,23.270435482010168],[77.39940021608795,23.270433605419715],[77.39940244208171,23.270421797107044],[77.40017199607935,23.270307984435313],[77.40084705281309,23.270182972682406],[77.40105207175813,23.27012383287696],[77.40088205646981,23.26913288383269],[77.40078704789707,23.268507832451654],[77.4007370442787,23.26774276724138],[77.40070128289769,23.267246084363236],[77.40058681332386,23.266383775007352],[77.40058896472564,23.26638298927315],[77.40059652494025,23.266380212016106],[77.40263450413293,23.265651952775503],[77.40428893664829,23.265034591073196],[77.40401940517502,23.2644331928119],[77.40389945956483,23.26417485577214],[77.40396370991535,23.264090526127386],[77.40417840988687,23.26389968222127],[77.40439094120336,23.263776067303702],[77.40472925564185,23.263602572346652],[77.40504805180949,23.263444258126572],[77.405429740728,23.263270763241547],[77.4056834770872,23.263160160174294],[77.40581859738427,23.263110115924004],[77.40587270135187,23.263090076535608],[77.40591769465003,23.263073412850876],[77.40618977942485,23.262980789141885],[77.40652709542981,23.26277847162224],[77.40679601158652,23.262631001275],[77.40704541045638,23.26249003732413],[77.40737071254712,23.26234039833666],[77.4077285460575,23.2621690716766],[77.40796745494794,23.262066340633144],[77.40807770389084,23.26202810696074],[77.40822734293906,23.26203027617742],[77.40837264468425,23.26202810742875],[77.40882156339863,23.262025938134144],[77.40891481560824,23.26205196315649],[77.40901148516137,23.26219366998739],[77.40928104689706,23.26255029774901],[77.40955021583052,23.262782686673447],[77.40982678386459,23.263018278238054],[77.4099047097348,23.263034902727657],[77.40991241098584,23.26303654490768],[77.41009241186511,23.26301702671577],[77.41048060571039,23.262949798232068],[77.4107885597098,23.26288473694453],[77.41092301816852,23.262841363696683],[77.41092716288226,23.2628326599979],[77.41096750531531,23.262747951021137],[77.41099676739672,23.261357490209647],[77.41100107076278,23.261357376354916],[77.41119429854874,23.2613522442488],[77.4121859927562,23.261325905662975],[77.41196238343743,23.26217481041508],[77.41195710921976,23.26229300581721],[77.41192329793273,23.262823283915786],[77.41207191686577,23.2637114841797],[77.4121324344327,23.263952764336803],[77.41237873576421,23.264978525973753],[77.41302571284359,23.266832266750487],[77.41314722145907,23.26718416788382],[77.41345613455655,23.267911017583693],[77.41392177309939,23.26929368881691],[77.41426530775128,23.27006945685607],[77.41452914048881,23.270782265405888],[77.4146677715652,23.27119737977261],[77.41521876168264,23.2727213185732],[77.4152444303861,23.272788055548258],[77.41575769644587,23.274036819949334],[77.41583908275949,23.274236033337612],[77.41769343281199,23.276744518328474],[77.4193116743792,23.278930971666817],[77.41943006366216,23.279106870460588],[77.41967982930777,23.27946768286505],[77.41960592785236,23.2795176218567],[77.41909724507967,23.279170140649292],[77.41873201707725,23.279029839836127],[77.41850975058301,23.27894445725861],[77.41792225709422,23.27884415307656],[77.41752104117535,23.27882982438394],[77.41732220553122,23.278843005723907]]],[[[77.4048081974458,23.263482106874243],[77.40439309609451,23.26368002362893],[77.40420743854256,23.263750083847803],[77.40408133176719,23.263839409259525],[77.40395697741737,23.263972522076497],[77.40384905530946,23.26405941887516],[77.40364696458613,23.263734320397468],[77.40337548510726,23.2633542486582],[77.40333626295391,23.263336287193063],[77.40333190015525,23.263330160939095],[77.40315126910532,23.26325038941473],[77.40308730425889,23.26322292442424],[77.40305496410191,23.26321413001983],[77.40299891646835,23.263215881974624],[77.40281325903744,23.263384023695675],[77.40269731836514,23.263425816600872],[77.40256454904436,23.263448828793464],[77.40238239505261,23.263469846046103],[77.4022568142744,23.263503656637265],[77.40213018053186,23.2635136327161],[77.40210106066628,23.26352270260542],[77.40195365028056,23.263245502866983],[77.4017150804397,23.2632824383639],[77.40171858277108,23.26318435537485],[77.40167367109224,23.262794587864647],[77.4015225506593,23.262009968692922],[77.40152131457363,23.26198714832101],[77.40154770509231,23.261846954118248],[77.40156158101634,23.26179541478325],[77.40151461158855,23.261581622746395],[77.40151797138647,23.261504021647664],[77.40152986453295,23.261468340922143],[77.40154175845981,23.26144455375223],[77.40155959900804,23.261432660657437],[77.40159329724514,23.261424732168855],[77.40165078337964,23.261422749157717],[77.4016884464429,23.261434642703843],[77.40173205624286,23.261454466363908],[77.40177764828228,23.261494111322087],[77.40180738184927,23.26151591571762],[77.40184108056329,23.26154565033346],[77.40187874432121,23.261583313377383],[77.40189886224688,23.26159794487325],[77.40190054864063,23.261599171102578],[77.40194415763322,23.26160710024003],[77.40198554956775,23.261599250998113],[77.40197983897248,23.26146635868968],[77.40196596313476,23.261367246193846],[77.40196398103991,23.261099640161664],[77.40195208770034,23.260594162226052],[77.40194415826068,23.260152116812733],[77.40194019350815,23.259652585611004],[77.40193622859282,23.259147108104305],[77.40192514986639,23.258909695435577],[77.40171223273416,23.258913200606216],[77.40170351421759,23.258898730200123],[77.40167696223882,23.25885466519088],[77.40161906719118,23.25875858395363],[77.40162897770853,23.25841763404546],[77.40169396807642,23.258407372833528],[77.40173541910939,23.258400827973368],[77.40174196711696,23.258399793650927],[77.40198899127338,23.258376354074688],[77.40196596343242,23.258211478622627],[77.40193622854571,23.257880440129235],[77.40192830005003,23.257628692102433],[77.40191838933067,23.257204486826886],[77.4019144242462,23.256722796638524],[77.401920371382,23.256126134814124],[77.40190451279946,23.255781220268464],[77.40191435371813,23.255596440337975],[77.40185846504794,23.2554583968988],[77.40182501105402,23.25541882456784],[77.40170148877488,23.255272706061845],[77.40158854299673,23.255083187107036],[77.4015483413971,23.254943440052177],[77.4015747999501,23.254939261694027],[77.40169895973038,23.254919658093215],[77.40176657623176,23.25490898227752],[77.40200728697113,23.25488324479685],[77.40207095557977,23.25487643799229],[77.4020856112597,23.254873994849877],[77.40208817328687,23.254873568073855],[77.40211690094098,23.254868781383067],[77.40217624542427,23.25484389424206],[77.40233513453308,23.254788377791726],[77.40250934044944,23.25473477669689],[77.40264334359391,23.25471371930651],[77.40264143044193,23.254740519938903],[77.40266958363834,23.25494204410647],[77.40294903601259,23.254887575308217],[77.40329382635011,23.254889842174627],[77.40347671714798,23.254875922172417],[77.40346889540129,23.254770886164412],[77.40346754605443,23.25475277113859],[77.40346303203921,23.254692151587435],[77.40371522680093,23.254617861587544],[77.40376410320124,23.25458462673654],[77.40392050279114,23.254533796922125],[77.4040123881747,23.254504470741093],[77.40418051928312,23.25443409078823],[77.40433691943088,23.254402811164947],[77.40452264377657,23.254369575910374],[77.40463551609271,23.25435643522624],[77.4049755832829,23.25546034179473],[77.40512669237842,23.256234774222108],[77.4050813589984,23.257092314791947],[77.40507002629256,23.25811607566314],[77.40510780278959,23.258410737568447],[77.40513046910402,23.25844473698432],[77.40517957991007,23.258474958807195],[77.4052400227549,23.25848629225744],[77.40528535647111,23.258497625301356],[77.40532313299107,23.258501403012023],[77.40537224282225,23.258505181137153],[77.40553015681087,23.258514139841235],[77.40555407489713,23.2586895349213],[77.4055773510209,23.258860217957942],[77.40558630984066,23.258925916241196],[77.40569170491199,23.259262549321814],[77.4058853579921,23.259196230668106],[77.40589957538334,23.259215312241906],[77.40595191525313,23.2592855563043],[77.40598519325533,23.259268041644052],[77.40605350093304,23.259285555883014],[77.40609553596278,23.25929431389637],[77.40610827449821,23.25930013725506],[77.40615683833535,23.25932233659899],[77.40616466839583,23.259332658415875],[77.40619537137503,23.259373129875076],[77.4062181401584,23.259402905862917],[77.40623740565864,23.25941516635304],[77.40628351205457,23.259401195432968],[77.4062952047168,23.25939765093317],[77.40633366830144,23.25946384264533],[77.40637051861691,23.259527261159803],[77.40644008803079,23.259603060111136],[77.40648786768887,23.259655119155173],[77.40656843626068,23.259730433356356],[77.40657238760012,23.25974265889562],[77.40662448359065,23.259903828973087],[77.40668753728468,23.260052704666272],[77.40664199907819,23.26006146272603],[77.40655792680747,23.260066716567145],[77.40650188013468,23.260085983761055],[77.40649837711648,23.26010524977466],[77.40649902052702,23.260106724963038],[77.40651320279017,23.260139226053962],[77.40658244846207,23.260297912983457],[77.40672736790358,23.260618011748807],[77.40677336031173,23.260863641222656],[77.4068318791572,23.26111460055182],[77.40686443730789,23.261254221538074],[77.40684497925842,23.261321158076004],[77.40677686256761,23.26155547660872],[77.40675584513988,23.261681582742295],[77.40676460191163,23.262150980792452],[77.40697960216949,23.26245694060986],[77.40671731193531,23.262604614168794],[77.4067070714191,23.26258795520966],[77.40658595056289,23.262390933611957],[77.40633724085464,23.262583596647602],[77.40615508711433,23.26269043681485],[77.40605491393246,23.26270217724137],[77.40577326446365,23.26282530077148],[77.40588355486143,23.263021907578555],[77.40564866087216,23.263124737018195],[77.4054247189085,23.263193112451702],[77.4048081974458,23.263482106874243]]]]},"properties":{"zoneNumber":4,"zoneOfficerName":"Mr. Rajender Ahirwar","zoneOfficerMobile":"9424499904"}},{"type":"Feature","geometry":{"type":"Polygon","coordinates":[[[77.40361382876637,23.279712444423883],[77.40372476918465,23.2813934740944],[77.40371883500517,23.281680661446387],[77.4037149437717,23.28171308492485],[77.40364935105667,23.282164242962892],[77.40357590237083,23.28264039395836],[77.4034709120486,23.283297057703038],[77.4034019112796,23.283688639700415],[77.403293916025,23.284300888921805],[77.4032486006106,23.284526508392442],[77.40314457599396,23.285427336395134],[77.40309977953386,23.285815254008916],[77.40313727386776,23.28639640971608],[77.40317711196076,23.2870220912941],[77.40323100896767,23.287694638922137],[77.40329349767855,23.288381476700277],[77.40330100948391,23.2884840019771],[77.40330114933046,23.288485952640173],[77.40330119054808,23.2884865430792],[77.403116143649,23.288565602897762],[77.40014901181537,23.289843036973306],[77.39676703603628,23.290440612072913],[77.39397682451477,23.290752171805547],[77.3928986997524,23.290900252190667],[77.39225856159905,23.290888389907266],[77.38908589134498,23.29086747955171],[77.38699312520995,23.290648057416877],[77.3851186433697,23.290205621261816],[77.38510287800575,23.290197041877253],[77.38508239936367,23.290192466926563],[77.38386121442794,23.28952133225736],[77.38274457963907,23.288913663221],[77.3808286795898,23.287877773863034],[77.37988956099804,23.287338603199547],[77.37750325151202,23.286027142843093],[77.37704720036191,23.285709380972072],[77.37590720884437,23.285061288302458],[77.37586891144998,23.285039515360424],[77.37591245339084,23.28491872717863],[77.37629125303225,23.28454070860603],[77.37691496591691,23.2838482834409],[77.37704293301262,23.283711896652964],[77.37739148217746,23.28315989363277],[77.3774541070454,23.28306071443515],[77.3776100057878,23.282719604611824],[77.37770211044192,23.28251808191521],[77.37737482068984,23.28170757565345],[77.37709297816816,23.28131045913336],[77.3772071537315,23.28128727310567],[77.37773135933358,23.28109592792096],[77.3778130789206,23.281054071860897],[77.37782992607397,23.28103047778821],[77.37771177653534,23.280821775106762],[77.37743764776333,23.280373183305763],[77.37716069523941,23.279883620899863],[77.37690891992675,23.27944161639202],[77.37677324054194,23.2791464793224],[77.3766085406875,23.278703589252082],[77.3765529194218,23.278454508025394],[77.37651570132543,23.278318041032772],[77.37650911010041,23.27823492203548],[77.37647103867866,23.277754806037525],[77.37653058805824,23.277236233067125],[77.37656036202988,23.276720140636748],[77.37652066274033,23.276238786061924],[77.3764313388997,23.27559367081426],[77.37636930877756,23.275325699602348],[77.37621299342776,23.274854270314066],[77.37606412034094,23.274221560582742],[77.37609333484025,23.274086727217014],[77.37622035708097,23.274050119384142],[77.37716630510273,23.274145079111968],[77.37778902316927,23.27420534206847],[77.37824190976048,23.274141426783537],[77.37849757128595,23.274059250136276],[77.3790308075862,23.27367393181696],[77.37933212428393,23.273390878120146],[77.37988362198972,23.273286787033356],[77.38008449930588,23.273270351412705],[77.38009881984684,23.273350140831944],[77.38021233005803,23.2739825517854],[77.38028354994589,23.274411697788633],[77.38037485811483,23.2746527498082],[77.38042781631344,23.275116592712003],[77.38048077483498,23.275386863991688],[77.38051912401257,23.27550191193832],[77.38055747286141,23.27554573896318],[77.38062869344346,23.275574957886654],[77.3806706410505,23.275570023365532],[77.38069078240717,23.275567653329777],[77.38074921878213,23.275540261201236],[77.38090809530458,23.27541790922287],[77.38110166712362,23.27526998979055],[77.38132445841363,23.275341210391787],[77.3814102870762,23.275105635704993],[77.38152059229459,23.27490740701232],[77.3815709884334,23.274756840606155],[77.38155637890074,23.274382478658314],[77.38156550978479,23.273898547917298],[77.38158011917105,23.273626451571626],[77.38157829343447,23.273414618010023],[77.38156916195783,23.273084083714405],[77.38161299029223,23.273009210736816],[77.38174082132294,23.27298729805641],[77.38199830923989,23.272979993269153],[77.38217727240169,23.27297086240709],[77.38215353228411,23.272631198310794],[77.38284199236016,23.272649458839776],[77.38370393646248,23.27266224174379],[77.38371830033792,23.27271525058997],[77.38378063471363,23.2729452961637],[77.38386281166498,23.272987297686424],[77.38390312484671,23.27298815488038],[77.38403447009651,23.272990950193304],[77.38435952559175,23.27299095041462],[77.38474033942929,23.273107624612734],[77.38478867243597,23.27312243307272],[77.38548139029571,23.27329336602551],[77.38581679736883,23.273336093040925],[77.38598377815441,23.27336087055354],[77.38607672311511,23.273377630824626],[77.38610254555013,23.273378587613745],[77.38612932622912,23.273361371713158],[77.38613662618167,23.273355730800542],[77.38620426781061,23.273314598267966],[77.3862307057434,23.273302074990422],[77.38628426490962,23.273286772207037],[77.38631391438196,23.27328294564426],[77.38635408283673,23.27327338201978],[77.38638946983137,23.27325999242364],[77.38643633475678,23.273241821076738],[77.38647172198087,23.273223648773094],[77.38650997912562,23.273205477120985],[77.38653157905836,23.273195435165665],[77.38658012907239,23.273175390570632],[77.38671709066601,23.273124259458772],[77.38679561454211,23.273111475598387],[77.38692527161156,23.273118781448844],[77.38705310325066,23.273124258558926],[77.38721380392508,23.273131563695863],[77.387507110961,23.27322733679559],[77.38766121210918,23.2732776560279],[77.387747554196,23.27330152324257],[77.38788582736224,23.27333975392772],[77.38821271079705,23.273416444292042],[77.3883003657802,23.27343470463109],[77.38849873053309,23.273643601667082],[77.38905456805537,23.27368671475336],[77.38948006211525,23.273719585153167],[77.38988038082458,23.273698510772114],[77.38989044915147,23.273408848692213],[77.38989094632021,23.273394529561084],[77.38994082364582,23.273398983009763],[77.3899932113456,23.27340366082373],[77.39009364945312,23.27337809468123],[77.39009775018319,23.273368252093093],[77.39010277983526,23.2733561806655],[77.39013199920058,23.27329226525468],[77.39019710468153,23.27325971229735],[77.39023061142086,23.273242958541555],[77.39025242368936,23.27319524424814],[77.3902598288311,23.273179044129332],[77.39027078579984,23.273144347074584],[77.3903453846167,23.273138495758936],[77.39036392037997,23.27313704219798],[77.390406191315,23.273124770404984],[77.39047714218805,23.27310417125593],[77.39057665108692,23.27311364873065],[77.39059218852118,23.273115128089614],[77.390597015014,23.273140865198357],[77.39060862454816,23.273202783853055],[77.39060617380174,23.273221780099],[77.39060132032043,23.27325939521317],[77.39059218874951,23.273326962312538],[77.3906067992998,23.273376267813493],[77.39061958175537,23.273410965161474],[77.39063053888341,23.273443835724418],[77.39063236530119,23.27346392418968],[77.39063371259427,23.273465080925533],[77.39074832874569,23.273563496857477],[77.3908519451826,23.27356814239011],[77.39088985280883,23.273569840929976],[77.39101037859537,23.273571666851417],[77.39111125121264,23.27352867210559],[77.39112177418373,23.273524187143042],[77.39115951168276,23.273526343095586],[77.39124960531467,23.273531492425388],[77.39137614441928,23.2735367636758],[77.39138108775725,23.273536969987354],[77.39139387094487,23.27353514374609],[77.39137378262168,23.27337261610564],[77.3913644443046,23.27319243406978],[77.39136378277007,23.273179688196645],[77.39136351677993,23.273174549573035],[77.39213468986364,23.273162442963233],[77.39213572582302,23.27316841701551],[77.3921594819505,23.273168070068706],[77.3921883214635,23.273471636008857],[77.39219394194431,23.27350404420524],[77.39246263659555,23.27337989036237],[77.39278983073154,23.273148471259404],[77.39277131940801,23.2729955007286],[77.39275618239071,23.27287042373705],[77.39275287803981,23.27285695589412],[77.39268496197656,23.27258006538656],[77.39268691821759,23.272513587850526],[77.39269677918666,23.27217854007148],[77.39269208865252,23.27208392113437],[77.39266487418111,23.271844125150917],[77.39264785411852,23.271761454349257],[77.39262652539091,23.271657856912274],[77.39261922023735,23.271414979272972],[77.39260643731343,23.271301757107512],[77.39261739401438,23.271062530626814],[77.39258452327529,23.270938353052564],[77.39258767639525,23.270821716328733],[77.39253688391132,23.270819106094997],[77.39210432663586,23.270795103906682],[77.39208598284424,23.27079408690487],[77.39215516484857,23.27005247516207],[77.39234725130541,23.267846910324206],[77.39235349084414,23.26784719121125],[77.39235404994741,23.267835793624247],[77.39329612039909,23.2678895845761],[77.39488333223979,23.267872303658336],[77.39488374700286,23.26786994112201],[77.39489187185163,23.267869847774755],[77.39507101944349,23.266825705642272],[77.39471319921729,23.266826017423128],[77.39462583232856,23.266823518832837],[77.39433888372791,23.266855985977475],[77.3932789683428,23.26696973056665],[77.39325250114237,23.266516513123275],[77.39333689413711,23.265974261036202],[77.39346420609346,23.2652983902088],[77.39352872293567,23.264949411840124],[77.39354925064094,23.264776388713074],[77.39363722889368,23.26428664606672],[77.3936958807655,23.263884880958607],[77.39378356792035,23.263211751771745],[77.3937985218367,23.262799823098835],[77.39371994074776,23.262017134037237],[77.39352791822454,23.260585779187043],[77.3935228140747,23.260525133554047],[77.39400726316946,23.260260201157983],[77.39406965534151,23.260226080971087],[77.394083370308,23.260208509194005],[77.3942063645514,23.260050921291704],[77.39434307497743,23.259935570959588],[77.39529171095377,23.259387787100056],[77.39533419837517,23.259425420312084],[77.39537820688412,23.259466044321922],[77.3955307452528,23.25988430515918],[77.39575289927407,23.260713111273493],[77.39578815398401,23.2608656317646],[77.39575804349346,23.26148941913705],[77.39575633181165,23.26155197644078],[77.39663096934129,23.261590423317966],[77.39754055778496,23.261613947071467],[77.39834429017641,23.26161786683516],[77.39874815288972,23.26162435889103],[77.39877442003718,23.261624780791532],[77.39886644524978,23.262100343100844],[77.39896956260374,23.262546382621696],[77.3990263714465,23.262769081301233],[77.39904417341809,23.262857746312985],[77.39914785938366,23.26324176619583],[77.39927872687002,23.263787468130754],[77.3993012783692,23.263846764798775],[77.39953734536614,23.26429312209143],[77.39968753795786,23.264560416408877],[77.39976967245875,23.264877485955967],[77.39992173887462,23.265263018043314],[77.4001508479827,23.26567795970113],[77.40034940946121,23.266039442853387],[77.40051233058185,23.26629909984324],[77.40058681332386,23.266383775007352],[77.40070128289769,23.267246084363236],[77.4007370442787,23.26774276724138],[77.40078704789707,23.268507832451654],[77.40088205646981,23.26913288383269],[77.40105207175813,23.27012383287696],[77.40084705281309,23.270182972682406],[77.40017199607935,23.270307984435313],[77.39940244208171,23.270421797107044],[77.39940021608795,23.270433605419715],[77.39938725809475,23.270435482010168],[77.39921485052791,23.271416840597844],[77.3991479163526,23.27218939693686],[77.39913317593621,23.272263097444053],[77.40064093522444,23.272197442652313],[77.401309743297,23.27217527639556],[77.40150849535573,23.272118688698846],[77.40178358576836,23.27203672870031],[77.40209023055402,23.273099760141616],[77.40236143021654,23.274039909566692],[77.4023620820738,23.27404219306218],[77.40227428027094,23.274075068964194],[77.40224289743718,23.27423568189608],[77.40221152992004,23.27439484777624],[77.40212708925452,23.27455911359561],[77.40198283244207,23.27483599840153],[77.40168102263497,23.274882650395178],[77.40144048573019,23.274778015816853],[77.40124961527525,23.27436097357609],[77.40094409463795,23.274385856856025],[77.40078132261577,23.274411524310537],[77.39986887853586,23.274536328737078],[77.39926471412944,23.27464242638639],[77.399258667662,23.274651629767163],[77.39916598531157,23.274792730205064],[77.39907314987872,23.274978400037277],[77.39897736803556,23.275131651781624],[77.39891066358763,23.27519390802374],[77.39888895339027,23.275214171855215],[77.39870508027444,23.275419329874616],[77.39840140181057,23.27572153943693],[77.39836358034441,23.27575550860889],[77.39779349626296,23.27590897431354],[77.39773884575462,23.275923370685206],[77.39722235972306,23.27607128540582],[77.39701976921155,23.27612447983876],[77.3968013340197,23.276175410395105],[77.39662354004422,23.27615185380224],[77.3966116602442,23.276150941968893],[77.39656521325011,23.27614523109338],[77.39655748511662,23.276144129587827],[77.3965811561363,23.27646712634501],[77.3966045021778,23.2765974720704],[77.39662512642494,23.276712625012745],[77.3966369933209,23.276977508344245],[77.39656100334372,23.27715598916237],[77.39667092750523,23.277366677843723],[77.39752284562307,23.276925145716064],[77.3982444809465,23.276559852074794],[77.39826117444227,23.276551401786907],[77.39827766298563,23.27657521942303],[77.39848747914213,23.27694313030135],[77.39867155974359,23.277265913035702],[77.3989207232402,23.277690955816976],[77.39895261188924,23.277679511060615],[77.39954363131991,23.277401487422047],[77.39967737198789,23.27735568467235],[77.3998001216,23.2773355322393],[77.40037985362505,23.277352334781625],[77.40033325703016,23.27786317188867],[77.40031493747387,23.278269894149084],[77.4003057756111,23.278559362232397],[77.40035707355804,23.278852494887342],[77.4003845558986,23.2790870022634],[77.40039794056688,23.279146491203477],[77.40043402243207,23.279306850688158],[77.40050547343569,23.279286698234493],[77.4005970768642,23.279284866383083],[77.40063921480905,23.279284866192018],[77.40077662112452,23.279270210220066],[77.4008472227835,23.279237523866037],[77.40087555265733,23.279224408283508],[77.400907092297,23.279192094265834],[77.40109906670777,23.278995397779568],[77.40120532797255,23.27889280138756],[77.4013702152084,23.27879386937183],[77.40153784790596,23.278688717285405],[77.40157174430098,23.27866745512676],[77.40164029182486,23.278598907026545],[77.40172563890171,23.278513560390234],[77.40172747087938,23.278445773292372],[77.40160838570185,23.278163632654817],[77.40153327014593,23.277987753017552],[77.40146914734355,23.277551717887633],[77.40148930043911,23.277469273864497],[77.40168350055328,23.27719262986509],[77.40189235786433,23.27690132921913],[77.40217449920266,23.27652025681415],[77.40232472904026,23.27637735425783],[77.40240694029502,23.276347647731],[77.40254274663938,23.276298575450344],[77.40286152933388,23.276236284132217],[77.40304905411992,23.276222826838424],[77.40305471014575,23.276252617549666],[77.40353141482207,23.27876336427791],[77.40353150778932,23.278763852400864],[77.40361382876637,23.279712444423883]]]},"properties":{"zoneNumber":3,"zoneOfficerName":"Mr. Umakant Sharma","zoneOfficerMobile":"9424499903"}},{"type":"Feature","geometry":{"type":"Polygon","coordinates":[[[77.40846844916392,23.22098403763376],[77.40846232604146,23.220985117943556],[77.40631834278543,23.22132658688076],[77.40627290822889,23.221334433196247],[77.40627241974899,23.221332640298847],[77.40622347844284,23.221152745873987],[77.40621387188766,23.221120227047987],[77.40609170864603,23.220780712410967],[77.4060555409284,23.22062081184872],[77.40601556564572,23.2206265233024],[77.40598893934435,23.220517218774823],[77.40571670644965,23.220556091165573],[77.40572933180665,23.220345129224302],[77.40586328074366,23.220087812990126],[77.40585810530482,23.220046405958357],[77.40561510315172,23.219940482252074],[77.40572693830933,23.219683499867624],[77.40555964392303,23.21955802989436],[77.40545092043014,23.219476487254596],[77.40537474430302,23.21947064676661],[77.40527074721712,23.219641809053137],[77.40498223713506,23.220028471100324],[77.4046044982231,23.220424057430016],[77.40422973280282,23.220789898885883],[77.40381506624647,23.22100829492135],[77.40379344767624,23.2209972067548],[77.40297882775573,23.22057937231711],[77.40269385431922,23.220436903293898],[77.40269583498451,23.22043421982011],[77.40269221187387,23.220432361628728],[77.40305629918461,23.219938697685265],[77.40235394911457,23.2197277126944],[77.40219632957923,23.219522506630756],[77.40197692746156,23.21937322174471],[77.40164181714243,23.218818245910306],[77.40146355458086,23.218702084607354],[77.40107310693844,23.218538732132593],[77.40053584585073,23.218393775815176],[77.40052163816624,23.218391319768518],[77.40051037938879,23.21838690463244],[77.40050711872973,23.218386024791762],[77.40047945972792,23.218374778676296],[77.40020612759628,23.218267585197385],[77.4001314719301,23.218233286772058],[77.39990170296402,23.218139863211054],[77.39972294527146,23.218055294754883],[77.3995890126039,23.218000483663083],[77.39884545971991,23.217536206702697],[77.39883074758109,23.217515789752692],[77.39781993093975,23.216398965341703],[77.3976387973742,23.216220858291795],[77.39756341499074,23.216156936350025],[77.39764647982291,23.215937057304526],[77.39777183886058,23.21557896296067],[77.3977295461086,23.215543718203396],[77.39748279297017,23.215199241694233],[77.39754631299768,23.21509174502906],[77.39762989792973,23.21500562838896],[77.39770755765,23.21492561540504],[77.3978688020745,23.214752155000756],[77.39792743601166,23.214681304847932],[77.39799095714334,23.214564035889417],[77.39804516965587,23.21443866912589],[77.39810822589381,23.21429285188451],[77.39822060829445,23.21417802674712],[77.39832566076976,23.214068087903577],[77.3985906707742,23.213972612427042],[77.39812655322304,23.213509654614626],[77.39761976138334,23.2135430596091],[77.397100049619,23.21358351037225],[77.39714075852824,23.213728496744164],[77.39707862096526,23.21377653593359],[77.39685003014765,23.213953261562963],[77.39683537204131,23.213965477285722],[77.3968280431717,23.213992351213076],[77.39682804298226,23.214026555332666],[77.39681582692859,23.21405831505924],[77.39674253373818,23.214138937353766],[77.39675475044022,23.214163367632096],[77.39686751091276,23.21427612978874],[77.39687690482454,23.214285523193215],[77.39687918198577,23.214290583160217],[77.3969428679719,23.21443210930805],[77.39697863861616,23.214551472435108],[77.39665703854337,23.21476916658026],[77.3954558933938,23.215586595177232],[77.3943805611249,23.214288699948927],[77.39269599267249,23.21266625545606],[77.39260922972916,23.212582288090974],[77.3926075352986,23.212581059342693],[77.39259266089243,23.212566732857475],[77.39180989192442,23.21200227656496],[77.39159171796503,23.211940681048475],[77.39129186666317,23.2118529751847],[77.38996942414653,23.211863392628437],[77.38854402001674,23.2119226311371],[77.38810117105211,23.211988697792606],[77.38713356241166,23.212131114776778],[77.38703065300231,23.212166597314212],[77.3869041084344,23.212225053221452],[77.38680740365399,23.212179120845583],[77.38652841716521,23.212046611048137],[77.38565843721014,23.211904315149958],[77.38341154523204,23.211233742806584],[77.38290903020628,23.21094470856659],[77.38222688010504,23.21054333396184],[77.38154785744096,23.21015296767582],[77.38109318212302,23.20953773594066],[77.38081002733631,23.20914350464069],[77.38046191880227,23.208240827233354],[77.38046031358091,23.2082408927564],[77.38045842266227,23.20823590041522],[77.37972677204034,23.208265348795823],[77.37833778125396,23.20859747737526],[77.3778158457025,23.208656345056006],[77.37776009743077,23.208618618341063],[77.3774793103449,23.20840314540072],[77.37709526066789,23.207878932072248],[77.37677802143317,23.207473403744224],[77.37670614030495,23.20741519625668],[77.3765553552867,23.207289299192468],[77.3763901287448,23.20723434816559],[77.37610073201317,23.20713336272955],[77.37470984593016,23.206857166586662],[77.37412789791033,23.206738070205528],[77.37336857499074,23.20657824144247],[77.37224135811552,23.206337499072863],[77.36962144583434,23.20552421688483],[77.36979613376685,23.20488407429612],[77.37018346318854,23.203473718683075],[77.3702252575696,23.203478852094644],[77.37068629071092,23.203546592111223],[77.37127951308224,23.20356311669192],[77.37197178586385,23.20359035101143],[77.37245158785308,23.203355350063998],[77.37328570228533,23.202957492095745],[77.37363736483998,23.201996927401964],[77.37453585464922,23.201311271423915],[77.37579751114222,23.20099479187139],[77.37833532604097,23.19998486242252],[77.37952604189496,23.19927394735524],[77.37952752079161,23.199272659348477],[77.37953044106473,23.19927093805381],[77.37971682883551,23.19910783785971],[77.38026641024871,23.198629344947282],[77.38050034177942,23.19726783967649],[77.38049970909204,23.197267263903054],[77.38049975098085,23.19726701956311],[77.3804710629675,23.197241220927264],[77.37960701200463,23.19645567716654],[77.37779432266213,23.195379530457686],[77.37751601822256,23.193932915552114],[77.3774843962837,23.193242741765317],[77.37744458401987,23.19235980185844],[77.37744532312315,23.192339056029837],[77.37749996689823,23.19137321225556],[77.3774817425458,23.191321560878617],[77.37748159156041,23.19132113320506],[77.3774803490833,23.191317608764066],[77.37725533032844,23.190679853834045],[77.37572897252221,23.18994062399794],[77.37387772798205,23.18946344633389],[77.37251226605719,23.188906258585252],[77.37170237241746,23.187609124537133],[77.37083804168684,23.184447996895596],[77.36976821072118,23.182874815397454],[77.36928872377305,23.181800568950745],[77.36888064518983,23.180143048221222],[77.36897985501346,23.178648963367152],[77.36948709582548,23.17759546757099],[77.37033078600803,23.176090555035522],[77.37007052693458,23.17495079816152],[77.37065386710029,23.173739246321436],[77.37075072692417,23.173621707121036],[77.3710290862908,23.1734078110165],[77.37183779242815,23.172959505915728],[77.37251464431215,23.172678217416276],[77.37291020742276,23.172555153259488],[77.37324293504939,23.172535791941883],[77.37354658404854,23.172483204550115],[77.37378916270796,23.1724102608336],[77.37397237094582,23.172355977292547],[77.37427262665365,23.17223044705624],[77.37452029454154,23.172106612333028],[77.37466787859717,23.17204554327956],[77.37484260373168,23.171974295945173],[77.3749460819342,23.17194715381306],[77.37521071464904,23.17189117409979],[77.37544141959407,23.171865729175003],[77.37559070048138,23.17188608510722],[77.37574676475052,23.17192170868552],[77.37617594482623,23.171996349382542],[77.37638629304591,23.172021794051613],[77.37660896553763,23.172008478877267],[77.37693987811572,23.171888741100723],[77.37728385211784,23.17167974431805],[77.37755816106994,23.171475101179876],[77.37782811536336,23.171327061984112],[77.3780479974695,23.171242157032715],[77.37821562957382,23.171229094747826],[77.37856395947627,23.17118773137423],[77.37899501512976,23.171135480854183],[77.37913216853097,23.171111533901875],[77.37929327118758,23.17104186774663],[77.37945437335284,23.170874234825714],[77.37961547376027,23.170684831565733],[77.37964448202409,23.170658891946935],[77.37976397256362,23.170207597098198],[77.37979732005122,23.17002002124978],[77.37984117322753,23.169927577781092],[77.37997260147893,23.169776436354542],[77.38008562858106,23.169676551036517],[77.38024071259761,23.169543809404924],[77.38037476896523,23.169397924730735],[77.38046224533304,23.169224467856562],[77.38052127092105,23.169110106167317],[77.38047146745872,23.169008655392062],[77.38043457561044,23.16886293516413],[77.38039111002871,23.168698223203556],[77.38184250426386,23.167988025742762],[77.38517117522723,23.169633411659866],[77.38807924906286,23.171009780319313],[77.39020825057719,23.173004532762665],[77.39050424576916,23.173950699940512],[77.39264053005407,23.173930470423826],[77.3945847054707,23.17280424741686],[77.39578511193623,23.17284486771864],[77.39785027767219,23.173379810190703],[77.39943435908498,23.174242783879574],[77.40000381931577,23.174249190327185],[77.40124674964335,23.174538391837643],[77.40136531130845,23.17479082659253],[77.39959982319165,23.178648510291502],[77.39973371772452,23.179737841845196],[77.40022514998275,23.179556079066515],[77.40025604906704,23.17955248177688],[77.40165629941173,23.179389461636852],[77.40167508225379,23.179385937938754],[77.40281688345372,23.179171731663345],[77.40294424510031,23.179149552837064],[77.40386963984652,23.17898840530298],[77.40398207522277,23.178968825895545],[77.40475480871015,23.178834510141762],[77.40483854139923,23.17882532117613],[77.40544012611271,23.17875930083333],[77.40580809767795,23.1787189176394],[77.40638144768184,23.178802293172666],[77.40696831372439,23.178852499689295],[77.40698286390702,23.178861489086586],[77.40698648225951,23.178863724243175],[77.40722038260981,23.179008222451362],[77.40722049173168,23.179011220174637],[77.40723394124086,23.179381144575842],[77.40796136190393,23.179506887978775],[77.40804247415518,23.179517210856996],[77.40874640152047,23.179606801828527],[77.40904335286623,23.179644596373667],[77.40938353610207,23.17974694464574],[77.40950659540563,23.179783968797302],[77.40967278673182,23.17985388483381],[77.40997163815395,23.17997960957215],[77.41038473042805,23.179988147235328],[77.41038932457707,23.17998574731178],[77.41063262423108,23.179858660980774],[77.41064077600036,23.17976084015274],[77.41025633040917,23.17966820536296],[77.41025244421404,23.17966378089604],[77.41019084712653,23.17959366908164],[77.41011082867239,23.179502589144974],[77.41012564178382,23.17919543168764],[77.41024878265718,23.179103294435066],[77.41041275999125,23.17898060244381],[77.41046075141679,23.178963074842958],[77.41093297392321,23.17879061134284],[77.4105120001093,23.177975751652557],[77.41048145482371,23.177916627060977],[77.41022460450216,23.177546351661512],[77.40997250662392,23.1771829288811],[77.40984364129017,23.17682567065523],[77.40984612084772,23.176825097923686],[77.41024837569118,23.17673215535723],[77.41103428350921,23.176550567806544],[77.41108763758345,23.176097483172118],[77.41131282044128,23.176035401409404],[77.41140215042985,23.176078682218776],[77.41149212062331,23.17612227280214],[77.41150847822851,23.17612311224911],[77.41182271678984,23.176139223043233],[77.41183771712448,23.176139992037854],[77.41201538115068,23.17612323537742],[77.41215081575375,23.175742328710403],[77.41215199971961,23.175738999628493],[77.41230099930866,23.175666523035282],[77.41237023674447,23.175602738306857],[77.41238666410251,23.175587604823622],[77.41257775157197,23.175537253787258],[77.41266000690425,23.17551558036786],[77.41295257545372,23.175412791818072],[77.41316406410121,23.17526177286134],[77.41324496590956,23.17521172340194],[77.41322898619488,23.174996711829866],[77.41335428956091,23.17491469346577],[77.41335787998963,23.174912343045833],[77.41362789507325,23.17511653939804],[77.41363448120173,23.175116716591422],[77.41381521336424,23.175121614126173],[77.41403594445802,23.1751275942748],[77.41403823783527,23.175126298999203],[77.41427470517137,23.174992770741138],[77.41444644413296,23.174895794155223],[77.41491454042168,23.17447904542153],[77.41492134404552,23.17446801703299],[77.41496269598716,23.174400995995256],[77.41503307125184,23.174284030392112],[77.41529370260669,23.17385085043818],[77.41532952674766,23.173367072371484],[77.41533125368261,23.173343755269084],[77.41533163737397,23.173343026315802],[77.41539926793229,23.17321425440382],[77.41548444174788,23.17305207831634],[77.41558542096159,23.172685877272663],[77.41558172039967,23.172392507290294],[77.41558231112695,23.172392047822413],[77.41581501760851,23.172211448992574],[77.41582051500131,23.172207183003337],[77.41597045840828,23.172124464715466],[77.41621046483071,23.171992060887987],[77.4163606705423,23.171909682360337],[77.41636293775986,23.171904831746975],[77.41648544733894,23.171642690817453],[77.41674234184335,23.17154420492204],[77.41667555303927,23.17123888525905],[77.41558873758366,23.166822638702797],[77.41505697208117,23.164720582281163],[77.41466003363728,23.163151500002684],[77.41438315832114,23.162007020552835],[77.41418209478181,23.161175916210205],[77.41417959529376,23.161165581304978],[77.41525615198783,23.160673613766978],[77.4169625217801,23.159687206924467],[77.41894100274153,23.15855907607184],[77.4195079041329,23.15825861939883],[77.41974641316418,23.158560371193982],[77.42036959232385,23.159182666280117],[77.4210418893016,23.15947827893349],[77.42248935120364,23.159610837081228],[77.42257132942373,23.159556418985236],[77.42265152982948,23.159503179655545],[77.42324779188631,23.15956968588339],[77.42359288851866,23.159608176838383],[77.42359668707044,23.159608600743955],[77.42385081324012,23.160568417110508],[77.42434121415918,23.160597893908523],[77.42562788844678,23.160675235149814],[77.42569698038469,23.160679388257506],[77.42572571058156,23.16068431270725],[77.42826569181403,23.16111974102638],[77.42834777688451,23.15986733188497],[77.42835674274968,23.159781490960704],[77.42938196177474,23.159801598137683],[77.42991786857414,23.159849446896896],[77.43017929844478,23.159872788404996],[77.4313230952084,23.159839565847673],[77.43225331957737,23.159830074380853],[77.43227689204778,23.159822574204306],[77.43235773262846,23.159796851643243],[77.43241943127778,23.159749391389166],[77.43242892263054,23.159678199971104],[77.43246214615907,23.159564294848266],[77.43250960593231,23.15950259671772],[77.43254757511517,23.15946937373735],[77.43255971790602,23.15943968958429],[77.43254061139174,23.159046161681538],[77.4325730064418,23.159045692642607],[77.43260695564462,23.159026294287496],[77.43263120518436,23.159011743867268],[77.43265060530697,23.158992343670082],[77.4326821291771,23.158958395040425],[77.43269667891654,23.15891717071129],[77.43271607921437,23.158871097201487],[77.43273062778513,23.158839571830125],[77.43275002819487,23.158800772933468],[77.43276700316129,23.15875712357152],[77.43279852747584,23.158735298977707],[77.43283975076868,23.158713475019873],[77.43290280012108,23.158679524659387],[77.43294402382303,23.15866255100046],[77.43295481435455,23.158653722717627],[77.43297069810502,23.15864072609551],[77.43300707289424,23.158614052292755],[77.43305072213856,23.158599502104607],[77.43313074506798,23.15858495231928],[77.43321561890134,23.15857040272884],[77.43321992428754,23.158569255204938],[77.43325199268845,23.158560703328476],[77.43326896731179,23.158553427925845],[77.43328351695448,23.15852917888796],[77.43328109227589,23.15850007939301],[77.4332731382336,23.158486158985866],[77.4332713922411,23.158483103548136],[77.43326654325266,23.158466129719677],[77.43327139153946,23.158437029858252],[77.43329163070415,23.15841127266694],[77.43329806709423,23.158403080800326],[77.43331746703956,23.158366707081907],[77.43334171616561,23.158327907622418],[77.43336354066157,23.158303658117614],[77.43339748967544,23.158281832709015],[77.43342416406777,23.158267284156786],[77.43344113908746,23.158238184004645],[77.4334435643551,23.158209084800774],[77.43344356383567,23.15818726010871],[77.43342658885229,23.1581630110396],[77.43339263986564,23.158158161385867],[77.43333201630624,23.158143611274124],[77.43330234444217,23.158142470418728],[77.43326896740936,23.158141185959206],[77.43319864406315,23.158126637003168],[77.43315741963332,23.158126637226168],[77.43310407141666,23.158133911262862],[77.43305799676237,23.158136336352328],[77.43301434799234,23.15810481183663],[77.43297069841059,23.15806358756341],[77.43290522500496,23.15794718966389],[77.43289067470805,23.157901115929935],[77.43285915127012,23.15779926840016],[77.43285281236875,23.15772954380983],[77.43285187595752,23.157719245408902],[77.43285430097993,23.15765134616344],[77.43286642620676,23.157581023237128],[77.43288384240222,23.15753094875327],[77.43288582456613,23.15752524919848],[77.432900374685,23.157437950242695],[77.4329246240786,23.157372476670925],[77.43296342356777,23.15732882783805],[77.43302889702848,23.157297302963567],[77.43308709603326,23.15728760322129],[77.43315499466848,23.15728760295136],[77.43320834362879,23.157304577937353],[77.4332713915452,23.157345801638545],[77.4333174669909,23.15737732707194],[77.43334656573141,23.157408850676756],[77.43338293968877,23.15743795041872],[77.4334120398567,23.157457349880584],[77.43343386371998,23.157481600211757],[77.43347266338913,23.157503423626967],[77.4335211620697,23.157525249437715],[77.43363028517994,23.157576172672595],[77.43370788392181,23.157610122313315],[77.43377578165101,23.157636795917284],[77.43382913138403,23.157675596192238],[77.43383022540402,23.15767690802435],[77.43385338067718,23.157704695088153],[77.43386550504182,23.157726519599073],[77.43387035506412,23.157743494235586],[77.43387277962894,23.1577653190948],[77.43389217959871,23.157852617177433],[77.43390915524084,23.157888991080537],[77.43392855430109,23.15791324116069],[77.43400372820977,23.157930216079947],[77.43407890116067,23.15793749034798],[77.43411042617167,23.15793264080367],[77.43416377515113,23.157905965982053],[77.43420499889898,23.157874441983726],[77.43422309354622,23.157859361722124],[77.4342340979895,23.157850191919906],[77.43426804695306,23.15783564187559],[77.43433109554131,23.157847766582403],[77.43435777098944,23.15786716656556],[77.43442809404691,23.157874442200722],[77.43446931772368,23.157908391292427],[77.43452994213152,23.15791324114308],[77.43455904186837,23.157920516322502],[77.4345905660506,23.157932641076687],[77.43459264649735,23.15793434260027],[77.43461724028843,23.157954465333166],[77.43463906489067,23.15797386505584],[77.43466573862653,23.158000538756152],[77.4346924136825,23.158024789008582],[77.43474818818527,23.158039338266565],[77.43479426169236,23.15804661339043],[77.4348718595873,23.158044187609985],[77.43492520944729,23.15802721404174],[77.43496885841637,23.15801993889835],[77.43500760336109,23.15801832364351],[77.43502705665945,23.158017513894826],[77.4350779810409,23.158024789111938],[77.43509479082907,23.158030951820116],[77.43515073003555,23.15805146304216],[77.4352113528469,23.158073287912085],[77.43525985200031,23.158082987225733],[77.435330175741,23.15808298688803],[77.43541262355224,23.158070863102623],[77.43546026021346,23.15805597624002],[77.43555569726817,23.158046613395456],[77.43565512009583,23.158029639013385],[77.43568986422336,23.158012265599194],[77.43570846764916,23.158002963789986],[77.43575696690183,23.15795931483937],[77.4358175913351,23.15791081606661],[77.43584013980758,23.157886463628053],[77.43587821531104,23.15784534209949],[77.43592186395942,23.157755619448487],[77.43593883850701,23.157692569679693],[77.43604796234732,23.15752039888901],[77.43616678389485,23.157399150612193],[77.4362007338061,23.157316702970874],[77.43621528292336,23.157258504352573],[77.43621043283447,23.157207580371153],[77.43620558262764,23.15716878127788],[77.43622740769064,23.157108156858666],[77.43628560658156,23.15704995824315],[77.43630015692459,23.156999034138092],[77.43630375055702,23.156952299740066],[77.43630743060632,23.15690446062063],[77.4363171309677,23.156834137770197],[77.43631713062325,23.156741989064585],[77.43633895552821,23.15666196611984],[77.43636805531331,23.156601342032342],[77.43639957998786,23.15653101922501],[77.43646990289986,23.15644372021303],[77.43655720107675,23.15639037221983],[77.43660570013591,23.156361272354534],[77.4367996969561,23.156203649642503],[77.43695731771216,23.156123626760525],[77.43708826577574,23.15607027842096],[77.43720951292906,23.15604117940827],[77.43732833593236,23.15602420413899],[77.4374419512404,23.15598014898828],[77.437447158451,23.155978129699914],[77.43762660470021,23.155837482770437],[77.4376726787312,23.15575745894462],[77.43765812924866,23.155689561426406],[77.43762175460601,23.15565561077024],[77.43754900563125,23.155609536643492],[77.43751448995074,23.15558564081862],[77.43731524816924,23.155381042983247],[77.43731453705412,23.155378469709923],[77.4373119316535,23.1553690459203],[77.43723776021196,23.1551007108634],[77.43721576507748,23.154899533022324],[77.43719593414603,23.154718150668753],[77.4372550111012,23.154582411051543],[77.43738236218417,23.154289800913542],[77.43754278068177,23.15419353421409],[77.43781084522915,23.154032669159548],[77.43797730914392,23.153961483166725],[77.43825932727763,23.153840880767635],[77.43829297454458,23.15382649169458],[77.43860866697956,23.15364356378808],[77.43911590850084,23.153349642609925],[77.43949670922835,23.15331995730098],[77.43950577840064,23.15331925014906],[77.43977512764779,23.15344484819052],[77.43992656673993,23.153515464454344],[77.44004462305786,23.15362876119437],[77.4401490109927,23.153728939283766],[77.44018327878747,23.15381928140178],[77.44019680109977,23.15385492615387],[77.44020623574764,23.15387979989577],[77.440295582085,23.154012730391262],[77.44041761643031,23.154195780573232],[77.44041826191365,23.15419616084108],[77.44045466162751,23.154217572199716],[77.440489527803,23.15423282728535],[77.44053272120404,23.15423529486845],[77.44056579960693,23.154237184879705],[77.44063306823791,23.154214458804976],[77.44072705917296,23.154182705146102],[77.4407858955441,23.154143479600013],[77.44083383759174,23.154110793128982],[77.44085055455696,23.15409407613395],[77.44085345109453,23.154091180013577],[77.44086652639128,23.15406502981585],[77.44087960084043,23.154023625972137],[77.4408708836893,23.153951712599124],[77.44086587214778,23.153930297574558],[77.44085337231313,23.15387688933962],[77.44084691283825,23.153849291922413],[77.44084691253927,23.15381224610445],[77.44084902302599,23.153765829635514],[77.44084909256878,23.153764304458477],[77.4408643472376,23.153712003008838],[77.44092972180992,23.153677136864363],[77.44101234628587,23.15366196112579],[77.44107326695669,23.153646503241834],[77.44128956830751,23.153598436123634],[77.44147746559638,23.15356129366471],[77.4416442718017,23.153509060985307],[77.4418318386839,23.15344598125341],[77.44211534253768,23.153366701801467],[77.44245022000166,23.153295666781606],[77.44263355277228,23.15327315163135],[77.44278786792748,23.153254200803186],[77.4428478878638,23.153246831037183],[77.44323667512398,23.153243658956725],[77.44330655074486,23.1532379840425],[77.44336161975241,23.153233511741508],[77.44368317872458,23.15315803715835],[77.44372341403982,23.153147673707604],[77.44393433680308,23.153093345298785],[77.44398507566642,23.153080026448404],[77.44413919560483,23.153040703118986],[77.44415191406381,23.153037647031148],[77.44428697253332,23.153005186261456],[77.44449690573971,23.15293605417159],[77.44457275083752,23.152902128620546],[77.4447195227916,23.152836479448045],[77.44492057741049,23.15276354077461],[77.44502839703817,23.152734366323706],[77.44523642698988,23.152719778868164],[77.44552754175284,23.152702019792216],[77.44571781387151,23.15269250729621],[77.44584973515678,23.15267665076606],[77.44591062196335,23.15266206264698],[77.44598229109457,23.152662063416262],[77.44606918054949,23.152655086797914],[77.44615290125368,23.152647476139812],[77.44625945330425,23.152620838382997],[77.446330487351,23.152600541805064],[77.44642118348114,23.15259229707448],[77.44648397270029,23.152594833721036],[77.44660003883142,23.152607519272205],[77.44666409672915,23.152621471864574],[77.44678777328241,23.152653817796093],[77.44697423932071,23.15271343702247],[77.44708567579293,23.152745233308675],[77.44710913369867,23.15275696265748],[77.44713977786337,23.152772285424028],[77.44721552092149,23.15279572944544],[77.44727142694248,23.152810156016983],[77.44733224890449,23.152800133278628],[77.44736159801182,23.152945412087103],[77.44740848744827,23.15310411320047],[77.44741569967492,23.153255598998417],[77.44742832434179,23.15330970221165],[77.44747223915827,23.153415173925268],[77.44764693942575,23.153648368303394],[77.44772336993461,23.153738056818188],[77.44782475762364,23.153803570074864],[77.44793316639907,23.15385426370402],[77.44797073795725,23.15386798475115],[77.44805857533343,23.153900063003334],[77.44825136967962,23.1539704714016],[77.44846818486242,23.154018044895363],[77.4487707908605,23.154087456866474],[77.44889878936735,23.154098685343044],[77.4489041554412,23.154099155755187],[77.44920676119858,23.154072638669312],[77.44936976234179,23.154081217594335],[77.4495078073708,23.15411631431568],[77.44956941914866,23.15415764920664],[77.4495882522426,23.15418434880666],[77.44958988794994,23.154186667614898],[77.44963103233914,23.154244999857937],[77.44965754871326,23.154355746792163],[77.4496478546463,23.154440711330015],[77.44950329637535,23.154828868648572],[77.44949844968336,23.154858933607315],[77.44952120119888,23.155419275557225],[77.44951461095248,23.155461351307554],[77.44952192668013,23.155610906030653],[77.4495202244658,23.15594842902168],[77.44953951802883,23.15597053322243],[77.44953960557436,23.15597233319604],[77.44970868792961,23.15618225481955],[77.44972807667341,23.156194554834713],[77.45014550183267,23.156490094727726],[77.45021416331826,23.15652824566446],[77.4514141346297,23.157237347094647],[77.4514803146028,23.157371762646097],[77.45150899986285,23.157438999975064],[77.4515800002367,23.15778099991204],[77.45160767617814,23.15801655169432],[77.45165126329583,23.15855504860418],[77.45165300018911,23.15858999975026],[77.45165940941813,23.15865569203342],[77.45168109674253,23.158923635042804],[77.45188002313027,23.15947870691055],[77.45188029744061,23.159487218895283],[77.45191159585067,23.16075494175669],[77.45192229463184,23.160929236217516],[77.45192500031118,23.161010000103893],[77.45193368470767,23.16111478678797],[77.45198856948505,23.162008870324538],[77.45198865490735,23.162009316657677],[77.45198900020962,23.162017999627246],[77.45200233650684,23.162080491623367],[77.45202216391365,23.162183636960158],[77.45192727224236,23.16239199265817],[77.45164254839784,23.163010110870708],[77.45141590754183,23.16347763725514],[77.45032073528138,23.165810979859593],[77.45010416856393,23.166253546321435],[77.44972382494149,23.16700963793725],[77.44848113655294,23.16660151362766],[77.4476916276853,23.166337010009887],[77.44663472691983,23.16661092343225],[77.44611805918497,23.166737705795136],[77.44564090784186,23.166846533742564],[77.44548255818859,23.16683987013135],[77.44483625443561,23.166805252288427],[77.44482834832318,23.166812333366092],[77.4442858486823,23.16729765573342],[77.44418928211059,23.167297605661613],[77.44301443603972,23.167285428001488],[77.44236948787977,23.167310293636216],[77.44219206305061,23.16729830557531],[77.44197627760359,23.167288433310134],[77.44182522498133,23.167281521702968],[77.44173477842466,23.167291665892787],[77.44156867908237,23.167310293836362],[77.4414392064477,23.167315089247843],[77.4413576867122,23.167315089278105],[77.44106757255524,23.167322282191233],[77.44017892608896,23.16739592342519],[77.44015030924496,23.167399772293773],[77.43939990211143,23.16732625040571],[77.43903327170298,23.167282554929674],[77.43777843115927,23.166992223833113],[77.43726253887861,23.166988177246566],[77.4369591784092,23.166909277009747],[77.43626827447028,23.16670472597916],[77.43581495005279,23.16670404221228],[77.43576715000967,23.166717321374325],[77.43566913546711,23.1667166688013],[77.43440695631935,23.16706455578592],[77.43425899018642,23.16709640806808],[77.4342421234767,23.16710998703852],[77.4341899866326,23.167124356813634],[77.43379570366652,23.167469391442626],[77.43366455810957,23.167574972971213],[77.43357835068151,23.16790234904399],[77.43354751421269,23.168037713229108],[77.43353522691326,23.168201528612542],[77.4335349465372,23.168205260837702],[77.43354751437401,23.168368621351323],[77.43357823120817,23.168460774245705],[77.43361872125138,23.1685822452502],[77.43375694871487,23.168942472807554],[77.43387842141387,23.169160284843226],[77.43423446123901,23.16953726863603],[77.43434336741362,23.16973413671794],[77.43456955677573,23.169939384391743],[77.43465963262405,23.170000012446256],[77.43478736896087,23.17008598835394],[77.43517691807696,23.170081799652078],[77.43528163619857,23.170094365817572],[77.43568642401559,23.17002228016106],[77.43589318598971,23.169985460210164],[77.43621990469069,23.170002214370857],[77.43651062417486,23.170052231257745],[77.43656641561164,23.17006182877795],[77.43660945405452,23.17006923385503],[77.4367141716581,23.17014044213868],[77.43683983285692,23.170274479736676],[77.4369068515929,23.170383385929842],[77.43691522853206,23.17055093408415],[77.43691009406272,23.17062925641728],[77.43690271716846,23.170741747008773],[77.43689847483022,23.170806444801762],[77.43684394563016,23.170975118586558],[77.43675605893941,23.171066145065197],[77.43662620885958,23.17118761721941],[77.4365131135568,23.171258824873973],[77.43638745267106,23.17134678833582],[77.43634024400663,23.17136790694603],[77.43622828206433,23.171417995196055],[77.43603979130765,23.17146826011758],[77.43586805365065,23.171493391626935],[77.43586411998245,23.171493628095284],[77.43576246497427,23.1714997266254],[77.43565861903426,23.17150595765466],[77.43538635269466,23.17149758130043],[77.43470359532786,23.17146826030966],[77.43448578332503,23.171443127607347],[77.43437268751636,23.171422183875446],[77.43427634819149,23.171422184085742],[77.4341814763047,23.171398465714187],[77.43414230910446,23.17138867523945],[77.4340543456798,23.171359353595605],[77.43388679813629,23.171279768308164],[77.43371087294005,23.171237881062375],[77.43358102309887,23.17124625937407],[77.43348049419555,23.171250446918197],[77.43341766363348,23.171271390742742],[77.43329200283718,23.171359353919268],[77.43327742077358,23.171376952669345],[77.43317053006932,23.17150595785182],[77.433023926055,23.171715393104872],[77.43289826527072,23.171815922206914],[77.43272652763528,23.171987659263202],[77.43240399790919,23.17244422697129],[77.43213173174061,23.172963626016355],[77.43202282603808,23.173043212214623],[77.43193486306504,23.17309347571214],[77.43174780117033,23.173235643037497],[77.43172542833591,23.1732526470483],[77.43171631505976,23.173274517835345],[77.43164165414548,23.17345370383242],[77.4316416540675,23.17352072401971],[77.43167935345419,23.173797177681056],[77.4316793532732,23.173890336039925],[77.43167935250287,23.17393959371488],[77.43170867396184,23.17408200879315],[77.43172714709961,23.174125114829653],[77.43182176941343,23.174345898066658],[77.43187203326877,23.174479935695203],[77.43193319856384,23.174639646245772],[77.43194743029554,23.174676804640722],[77.43209403365721,23.174923937796827],[77.43229090251154,23.175233901799945],[77.43234535628208,23.17523809106186],[77.43243750796876,23.17531767580532],[77.43249181515358,23.175341161375517],[77.43259248974812,23.175384695719472],[77.43276422621625,23.17553129966897],[77.43283231090203,23.17564023557838],[77.43283910528028,23.175651105540176],[77.43284800001102,23.175665339025752],[77.43291920807343,23.175966925410012],[77.43291342548348,23.176117280071164],[77.43291090813754,23.176182733383673],[77.43291083100146,23.176184737755836],[77.43286475525046,23.17636066268424],[77.43280230146921,23.176434828376497],[77.43273071706975,23.176519833773977],[77.43264725603204,23.176548863404765],[77.43253803595138,23.176586853144794],[77.43243582701338,23.176600950662028],[77.43241656408694,23.176603608120196],[77.43215686479392,23.176649683173867],[77.43189297558288,23.1766790039885],[77.43171286179965,23.176720890988175],[77.43153693660389,23.176758589982764],[77.43123116202057,23.17694289295765],[77.43122928954153,23.17694377037663],[77.43089187749165,23.17710206324784],[77.43087002865894,23.17710718837102],[77.43055259236993,23.177181648302287],[77.43027194912301,23.177252856419134],[77.43000806144327,23.17729893182878],[77.42979024836015,23.177370139560225],[77.42973018049368,23.1774138246417],[77.42969809657677,23.17743715933144],[77.42961013447058,23.177508366878044],[77.42956824727051,23.177604707175966],[77.42950122810862,23.17772617959425],[77.42944258572547,23.17794399189125],[77.42943002034018,23.17796493626432],[77.42942583061021,23.177977502457953],[77.42934624598495,23.178367051391493],[77.4292834161094,23.17853878768757],[77.42925828265517,23.178639316971555],[77.42922412183043,23.17869269441092],[77.42919126374666,23.17874403364428],[77.42911586658208,23.178844563349298],[77.42908654721526,23.178911581745194],[77.42908654694564,23.178917033740586],[77.42908654665925,23.17896184740701],[77.42912005601772,23.179066564122977],[77.4292708487482,23.17917965921752],[77.42940488782257,23.179221545596505],[77.42953892613178,23.179271810224705],[77.4296205792541,23.17933013415841],[77.42962688875939,23.179334640661846],[77.42972741772479,23.17939747196519],[77.42978886473063,23.179430987579966],[77.42981956923178,23.179447736089784],[77.42995360834135,23.17953150999376],[77.43000387195255,23.179611094961018],[77.42999669110785,23.17968291198894],[77.42999130572932,23.179736755695746],[77.42995217021799,23.179845133840384],[77.42993685282578,23.179887549574715],[77.42983213542448,23.180050908637064],[77.42975565615471,23.180105012314],[77.42964029280104,23.180186622582223],[77.42953473839883,23.180239400270445],[77.42934205746258,23.180352495060543],[77.42908654723657,23.180486533768605],[77.42890224437136,23.180608005656207],[77.42880590420135,23.18072529028269],[77.42878279125833,23.18077151633427],[77.42874726190412,23.18084257342744],[77.4286257885405,23.181123215757584],[77.42855876982368,23.181261444254574],[77.42848756219468,23.181320084994653],[77.42835771288468,23.18137872694976],[77.42829714467881,23.18140564641697],[77.42824461835895,23.181428992420297],[77.42815887497686,23.181473394165845],[77.42801005049039,23.181550464147925],[77.42786763425336,23.181625860643276],[77.42767495392458,23.181709634731284],[77.42752416111357,23.181726389351578],[77.42736498977985,23.181722200945558],[77.42725189531757,23.18167193599212],[77.42708434705142,23.181625860561972],[77.42690842190963,23.181571408138726],[77.42677857162599,23.18155465337045],[77.42665291066807,23.181650992933047],[77.42641861988014,23.18177019373911],[77.42641415474299,23.181772465205857],[77.42614188964332,23.181960957333562],[77.42607068195352,23.182061485711124],[77.4259575871156,23.182199712765172],[77.42594083170147,23.182287675322637],[77.42597015270859,23.182417524680517],[77.42596421804811,23.18247687361896],[77.42594502133001,23.182668846573613],[77.42590732230612,23.18281964087886],[77.42587381280018,23.182890848020413],[77.42573761098198,23.183032397424263],[77.42570857906861,23.18304091375579],[77.42570207588247,23.183050019340403],[77.42555965966433,23.183137982440353],[77.42539211204016,23.183200812211844],[77.42521199790396,23.183238510755466],[77.42502939221446,23.18324017143675],[77.42475124103834,23.183242698900294],[77.42459207014416,23.18325945358475],[77.42446222021422,23.18335579379328],[77.42431561636437,23.183498209774918],[77.42426953986912,23.183586173313024],[77.42425920210069,23.183663135237317],[77.42423184173745,23.183866815884887],[77.42421508678856,23.18403017459075],[77.42419414344451,23.184214477893377],[77.42411874725674,23.184310818007695],[77.42397214228178,23.184373649246442],[77.42375851808647,23.184394592162583],[77.42365380145628,23.184382025730105],[77.42353232862997,23.184340139075427],[77.42336976076714,23.184180812111475],[77.4232768183308,23.184076251143942],[77.4231511565537,23.184005043412903],[77.42300036445658,23.183958967091673],[77.42287889081874,23.18394640126205],[77.42270296590175,23.183975721619667],[77.42237624704072,23.18406368532589],[77.42221288837568,23.18412651508923],[77.42210816959137,23.184252175678978],[77.42207321705062,23.18436731525028],[77.42206463614721,23.184395583090218],[77.42203696192846,23.18448674429829],[77.4221081696429,23.184708745010482],[77.42231760456058,23.184960066856373],[77.42253673603193,23.185108345378975],[77.42274904110607,23.185257464803016],[77.42280349531822,23.18543757900659],[77.42280349449754,23.18554648461433],[77.42272390853698,23.18575591962694],[77.42265270113178,23.185873203554046],[77.42256427218898,23.18599378983883],[77.42256055004027,23.185998865120037],[77.42242276762168,23.18614475083751],[77.42241813390973,23.186149658279806],[77.42233854927085,23.186208299771238],[77.42215005701424,23.1862920739865],[77.42201307795293,23.186314903819053],[77.42182333792613,23.186346526788174],[77.42167254465463,23.186400979728454],[77.42155526233454,23.18643867794926],[77.42143378900843,23.186530830293993],[77.42134582597781,23.186669057217017],[77.42126624073805,23.186907812806965],[77.42126914277638,23.18691796789895],[77.4213117151088,23.187066970305704],[77.42131650636895,23.18708373801681],[77.42134163826975,23.187205211430566],[77.4214296010448,23.187280607352324],[77.42145164157125,23.187280607441828],[77.42150119245684,23.187280606889527],[77.42158039419795,23.18728060685945],[77.42171862084598,23.18724290929644],[77.42181077234052,23.18720521054681],[77.42193224510062,23.1871591353856],[77.4220914150206,23.187046040287246],[77.42246190921045,23.186890886555382],[77.42264432355728,23.186874302997207],[77.4229333444049,23.186886870003708],[77.42305900478266,23.18707117172119],[77.42318047830084,23.18734762701585],[77.42319723233733,23.187565438649777],[77.42318047848238,23.187712044367743],[77.42307157063573,23.18790891346759],[77.42297646835961,23.187993773915395],[77.42279930598157,23.188151857098507],[77.42246420972056,23.188704765581775],[77.4223533219018,23.188911645799394],[77.4221835665017,23.18922835362142],[77.42195737720088,23.18950899667343],[77.42183171608863,23.189580204035163],[77.4217102434724,23.189638846025982],[77.42159714913295,23.189643034846963],[77.42155845141544,23.189638198208147],[77.42146310978507,23.189626279761818],[77.42133744902621,23.189609524831923],[77.4211447685861,23.18960533694844],[77.42099816374142,23.189710054125978],[77.42077865120245,23.18981870239242],[77.42058348312621,23.189915301027927],[77.42023582137014,23.19002839580968],[77.42012272638603,23.190057715570507],[77.41997612054404,23.19009541486859],[77.41975013686441,23.190144720267874],[77.41974574273436,23.190145678806864],[77.41974045914661,23.190147943174257],[77.4195404958216,23.190233642177013],[77.41943996661472,23.190283906212045],[77.41931430627167,23.190309038646006],[77.41920121081522,23.190288094834475],[77.4190797392674,23.190195944220658],[77.4190262940413,23.19014447804593],[77.4189666442217,23.190087036953564],[77.41883679373299,23.189932055300925],[77.41872788844864,23.1898147721119],[77.41865668005688,23.18975612998958],[77.41854358541136,23.189697487982723],[77.41838022597138,23.189668167239976],[77.41816660228616,23.189663978770504],[77.41799905366204,23.189689111083954],[77.41777705305624,23.189730997630008],[77.41753410755612,23.189747753239228],[77.4171465649229,23.18972465928291],[77.41670259204481,23.189965122812854],[77.41618863270365,23.190317250914017],[77.41556525686919,23.190567399051957],[77.41493122776407,23.190579599800497],[77.41423222767294,23.190720583907932],[77.41389289060479,23.19122431193911],[77.41400260842434,23.19190927277595],[77.41419470599249,23.192400479889578],[77.4142157421034,23.192832488301672],[77.41472748509838,23.193146980354086],[77.41494920676695,23.193523406885465],[77.41447883912157,23.193959404908526],[77.41381482981376,23.19430300380955],[77.413116491263,23.194763547033535],[77.41222150557945,23.195362059615405],[77.4117206376918,23.195725182403905],[77.41143446447839,23.195805499408937],[77.41079932530349,23.195601341099096],[77.41042456155883,23.195217154288482],[77.40999526427474,23.19553636477995],[77.40992839960461,23.195991412344636],[77.4099280183993,23.196217611851594],[77.4099571950043,23.19639964626464],[77.41034546735251,23.197004115622935],[77.41034610420672,23.197003986295837],[77.41045066410999,23.197005981361375],[77.41056673320472,23.196838511391682],[77.41063533611238,23.19676408379098],[77.41077549579583,23.19656079344629],[77.41084600363193,23.19651098317117],[77.4110230775577,23.196411448256566],[77.4110438725953,23.19640799833804],[77.4112119372734,23.1963884230648],[77.41123099633843,23.196376956931967],[77.41123723366705,23.196375921743606],[77.41128451757547,23.196347494757475],[77.4113989448195,23.197306556148757],[77.4115147992961,23.19840498528464],[77.41156658002545,23.199169124295786],[77.41163303970221,23.200149878014436],[77.41159518628692,23.20016241833849],[77.41113485371808,23.20030779990511],[77.41113442791243,23.20030766144878],[77.41069889081541,23.200445485206295],[77.41070164752831,23.20045843059313],[77.41083212421009,23.201071746688502],[77.41095761507303,23.201629883905195],[77.41112759930311,23.202108046161946],[77.41147559047248,23.20262574531403],[77.41150197874056,23.20266500424053],[77.41205911757116,23.203273078827703],[77.41222226441826,23.203454225802727],[77.4123556701865,23.203602351791467],[77.41237931091257,23.203652932660404],[77.41266186637311,23.204257468336202],[77.41268017637982,23.204273125400668],[77.41282564528221,23.20439751099144],[77.41302797041342,23.204664021735454],[77.41316981758871,23.204850870026185],[77.41324537525611,23.204907771146722],[77.41336208006383,23.204995659721558],[77.4132567297631,23.205199881311376],[77.41325815955081,23.20525193822819],[77.41325075585382,23.20543952241054],[77.4134262922881,23.205599360188295],[77.4136563541878,23.20577831785577],[77.41364431705487,23.206070181819275],[77.41364970380972,23.206089353833455],[77.4136487699325,23.20612408956073],[77.41380937912704,23.206675202090565],[77.41388947656246,23.206820814758068],[77.41398396476968,23.20685894186203],[77.41395731220013,23.20694413627578],[77.41384132760795,23.207122491988546],[77.413835962297,23.207130116959778],[77.41369491423848,23.20711803478376],[77.41344813209885,23.20707438526331],[77.41339055877167,23.2073277054078],[77.41330707914872,23.207845858052053],[77.41329556545783,23.20794661035376],[77.4133272297676,23.208087662800494],[77.41337040850706,23.20815962861095],[77.41340783151084,23.208364012410232],[77.41345101081542,23.208643239000633],[77.41377629583647,23.208980039199375],[77.41395189205237,23.209288052000243],[77.41410158070371,23.2096363661452],[77.41433187203985,23.20988968599143],[77.414413410557,23.210308252628717],[77.41441823057488,23.210332995117223],[77.4144050112686,23.21032638507933],[77.41435490061664,23.21030132988432],[77.41422248411162,23.21049995629391],[77.41408718774541,23.210828120033124],[77.41396916412985,23.211078561117603],[77.41387992665295,23.21126567244315],[77.4139864363217,23.211481569406292],[77.41422248380317,23.211714737989084],[77.41449307528791,23.212074566571555],[77.41458641837627,23.2121240098821],[77.41459270960479,23.21212607905236],[77.41459361467629,23.21212721735568],[77.41527013371575,23.212350116923815],[77.41542301623497,23.212400162729175],[77.41561862035738,23.212382580330015],[77.41657432508394,23.21222425574888],[77.41682764482736,23.212178197095078],[77.41708672145697,23.21208896024796],[77.41723928863388,23.212077444684628],[77.417567452649,23.212097596278852],[77.41776780220412,23.21217218322531],[77.4177782554313,23.21217788853921],[77.41788410222054,23.212287585309703],[77.41804818382404,23.212454545723194],[77.4181806009992,23.21268771507495],[77.41832165362645,23.213059058804948],[77.41830726106255,23.213171324800097],[77.41817196516212,23.213464945245786],[77.41808560641326,23.21366357099169],[77.41793015979779,23.21385931772876],[77.41772577844766,23.214127031182336],[77.41762502486675,23.214302627027806],[77.4176595687374,23.21466245590539],[77.41738609928807,23.214875474962195],[77.41717020222123,23.215036678235286],[77.41702051277616,23.215079857358276],[77.41669810630938,23.21511440134467],[77.41657144732008,23.215062586135893],[77.41649372437013,23.215059706808287],[77.41646646699867,23.215130876827434],[77.41644190805363,23.21519500304624],[77.4163641852978,23.21527848273872],[77.41616843758344,23.215477107988352],[77.41609764009097,23.215480231671275],[77.41597269142623,23.215485743825294],[77.41595323940686,23.21567637554972],[77.41594390540237,23.215767849932583],[77.41589380514458,23.215771561281976],[77.41589006079978,23.215771839348186],[77.41586618181007,23.215773607224676],[77.41558695146722,23.215679661236315],[77.41555816785991,23.215669976865062],[77.41519546132086,23.215851329772498],[77.41517687210303,23.21584493588151],[77.4149215516934,23.215757106429123],[77.41483563177404,23.215727549096457],[77.41476465054687,23.21609064505272],[77.4147607881874,23.216110406928394],[77.41466837938387,23.2161764142647],[77.41459958351554,23.21622555173566],[77.41456089122565,23.216437274876785],[77.41437188140742,23.216508365373894],[77.4140860412954,23.216614238034282],[77.41390925817032,23.216657955185646],[77.41305607935827,23.21686894005812],[77.41281968751521,23.21692205866357],[77.41272276345619,23.217499066040137],[77.41213004982772,23.21759163509348],[77.41193588597594,23.21761668034557],[77.41163576159687,23.217770713969465],[77.41125889056545,23.217952297995982],[77.41084983450158,23.218166206403474],[77.41063623769315,23.218375954872613],[77.41051465740478,23.21848572159222],[77.41049402505307,23.218544250294926],[77.41036390056139,23.218873701112347],[77.40985646038703,23.21882389857429],[77.40973286023663,23.218811769420235],[77.40965909703408,23.21912823680145],[77.4095924719128,23.219261486623793],[77.40957819458288,23.219304316947678],[77.4095554597731,23.219323365224636],[77.40949015499993,23.219378080954655],[77.40940925264589,23.219432807623583],[77.4093259715973,23.21948039818624],[77.40928552081145,23.219492294728823],[77.4092069990334,23.21949229479652],[77.40905947174464,23.21948753586588],[77.4089534442276,23.21941638511882],[77.40869779366382,23.219244831192615],[77.40864068719648,23.21929480042693],[77.40863894436329,23.219296376387746],[77.40857745422693,23.219352010653886],[77.40849078132395,23.219430429257415],[77.4084479506836,23.21956129879116],[77.40847235363076,23.219754650084727],[77.40847888443315,23.219806384364613],[77.40847932517266,23.21990511733962],[77.40851722022973,23.219992274945753],[77.4085513253879,23.22018933010614],[77.40846844916392,23.22098403763376]]]},"properties":{"zoneNumber":18,"zoneOfficerName":"Mr. Shailesh Chouhan","zoneOfficerMobile":"9424499918"}}]}